<<<<<<< HEAD
2026-06-12 09:45:42.208 +01:00 [INF] Executed DbCommand (27ms) [Parameters=[], CommandType='"Text"', CommandTimeout='30']
SELECT 1
2026-06-12 09:45:42.289 +01:00 [INF] Acquiring an exclusive lock for migration application. See https://aka.ms/efcore-docs-migrations-lock for more information if this takes too long.
2026-06-12 09:45:42.336 +01:00 [INF] Executed DbCommand (43ms) [Parameters=[], CommandType='"Text"', CommandTimeout='30']
DECLARE @result int;
EXEC @result = sp_getapplock @Resource = '__EFMigrationsLock', @LockOwner = 'Session', @LockMode = 'Exclusive';
SELECT @result
2026-06-12 09:45:42.426 +01:00 [INF] Executed DbCommand (3ms) [Parameters=[], CommandType='"Text"', CommandTimeout='30']
=======
2026-06-12 14:13:10.398 +01:00 [INF] Executed DbCommand (29ms) [Parameters=[], CommandType='"Text"', CommandTimeout='30']
SELECT 1
2026-06-12 14:13:10.507 +01:00 [INF] Acquiring an exclusive lock for migration application. See https://aka.ms/efcore-docs-migrations-lock for more information if this takes too long.
2026-06-12 14:13:10.596 +01:00 [INF] Executed DbCommand (80ms) [Parameters=[], CommandType='"Text"', CommandTimeout='30']
DECLARE @result int;
EXEC @result = sp_getapplock @Resource = '__EFMigrationsLock', @LockOwner = 'Session', @LockMode = 'Exclusive';
SELECT @result
2026-06-12 14:13:10.769 +01:00 [INF] Executed DbCommand (4ms) [Parameters=[], CommandType='"Text"', CommandTimeout='30']
>>>>>>> 6bb5cd578a5a39f2036ef9d03d05b62c1b93443e
IF OBJECT_ID(N'[__EFMigrationsHistory]') IS NULL
BEGIN
    CREATE TABLE [__EFMigrationsHistory] (
        [MigrationId] nvarchar(150) NOT NULL,
        [ProductVersion] nvarchar(32) NOT NULL,
        CONSTRAINT [PK___EFMigrationsHistory] PRIMARY KEY ([MigrationId])
    );
END;
<<<<<<< HEAD
2026-06-12 09:45:42.439 +01:00 [INF] Executed DbCommand (1ms) [Parameters=[], CommandType='"Text"', CommandTimeout='30']
SELECT 1
2026-06-12 09:45:42.443 +01:00 [INF] Executed DbCommand (1ms) [Parameters=[], CommandType='"Text"', CommandTimeout='30']
SELECT OBJECT_ID(N'[__EFMigrationsHistory]');
2026-06-12 09:45:42.464 +01:00 [INF] Executed DbCommand (14ms) [Parameters=[], CommandType='"Text"', CommandTimeout='30']
SELECT [MigrationId], [ProductVersion]
FROM [__EFMigrationsHistory]
ORDER BY [MigrationId];
2026-06-12 09:45:42.481 +01:00 [INF] Applying migration '20260612084511_AtualizacaoModelosFrota'.
2026-06-12 09:45:42.507 +01:00 [INF] Executed DbCommand (5ms) [Parameters=[], CommandType='"Text"', CommandTimeout='30']
ALTER TABLE [Viagens] ADD [KmFinais] int NULL;
2026-06-12 09:45:42.522 +01:00 [INF] Executed DbCommand (10ms) [Parameters=[], CommandType='"Text"', CommandTimeout='30']
ALTER TABLE [Viagens] ADD [KmIniciais] int NOT NULL DEFAULT 0;
2026-06-12 09:45:42.526 +01:00 [INF] Executed DbCommand (2ms) [Parameters=[], CommandType='"Text"', CommandTimeout='30']
ALTER TABLE [Viagens] ADD [TecnicoLevantamentoId] nvarchar(max) NULL;
2026-06-12 09:45:42.531 +01:00 [INF] Executed DbCommand (2ms) [Parameters=[], CommandType='"Text"', CommandTimeout='30']
ALTER TABLE [Viagens] ADD [TecnicoRecebimentoId] nvarchar(max) NULL;
2026-06-12 09:45:42.537 +01:00 [INF] Executed DbCommand (3ms) [Parameters=[], CommandType='"Text"', CommandTimeout='30']
INSERT INTO [__EFMigrationsHistory] ([MigrationId], [ProductVersion])
VALUES (N'20260612084511_AtualizacaoModelosFrota', N'9.0.16');
2026-06-12 09:45:42.548 +01:00 [INF] Executed DbCommand (7ms) [Parameters=[], CommandType='"Text"', CommandTimeout='30']
DECLARE @result int;
EXEC @result = sp_releaseapplock @Resource = '__EFMigrationsLock', @LockOwner = 'Session';
SELECT @result
2026-06-12 09:54:05.886 +01:00 [INF] Executed DbCommand (25ms) [Parameters=[], CommandType='"Text"', CommandTimeout='30']
SELECT 1
2026-06-12 09:54:05.970 +01:00 [INF] Acquiring an exclusive lock for migration application. See https://aka.ms/efcore-docs-migrations-lock for more information if this takes too long.
2026-06-12 09:54:06.014 +01:00 [INF] Executed DbCommand (40ms) [Parameters=[], CommandType='"Text"', CommandTimeout='30']
DECLARE @result int;
EXEC @result = sp_getapplock @Resource = '__EFMigrationsLock', @LockOwner = 'Session', @LockMode = 'Exclusive';
SELECT @result
2026-06-12 09:54:06.083 +01:00 [INF] Executed DbCommand (3ms) [Parameters=[], CommandType='"Text"', CommandTimeout='30']
IF OBJECT_ID(N'[__EFMigrationsHistory]') IS NULL
BEGIN
    CREATE TABLE [__EFMigrationsHistory] (
        [MigrationId] nvarchar(150) NOT NULL,
        [ProductVersion] nvarchar(32) NOT NULL,
        CONSTRAINT [PK___EFMigrationsHistory] PRIMARY KEY ([MigrationId])
    );
END;
2026-06-12 09:54:06.095 +01:00 [INF] Executed DbCommand (0ms) [Parameters=[], CommandType='"Text"', CommandTimeout='30']
SELECT 1
2026-06-12 09:54:06.099 +01:00 [INF] Executed DbCommand (1ms) [Parameters=[], CommandType='"Text"', CommandTimeout='30']
SELECT OBJECT_ID(N'[__EFMigrationsHistory]');
2026-06-12 09:54:06.119 +01:00 [INF] Executed DbCommand (14ms) [Parameters=[], CommandType='"Text"', CommandTimeout='30']
SELECT [MigrationId], [ProductVersion]
FROM [__EFMigrationsHistory]
ORDER BY [MigrationId];
2026-06-12 09:54:06.132 +01:00 [INF] Applying migration '20260612085346_AdicionarArquivoVeiculos'.
2026-06-12 09:54:06.143 +01:00 [INF] Executed DbCommand (2ms) [Parameters=[], CommandType='"Text"', CommandTimeout='30']
INSERT INTO [__EFMigrationsHistory] ([MigrationId], [ProductVersion])
VALUES (N'20260612085346_AdicionarArquivoVeiculos', N'9.0.16');
2026-06-12 09:54:06.153 +01:00 [INF] Executed DbCommand (6ms) [Parameters=[], CommandType='"Text"', CommandTimeout='30']
DECLARE @result int;
EXEC @result = sp_releaseapplock @Resource = '__EFMigrationsLock', @LockOwner = 'Session';
SELECT @result
2026-06-12 09:56:12.119 +01:00 [INF] Executed DbCommand (15ms) [Parameters=[], CommandType='"Text"', CommandTimeout='30']
SELECT 1
2026-06-12 09:56:12.181 +01:00 [INF] Acquiring an exclusive lock for migration application. See https://aka.ms/efcore-docs-migrations-lock for more information if this takes too long.
2026-06-12 09:56:12.209 +01:00 [INF] Executed DbCommand (25ms) [Parameters=[], CommandType='"Text"', CommandTimeout='30']
DECLARE @result int;
EXEC @result = sp_getapplock @Resource = '__EFMigrationsLock', @LockOwner = 'Session', @LockMode = 'Exclusive';
SELECT @result
2026-06-12 09:56:12.280 +01:00 [INF] Executed DbCommand (3ms) [Parameters=[], CommandType='"Text"', CommandTimeout='30']
IF OBJECT_ID(N'[__EFMigrationsHistory]') IS NULL
BEGIN
    CREATE TABLE [__EFMigrationsHistory] (
        [MigrationId] nvarchar(150) NOT NULL,
        [ProductVersion] nvarchar(32) NOT NULL,
        CONSTRAINT [PK___EFMigrationsHistory] PRIMARY KEY ([MigrationId])
    );
END;
2026-06-12 09:56:12.289 +01:00 [INF] Executed DbCommand (0ms) [Parameters=[], CommandType='"Text"', CommandTimeout='30']
SELECT 1
2026-06-12 09:56:12.293 +01:00 [INF] Executed DbCommand (0ms) [Parameters=[], CommandType='"Text"', CommandTimeout='30']
SELECT OBJECT_ID(N'[__EFMigrationsHistory]');
2026-06-12 09:56:12.313 +01:00 [INF] Executed DbCommand (16ms) [Parameters=[], CommandType='"Text"', CommandTimeout='30']
SELECT [MigrationId], [ProductVersion]
FROM [__EFMigrationsHistory]
ORDER BY [MigrationId];
2026-06-12 09:56:12.322 +01:00 [INF] No migrations were applied. The database is already up to date.
2026-06-12 09:56:12.325 +01:00 [INF] Executed DbCommand (1ms) [Parameters=[], CommandType='"Text"', CommandTimeout='30']
DECLARE @result int;
EXEC @result = sp_releaseapplock @Resource = '__EFMigrationsLock', @LockOwner = 'Session';
SELECT @result
2026-06-12 09:56:12.641 +01:00 [INF] Executed DbCommand (8ms) [Parameters=[], CommandType='"Text"', CommandTimeout='30']
SELECT CASE
    WHEN EXISTS (
        SELECT 1
        FROM [Veiculos] AS [v]) THEN CAST(1 AS bit)
    ELSE CAST(0 AS bit)
END
2026-06-12 09:56:12.652 +01:00 [INF] Executed DbCommand (3ms) [Parameters=[], CommandType='"Text"', CommandTimeout='30']
SELECT CASE
    WHEN EXISTS (
        SELECT 1
        FROM [RegistosManutencao] AS [r]) THEN CAST(1 AS bit)
    ELSE CAST(0 AS bit)
END
2026-06-12 09:56:12.754 +01:00 [INF] Executed DbCommand (0ms) [Parameters=[], CommandType='"Text"', CommandTimeout='30']
SELECT 1
2026-06-12 09:56:12.845 +01:00 [INF] Executed DbCommand (86ms) [Parameters=[], CommandType='"Text"', CommandTimeout='30']

IF EXISTS
    (SELECT *
     FROM [sys].[objects] o
     WHERE [o].[type] = 'U'
     AND [o].[is_ms_shipped] = 0
     AND NOT EXISTS (SELECT *
         FROM [sys].[extended_properties] AS [ep]
         WHERE [ep].[major_id] = [o].[object_id]
             AND [ep].[minor_id] = 0
             AND [ep].[class] = 1
             AND [ep].[name] = N'microsoft_database_tools_support'
    )
)
SELECT 1 ELSE SELECT 0
2026-06-12 09:56:12.853 +01:00 [INF] Executed DbCommand (4ms) [Parameters=[], CommandType='"Text"', CommandTimeout='30']
SELECT CASE
    WHEN EXISTS (
        SELECT 1
        FROM [Veiculos] AS [v]) THEN CAST(1 AS bit)
    ELSE CAST(0 AS bit)
END
2026-06-12 09:56:12.866 +01:00 [INF] Executed DbCommand (5ms) [Parameters=[], CommandType='"Text"', CommandTimeout='30']
SELECT CASE
    WHEN EXISTS (
        SELECT 1
        FROM [Viagens] AS [v]) THEN CAST(1 AS bit)
    ELSE CAST(0 AS bit)
END
2026-06-12 09:56:13.144 +01:00 [INF] User profile is available. Using 'C:\Users\harri\AppData\Local\ASP.NET\DataProtection-Keys' as key repository and Windows DPAPI to encrypt keys at rest.
2026-06-12 09:56:13.956 +01:00 [INF] Now listening on: https://localhost:7231
2026-06-12 09:56:13.957 +01:00 [INF] Now listening on: http://localhost:5256
2026-06-12 09:56:14.072 +01:00 [INF] Application started. Press Ctrl+C to shut down.
2026-06-12 09:56:14.074 +01:00 [INF] Hosting environment: Development
2026-06-12 09:56:14.075 +01:00 [INF] Content root path: C:\Users\harri\OneDrive\Escritorio\Visual Studio\GestoreDeFrotas\Src
2026-06-12 09:56:27.883 +01:00 [INF] Request starting HTTP/2 GET https://localhost:7231/swagger/index.html - null null
2026-06-12 09:56:28.313 +01:00 [INF] Request finished HTTP/2 GET https://localhost:7231/swagger/index.html - 200 null text/html;charset=utf-8 452.8451ms
2026-06-12 09:56:28.416 +01:00 [INF] Request starting HTTP/2 GET https://localhost:7231/_framework/aspnetcore-browser-refresh.js - null null
2026-06-12 09:56:28.446 +01:00 [INF] Request finished HTTP/2 GET https://localhost:7231/_framework/aspnetcore-browser-refresh.js - 200 14935 application/javascript; charset=utf-8 31.7825ms
2026-06-12 09:56:29.088 +01:00 [INF] Request starting HTTP/2 GET https://localhost:7231/swagger/index.js - null null
2026-06-12 09:56:29.097 +01:00 [INF] Request finished HTTP/2 GET https://localhost:7231/swagger/index.js - 200 null application/javascript;charset=utf-8 8.5422ms
2026-06-12 09:56:29.384 +01:00 [INF] Request starting HTTP/2 GET https://localhost:7231/_vs/browserLink - null null
2026-06-12 09:56:29.505 +01:00 [INF] Request finished HTTP/2 GET https://localhost:7231/_vs/browserLink - 200 null text/javascript; charset=UTF-8 123.0154ms
2026-06-12 09:56:31.620 +01:00 [INF] Request starting HTTP/2 GET https://localhost:7231/swagger/v1/swagger.json - null null
2026-06-12 09:56:31.663 +01:00 [INF] Request finished HTTP/2 GET https://localhost:7231/swagger/v1/swagger.json - 200 null application/json;charset=utf-8 42.6331ms
2026-06-12 10:03:52.530 +01:00 [INF] Request starting HTTP/2 GET https://localhost:7231/api/vehicles/arquivados - null null
2026-06-12 10:03:52.672 +01:00 [INF] Authorization failed. These requirements were not met:
DenyAnonymousAuthorizationRequirement: Requires an authenticated user.
RolesAuthorizationRequirement:User.IsInRole must be true for one of the following roles: (Admin)
2026-06-12 10:03:52.680 +01:00 [INF] AuthenticationScheme: Bearer was challenged.
2026-06-12 10:03:52.713 +01:00 [INF] Request finished HTTP/2 GET https://localhost:7231/api/vehicles/arquivados - 401 0 null 206.0772ms
2026-06-12 10:04:46.948 +01:00 [INF] Request starting HTTP/2 POST https://localhost:7231/api/auth/teste-token?cargo=Admin - null 0
2026-06-12 10:04:46.984 +01:00 [INF] Executing endpoint 'HTTP: POST /api/auth/teste-token'
2026-06-12 10:04:47.070 +01:00 [INF] Setting HTTP status code 200.
2026-06-12 10:04:47.079 +01:00 [INF] Writing value of type '<>f__AnonymousType18`1' as Json.
2026-06-12 10:04:47.084 +01:00 [INF] Executed endpoint 'HTTP: POST /api/auth/teste-token'
2026-06-12 10:04:47.086 +01:00 [INF] Request finished HTTP/2 POST https://localhost:7231/api/auth/teste-token?cargo=Admin - 200 null application/json; charset=utf-8 137.6136ms
2026-06-12 10:05:13.571 +01:00 [INF] Request starting HTTP/2 GET https://localhost:7231/api/vehicles/arquivados - null null
2026-06-12 10:05:13.648 +01:00 [INF] Executing endpoint 'GestoreDeFrotas.Controllers.VeiculosController.ObterArquivados (GestoreDeFrotas)'
2026-06-12 10:05:13.689 +01:00 [INF] Route matched with {action = "ObterArquivados", controller = "Veiculos"}. Executing controller action with signature System.Threading.Tasks.Task`1[Microsoft.AspNetCore.Mvc.IActionResult] ObterArquivados() on controller GestoreDeFrotas.Controllers.VeiculosController (GestoreDeFrotas).
2026-06-12 10:05:14.098 +01:00 [INF] Executed DbCommand (117ms) [Parameters=[], CommandType='"Text"', CommandTimeout='30']
SELECT [v].[Id], [v].[Ano], [v].[CategoriaUsuario], [v].[CondutorHabitualId], [v].[Cor], [v].[DataProximaIpo], [v].[EstaAtivo], [v].[Estado], [v].[IntervaloManutencaoKm], [v].[KmAtual], [v].[Marca], [v].[Matricula], [v].[Modelo], [v].[TecnicoResponsavelId], [v].[UltimaManutencaoData], [v].[UltimaManutencaoKm]
FROM [Veiculos] AS [v]
WHERE [v].[EstaAtivo] = CAST(0 AS bit)
2026-06-12 10:05:14.206 +01:00 [INF] Executing OkObjectResult, writing value of type 'System.Collections.Generic.List`1[[GestoreDeFrotas.Models.Veiculo, GestoreDeFrotas, Version=1.0.0.0, Culture=neutral, PublicKeyToken=null]]'.
2026-06-12 10:05:14.234 +01:00 [INF] Executed action GestoreDeFrotas.Controllers.VeiculosController.ObterArquivados (GestoreDeFrotas) in 539.0225ms
2026-06-12 10:05:14.237 +01:00 [INF] Executed endpoint 'GestoreDeFrotas.Controllers.VeiculosController.ObterArquivados (GestoreDeFrotas)'
2026-06-12 10:05:14.245 +01:00 [INF] Request finished HTTP/2 GET https://localhost:7231/api/vehicles/arquivados - 200 null application/json; charset=utf-8 673.8402ms
2026-06-12 10:05:43.430 +01:00 [INF] Request starting HTTP/2 PUT https://localhost:7231/api/vehicles/36/alterar-status-ativo?ativo=false - null 0
2026-06-12 10:05:43.458 +01:00 [INF] Executing endpoint 'GestoreDeFrotas.Controllers.VeiculosController.AlterarStatusAtivo (GestoreDeFrotas)'
2026-06-12 10:05:43.474 +01:00 [INF] Route matched with {action = "AlterarStatusAtivo", controller = "Veiculos"}. Executing controller action with signature System.Threading.Tasks.Task`1[Microsoft.AspNetCore.Mvc.IActionResult] AlterarStatusAtivo(Int32, Boolean) on controller GestoreDeFrotas.Controllers.VeiculosController (GestoreDeFrotas).
2026-06-12 10:05:43.613 +01:00 [INF] Executed DbCommand (45ms) [Parameters=[@__p_0='?' (DbType = Int32)], CommandType='"Text"', CommandTimeout='30']
SELECT TOP(1) [v].[Id], [v].[Ano], [v].[CategoriaUsuario], [v].[CondutorHabitualId], [v].[Cor], [v].[DataProximaIpo], [v].[EstaAtivo], [v].[Estado], [v].[IntervaloManutencaoKm], [v].[KmAtual], [v].[Marca], [v].[Matricula], [v].[Modelo], [v].[TecnicoResponsavelId], [v].[UltimaManutencaoData], [v].[UltimaManutencaoKm]
FROM [Veiculos] AS [v]
WHERE [v].[Id] = @__p_0
2026-06-12 10:05:43.646 +01:00 [INF] Executing OkObjectResult, writing value of type '<>f__AnonymousType4`1[[System.String, System.Private.CoreLib, Version=9.0.0.0, Culture=neutral, PublicKeyToken=7cec85d7bea7798e]]'.
2026-06-12 10:05:43.649 +01:00 [INF] Executed action GestoreDeFrotas.Controllers.VeiculosController.AlterarStatusAtivo (GestoreDeFrotas) in 170.6762ms
2026-06-12 10:05:43.673 +01:00 [INF] Executed endpoint 'GestoreDeFrotas.Controllers.VeiculosController.AlterarStatusAtivo (GestoreDeFrotas)'
2026-06-12 10:05:43.675 +01:00 [INF] Request finished HTTP/2 PUT https://localhost:7231/api/vehicles/36/alterar-status-ativo?ativo=false - 200 null application/json; charset=utf-8 244.7239ms
2026-06-12 10:05:48.171 +01:00 [INF] Request starting HTTP/2 GET https://localhost:7231/api/vehicles/arquivados - null null
2026-06-12 10:05:48.175 +01:00 [INF] Executing endpoint 'GestoreDeFrotas.Controllers.VeiculosController.ObterArquivados (GestoreDeFrotas)'
2026-06-12 10:05:48.176 +01:00 [INF] Route matched with {action = "ObterArquivados", controller = "Veiculos"}. Executing controller action with signature System.Threading.Tasks.Task`1[Microsoft.AspNetCore.Mvc.IActionResult] ObterArquivados() on controller GestoreDeFrotas.Controllers.VeiculosController (GestoreDeFrotas).
2026-06-12 10:05:48.190 +01:00 [INF] Executed DbCommand (6ms) [Parameters=[], CommandType='"Text"', CommandTimeout='30']
SELECT [v].[Id], [v].[Ano], [v].[CategoriaUsuario], [v].[CondutorHabitualId], [v].[Cor], [v].[DataProximaIpo], [v].[EstaAtivo], [v].[Estado], [v].[IntervaloManutencaoKm], [v].[KmAtual], [v].[Marca], [v].[Matricula], [v].[Modelo], [v].[TecnicoResponsavelId], [v].[UltimaManutencaoData], [v].[UltimaManutencaoKm]
FROM [Veiculos] AS [v]
WHERE [v].[EstaAtivo] = CAST(0 AS bit)
2026-06-12 10:05:48.196 +01:00 [INF] Executing OkObjectResult, writing value of type 'System.Collections.Generic.List`1[[GestoreDeFrotas.Models.Veiculo, GestoreDeFrotas, Version=1.0.0.0, Culture=neutral, PublicKeyToken=null]]'.
2026-06-12 10:05:48.202 +01:00 [INF] Executed action GestoreDeFrotas.Controllers.VeiculosController.ObterArquivados (GestoreDeFrotas) in 22.4387ms
2026-06-12 10:05:48.205 +01:00 [INF] Executed endpoint 'GestoreDeFrotas.Controllers.VeiculosController.ObterArquivados (GestoreDeFrotas)'
2026-06-12 10:05:48.207 +01:00 [INF] Request finished HTTP/2 GET https://localhost:7231/api/vehicles/arquivados - 200 null application/json; charset=utf-8 36.1821ms
2026-06-12 10:06:08.181 +01:00 [INF] Request starting HTTP/2 GET https://localhost:7231/api/vehicles/arquivados - null null
2026-06-12 10:06:08.246 +01:00 [INF] Executing endpoint 'GestoreDeFrotas.Controllers.VeiculosController.ObterArquivados (GestoreDeFrotas)'
2026-06-12 10:06:08.249 +01:00 [INF] Route matched with {action = "ObterArquivados", controller = "Veiculos"}. Executing controller action with signature System.Threading.Tasks.Task`1[Microsoft.AspNetCore.Mvc.IActionResult] ObterArquivados() on controller GestoreDeFrotas.Controllers.VeiculosController (GestoreDeFrotas).
2026-06-12 10:06:08.277 +01:00 [INF] Executed DbCommand (7ms) [Parameters=[], CommandType='"Text"', CommandTimeout='30']
SELECT [v].[Id], [v].[Ano], [v].[CategoriaUsuario], [v].[CondutorHabitualId], [v].[Cor], [v].[DataProximaIpo], [v].[EstaAtivo], [v].[Estado], [v].[IntervaloManutencaoKm], [v].[KmAtual], [v].[Marca], [v].[Matricula], [v].[Modelo], [v].[TecnicoResponsavelId], [v].[UltimaManutencaoData], [v].[UltimaManutencaoKm]
FROM [Veiculos] AS [v]
WHERE [v].[EstaAtivo] = CAST(0 AS bit)
2026-06-12 10:06:08.284 +01:00 [INF] Executing OkObjectResult, writing value of type 'System.Collections.Generic.List`1[[GestoreDeFrotas.Models.Veiculo, GestoreDeFrotas, Version=1.0.0.0, Culture=neutral, PublicKeyToken=null]]'.
2026-06-12 10:06:08.288 +01:00 [INF] Executed action GestoreDeFrotas.Controllers.VeiculosController.ObterArquivados (GestoreDeFrotas) in 20.2501ms
2026-06-12 10:06:08.292 +01:00 [INF] Executed endpoint 'GestoreDeFrotas.Controllers.VeiculosController.ObterArquivados (GestoreDeFrotas)'
2026-06-12 10:06:08.295 +01:00 [INF] Request finished HTTP/2 GET https://localhost:7231/api/vehicles/arquivados - 200 null application/json; charset=utf-8 113.7973ms
2026-06-12 10:06:33.283 +01:00 [INF] Request starting HTTP/2 PUT https://localhost:7231/api/vehicles/36/alterar-status-ativo?ativo=true - null 0
2026-06-12 10:06:33.288 +01:00 [INF] Executing endpoint 'GestoreDeFrotas.Controllers.VeiculosController.AlterarStatusAtivo (GestoreDeFrotas)'
2026-06-12 10:06:33.289 +01:00 [INF] Route matched with {action = "AlterarStatusAtivo", controller = "Veiculos"}. Executing controller action with signature System.Threading.Tasks.Task`1[Microsoft.AspNetCore.Mvc.IActionResult] AlterarStatusAtivo(Int32, Boolean) on controller GestoreDeFrotas.Controllers.VeiculosController (GestoreDeFrotas).
2026-06-12 10:06:33.296 +01:00 [INF] Executed DbCommand (2ms) [Parameters=[@__p_0='?' (DbType = Int32)], CommandType='"Text"', CommandTimeout='30']
SELECT TOP(1) [v].[Id], [v].[Ano], [v].[CategoriaUsuario], [v].[CondutorHabitualId], [v].[Cor], [v].[DataProximaIpo], [v].[EstaAtivo], [v].[Estado], [v].[IntervaloManutencaoKm], [v].[KmAtual], [v].[Marca], [v].[Matricula], [v].[Modelo], [v].[TecnicoResponsavelId], [v].[UltimaManutencaoData], [v].[UltimaManutencaoKm]
FROM [Veiculos] AS [v]
WHERE [v].[Id] = @__p_0
2026-06-12 10:06:33.480 +01:00 [INF] Executed DbCommand (35ms) [Parameters=[@p1='?' (DbType = Int32), @p0='?' (DbType = Boolean)], CommandType='"Text"', CommandTimeout='30']
SET IMPLICIT_TRANSACTIONS OFF;
SET NOCOUNT ON;
UPDATE [Veiculos] SET [EstaAtivo] = @p0
OUTPUT 1
WHERE [Id] = @p1;
2026-06-12 10:06:33.494 +01:00 [INF] Executing OkObjectResult, writing value of type '<>f__AnonymousType4`1[[System.String, System.Private.CoreLib, Version=9.0.0.0, Culture=neutral, PublicKeyToken=7cec85d7bea7798e]]'.
2026-06-12 10:06:33.496 +01:00 [INF] Executed action GestoreDeFrotas.Controllers.VeiculosController.AlterarStatusAtivo (GestoreDeFrotas) in 204.7727ms
2026-06-12 10:06:33.498 +01:00 [INF] Executed endpoint 'GestoreDeFrotas.Controllers.VeiculosController.AlterarStatusAtivo (GestoreDeFrotas)'
2026-06-12 10:06:33.499 +01:00 [INF] Request finished HTTP/2 PUT https://localhost:7231/api/vehicles/36/alterar-status-ativo?ativo=true - 200 null application/json; charset=utf-8 216.091ms
2026-06-12 10:06:44.097 +01:00 [INF] Request starting HTTP/2 GET https://localhost:7231/api/vehicles/arquivados - null null
2026-06-12 10:06:44.101 +01:00 [INF] Executing endpoint 'GestoreDeFrotas.Controllers.VeiculosController.ObterArquivados (GestoreDeFrotas)'
2026-06-12 10:06:44.103 +01:00 [INF] Route matched with {action = "ObterArquivados", controller = "Veiculos"}. Executing controller action with signature System.Threading.Tasks.Task`1[Microsoft.AspNetCore.Mvc.IActionResult] ObterArquivados() on controller GestoreDeFrotas.Controllers.VeiculosController (GestoreDeFrotas).
2026-06-12 10:06:44.125 +01:00 [INF] Executed DbCommand (19ms) [Parameters=[], CommandType='"Text"', CommandTimeout='30']
SELECT [v].[Id], [v].[Ano], [v].[CategoriaUsuario], [v].[CondutorHabitualId], [v].[Cor], [v].[DataProximaIpo], [v].[EstaAtivo], [v].[Estado], [v].[IntervaloManutencaoKm], [v].[KmAtual], [v].[Marca], [v].[Matricula], [v].[Modelo], [v].[TecnicoResponsavelId], [v].[UltimaManutencaoData], [v].[UltimaManutencaoKm]
FROM [Veiculos] AS [v]
WHERE [v].[EstaAtivo] = CAST(0 AS bit)
2026-06-12 10:06:44.128 +01:00 [INF] Executing OkObjectResult, writing value of type 'System.Collections.Generic.List`1[[GestoreDeFrotas.Models.Veiculo, GestoreDeFrotas, Version=1.0.0.0, Culture=neutral, PublicKeyToken=null]]'.
2026-06-12 10:06:44.130 +01:00 [INF] Executed action GestoreDeFrotas.Controllers.VeiculosController.ObterArquivados (GestoreDeFrotas) in 25.675ms
2026-06-12 10:06:44.132 +01:00 [INF] Executed endpoint 'GestoreDeFrotas.Controllers.VeiculosController.ObterArquivados (GestoreDeFrotas)'
2026-06-12 10:06:44.136 +01:00 [INF] Request finished HTTP/2 GET https://localhost:7231/api/vehicles/arquivados - 200 null application/json; charset=utf-8 38.595ms
2026-06-12 10:07:37.272 +01:00 [INF] Request starting HTTP/2 POST https://localhost:7231/api/Viagens/iniciar/34 - null 0
2026-06-12 10:07:37.282 +01:00 [INF] Executing endpoint 'GestoreDeFrotas.Controllers.ViagensController.Iniciar (GestoreDeFrotas)'
2026-06-12 10:07:37.290 +01:00 [INF] Route matched with {action = "Iniciar", controller = "Viagens"}. Executing controller action with signature System.Threading.Tasks.Task`1[Microsoft.AspNetCore.Mvc.IActionResult] Iniciar(Int32) on controller GestoreDeFrotas.Controllers.ViagensController (GestoreDeFrotas).
2026-06-12 10:07:37.334 +01:00 [INF] Executed DbCommand (7ms) [Parameters=[@__veiculoId_0='?' (DbType = Int32)], CommandType='"Text"', CommandTimeout='30']
SELECT CASE
    WHEN EXISTS (
        SELECT 1
        FROM [Viagens] AS [v]
        WHERE [v].[VeiculoId] = @__veiculoId_0 AND [v].[EstaAtiva] = CAST(1 AS bit)) THEN CAST(1 AS bit)
    ELSE CAST(0 AS bit)
END
2026-06-12 10:07:37.341 +01:00 [INF] Executed DbCommand (1ms) [Parameters=[@__p_0='?' (DbType = Int32)], CommandType='"Text"', CommandTimeout='30']
SELECT TOP(1) [v].[Id], [v].[Ano], [v].[CategoriaUsuario], [v].[CondutorHabitualId], [v].[Cor], [v].[DataProximaIpo], [v].[EstaAtivo], [v].[Estado], [v].[IntervaloManutencaoKm], [v].[KmAtual], [v].[Marca], [v].[Matricula], [v].[Modelo], [v].[TecnicoResponsavelId], [v].[UltimaManutencaoData], [v].[UltimaManutencaoKm]
FROM [Veiculos] AS [v]
WHERE [v].[Id] = @__p_0
2026-06-12 10:07:37.477 +01:00 [INF] Executed DbCommand (65ms) [Parameters=[@p1='?' (DbType = Int32), @p0='?' (Size = 4000), @p2='?' (Size = 4000), @p3='?' (Size = 4000), @p4='?' (DbType = DateTime2), @p5='?' (DbType = DateTime2), @p6='?' (DbType = DateTime2), @p7='?' (DbType = Boolean), @p8='?' (DbType = Int32), @p9='?' (DbType = Int32), @p10='?' (Size = 4000), @p11='?' (DbType = Boolean), @p12='?' (Size = 4000), @p13='?' (Size = 4000), @p14='?' (DbType = Int32)], CommandType='"Text"', CommandTimeout='30']
SET NOCOUNT ON;
UPDATE [Veiculos] SET [Estado] = @p0
OUTPUT 1
WHERE [Id] = @p1;
INSERT INTO [Viagens] ([CondutorPrincipalId], [CondutorSecundarioId], [DataFim], [DataInicio], [DataLimitePrevista], [EstaAtiva], [KmFinais], [KmIniciais], [ObservacoesEntrega], [PediuProrrogacao], [TecnicoLevantamentoId], [TecnicoRecebimentoId], [VeiculoId])
OUTPUT INSERTED.[Id]
VALUES (@p2, @p3, @p4, @p5, @p6, @p7, @p8, @p9, @p10, @p11, @p12, @p13, @p14);
2026-06-12 10:07:37.523 +01:00 [INF] Executed DbCommand (6ms) [Parameters=[@p0='?' (DbType = DateTime2), @p1='?' (Size = 4000), @p2='?' (Size = 4000), @p3='?' (Size = 4000), @p4='?' (DbType = Int32), @p5='?' (Size = 4000)], CommandType='"Text"', CommandTimeout='30']
SET IMPLICIT_TRANSACTIONS OFF;
SET NOCOUNT ON;
INSERT INTO [LogsSistema] ([Data], [Descricao], [MetodoHttp], [Rota], [StatusCode], [Utilizador])
OUTPUT INSERTED.[Id]
VALUES (@p0, @p1, @p2, @p3, @p4, @p5);
2026-06-12 10:07:37.528 +01:00 [INF] Executing OkObjectResult, writing value of type 'GestoreDeFrotas.Models.Viagem'.
2026-06-12 10:07:37.541 +01:00 [INF] Executed action GestoreDeFrotas.Controllers.ViagensController.Iniciar (GestoreDeFrotas) in 248.8369ms
2026-06-12 10:07:37.542 +01:00 [INF] Executed endpoint 'GestoreDeFrotas.Controllers.ViagensController.Iniciar (GestoreDeFrotas)'
2026-06-12 10:07:37.544 +01:00 [INF] Request finished HTTP/2 POST https://localhost:7231/api/Viagens/iniciar/34 - 200 null application/json; charset=utf-8 271.2938ms
2026-06-12 10:07:56.506 +01:00 [INF] Request starting HTTP/2 POST https://localhost:7231/api/Viagens/finalizar/34 - application/json 54
2026-06-12 10:07:56.512 +01:00 [INF] Executing endpoint 'GestoreDeFrotas.Controllers.ViagensController.FinalizarViagem (GestoreDeFrotas)'
2026-06-12 10:07:56.519 +01:00 [INF] Route matched with {action = "FinalizarViagem", controller = "Viagens"}. Executing controller action with signature System.Threading.Tasks.Task`1[Microsoft.AspNetCore.Mvc.IActionResult] FinalizarViagem(Int32, GestoreDeFrotas.Controllers.EntregaViagemDto) on controller GestoreDeFrotas.Controllers.ViagensController (GestoreDeFrotas).
2026-06-12 10:07:56.575 +01:00 [INF] Executed DbCommand (4ms) [Parameters=[@__p_0='?' (DbType = Int32)], CommandType='"Text"', CommandTimeout='30']
SELECT TOP(1) [v].[Id], [v].[CondutorPrincipalId], [v].[CondutorSecundarioId], [v].[DataFim], [v].[DataInicio], [v].[DataLimitePrevista], [v].[EstaAtiva], [v].[KmFinais], [v].[KmIniciais], [v].[ObservacoesEntrega], [v].[PediuProrrogacao], [v].[TecnicoLevantamentoId], [v].[TecnicoRecebimentoId], [v].[VeiculoId]
FROM [Viagens] AS [v]
WHERE [v].[Id] = @__p_0
2026-06-12 10:07:57.009 +01:00 [INF] Executed DbCommand (1ms) [Parameters=[@p0='?' (DbType = DateTime2), @p1='?' (Size = 4000), @p2='?' (Size = 4000), @p3='?' (Size = 4000), @p4='?' (DbType = Int32), @p5='?' (Size = 4000)], CommandType='"Text"', CommandTimeout='30']
SET IMPLICIT_TRANSACTIONS OFF;
SET NOCOUNT ON;
INSERT INTO [LogsSistema] ([Data], [Descricao], [MetodoHttp], [Rota], [StatusCode], [Utilizador])
OUTPUT INSERTED.[Id]
VALUES (@p0, @p1, @p2, @p3, @p4, @p5);
2026-06-12 10:07:57.013 +01:00 [INF] Executing BadRequestObjectResult, writing value of type '<>f__AnonymousType4`1[[System.String, System.Private.CoreLib, Version=9.0.0.0, Culture=neutral, PublicKeyToken=7cec85d7bea7798e]]'.
2026-06-12 10:07:57.016 +01:00 [INF] Executed action GestoreDeFrotas.Controllers.ViagensController.FinalizarViagem (GestoreDeFrotas) in 493.5044ms
2026-06-12 10:07:57.017 +01:00 [INF] Executed endpoint 'GestoreDeFrotas.Controllers.ViagensController.FinalizarViagem (GestoreDeFrotas)'
2026-06-12 10:07:57.054 +01:00 [INF] Executed DbCommand (17ms) [Parameters=[@p0='?' (DbType = DateTime2), @p1='?' (Size = 4000), @p2='?' (Size = 4000), @p3='?' (DbType = Boolean), @p4='?' (Size = 4000), @p5='?' (DbType = Int32)], CommandType='"Text"', CommandTimeout='30']
SET IMPLICIT_TRANSACTIONS OFF;
SET NOCOUNT ON;
INSERT INTO [Notificacoes] ([DataCriacao], [DestinatarioId], [Grau], [Lida], [Mensagem], [VeiculoId])
OUTPUT INSERTED.[Id]
VALUES (@p0, @p1, @p2, @p3, @p4, @p5);
2026-06-12 10:07:57.060 +01:00 [INF] Executed DbCommand (1ms) [Parameters=[@p0='?' (DbType = DateTime2), @p1='?' (Size = 4000), @p2='?' (Size = 4000), @p3='?' (Size = 4000), @p4='?' (DbType = Int32), @p5='?' (Size = 4000)], CommandType='"Text"', CommandTimeout='30']
SET IMPLICIT_TRANSACTIONS OFF;
SET NOCOUNT ON;
INSERT INTO [LogsSistema] ([Data], [Descricao], [MetodoHttp], [Rota], [StatusCode], [Utilizador])
OUTPUT INSERTED.[Id]
VALUES (@p0, @p1, @p2, @p3, @p4, @p5);
2026-06-12 10:07:57.065 +01:00 [INF] Request finished HTTP/2 POST https://localhost:7231/api/Viagens/finalizar/34 - 400 null application/json; charset=utf-8 559.0683ms
2026-06-12 10:08:18.194 +01:00 [INF] Request starting HTTP/2 POST https://localhost:7231/api/Viagens/finalizar/34 - application/json 56
2026-06-12 10:08:18.198 +01:00 [INF] Executing endpoint 'GestoreDeFrotas.Controllers.ViagensController.FinalizarViagem (GestoreDeFrotas)'
2026-06-12 10:08:18.209 +01:00 [INF] Route matched with {action = "FinalizarViagem", controller = "Viagens"}. Executing controller action with signature System.Threading.Tasks.Task`1[Microsoft.AspNetCore.Mvc.IActionResult] FinalizarViagem(Int32, GestoreDeFrotas.Controllers.EntregaViagemDto) on controller GestoreDeFrotas.Controllers.ViagensController (GestoreDeFrotas).
2026-06-12 10:08:18.220 +01:00 [INF] Executed DbCommand (1ms) [Parameters=[@__p_0='?' (DbType = Int32)], CommandType='"Text"', CommandTimeout='30']
SELECT TOP(1) [v].[Id], [v].[CondutorPrincipalId], [v].[CondutorSecundarioId], [v].[DataFim], [v].[DataInicio], [v].[DataLimitePrevista], [v].[EstaAtiva], [v].[KmFinais], [v].[KmIniciais], [v].[ObservacoesEntrega], [v].[PediuProrrogacao], [v].[TecnicoLevantamentoId], [v].[TecnicoRecebimentoId], [v].[VeiculoId]
FROM [Viagens] AS [v]
WHERE [v].[Id] = @__p_0
2026-06-12 10:08:18.281 +01:00 [INF] Executed DbCommand (2ms) [Parameters=[@p0='?' (DbType = DateTime2), @p1='?' (Size = 4000), @p2='?' (Size = 4000), @p3='?' (Size = 4000), @p4='?' (DbType = Int32), @p5='?' (Size = 4000)], CommandType='"Text"', CommandTimeout='30']
SET IMPLICIT_TRANSACTIONS OFF;
SET NOCOUNT ON;
INSERT INTO [LogsSistema] ([Data], [Descricao], [MetodoHttp], [Rota], [StatusCode], [Utilizador])
OUTPUT INSERTED.[Id]
VALUES (@p0, @p1, @p2, @p3, @p4, @p5);
2026-06-12 10:08:18.284 +01:00 [INF] Executing BadRequestObjectResult, writing value of type '<>f__AnonymousType4`1[[System.String, System.Private.CoreLib, Version=9.0.0.0, Culture=neutral, PublicKeyToken=7cec85d7bea7798e]]'.
2026-06-12 10:08:18.287 +01:00 [INF] Executed action GestoreDeFrotas.Controllers.ViagensController.FinalizarViagem (GestoreDeFrotas) in 75.3333ms
2026-06-12 10:08:18.290 +01:00 [INF] Executed endpoint 'GestoreDeFrotas.Controllers.ViagensController.FinalizarViagem (GestoreDeFrotas)'
2026-06-12 10:08:18.295 +01:00 [INF] Executed DbCommand (1ms) [Parameters=[@p0='?' (DbType = DateTime2), @p1='?' (Size = 4000), @p2='?' (Size = 4000), @p3='?' (DbType = Boolean), @p4='?' (Size = 4000), @p5='?' (DbType = Int32)], CommandType='"Text"', CommandTimeout='30']
SET IMPLICIT_TRANSACTIONS OFF;
SET NOCOUNT ON;
INSERT INTO [Notificacoes] ([DataCriacao], [DestinatarioId], [Grau], [Lida], [Mensagem], [VeiculoId])
OUTPUT INSERTED.[Id]
VALUES (@p0, @p1, @p2, @p3, @p4, @p5);
2026-06-12 10:08:18.303 +01:00 [INF] Executed DbCommand (1ms) [Parameters=[@p0='?' (DbType = DateTime2), @p1='?' (Size = 4000), @p2='?' (Size = 4000), @p3='?' (Size = 4000), @p4='?' (DbType = Int32), @p5='?' (Size = 4000)], CommandType='"Text"', CommandTimeout='30']
SET IMPLICIT_TRANSACTIONS OFF;
SET NOCOUNT ON;
INSERT INTO [LogsSistema] ([Data], [Descricao], [MetodoHttp], [Rota], [StatusCode], [Utilizador])
OUTPUT INSERTED.[Id]
VALUES (@p0, @p1, @p2, @p3, @p4, @p5);
2026-06-12 10:08:18.306 +01:00 [INF] Request finished HTTP/2 POST https://localhost:7231/api/Viagens/finalizar/34 - 400 null application/json; charset=utf-8 112.8234ms
2026-06-12 10:08:38.382 +01:00 [INF] Request starting HTTP/2 POST https://localhost:7231/api/Viagens/finalizar/34 - application/*+json 56
2026-06-12 10:08:38.394 +01:00 [INF] Executing endpoint 'GestoreDeFrotas.Controllers.ViagensController.FinalizarViagem (GestoreDeFrotas)'
2026-06-12 10:08:38.400 +01:00 [INF] Route matched with {action = "FinalizarViagem", controller = "Viagens"}. Executing controller action with signature System.Threading.Tasks.Task`1[Microsoft.AspNetCore.Mvc.IActionResult] FinalizarViagem(Int32, GestoreDeFrotas.Controllers.EntregaViagemDto) on controller GestoreDeFrotas.Controllers.ViagensController (GestoreDeFrotas).
2026-06-12 10:08:38.405 +01:00 [INF] Executed DbCommand (1ms) [Parameters=[@__p_0='?' (DbType = Int32)], CommandType='"Text"', CommandTimeout='30']
SELECT TOP(1) [v].[Id], [v].[CondutorPrincipalId], [v].[CondutorSecundarioId], [v].[DataFim], [v].[DataInicio], [v].[DataLimitePrevista], [v].[EstaAtiva], [v].[KmFinais], [v].[KmIniciais], [v].[ObservacoesEntrega], [v].[PediuProrrogacao], [v].[TecnicoLevantamentoId], [v].[TecnicoRecebimentoId], [v].[VeiculoId]
FROM [Viagens] AS [v]
WHERE [v].[Id] = @__p_0
2026-06-12 10:08:38.534 +01:00 [INF] Executed DbCommand (19ms) [Parameters=[@p0='?' (DbType = DateTime2), @p1='?' (Size = 4000), @p2='?' (Size = 4000), @p3='?' (Size = 4000), @p4='?' (DbType = Int32), @p5='?' (Size = 4000)], CommandType='"Text"', CommandTimeout='30']
SET IMPLICIT_TRANSACTIONS OFF;
SET NOCOUNT ON;
INSERT INTO [LogsSistema] ([Data], [Descricao], [MetodoHttp], [Rota], [StatusCode], [Utilizador])
OUTPUT INSERTED.[Id]
VALUES (@p0, @p1, @p2, @p3, @p4, @p5);
2026-06-12 10:08:38.538 +01:00 [INF] Executing BadRequestObjectResult, writing value of type '<>f__AnonymousType4`1[[System.String, System.Private.CoreLib, Version=9.0.0.0, Culture=neutral, PublicKeyToken=7cec85d7bea7798e]]'.
2026-06-12 10:08:38.540 +01:00 [INF] Executed action GestoreDeFrotas.Controllers.ViagensController.FinalizarViagem (GestoreDeFrotas) in 137.0093ms
2026-06-12 10:08:38.541 +01:00 [INF] Executed endpoint 'GestoreDeFrotas.Controllers.ViagensController.FinalizarViagem (GestoreDeFrotas)'
2026-06-12 10:08:38.544 +01:00 [INF] Executed DbCommand (1ms) [Parameters=[@p0='?' (DbType = DateTime2), @p1='?' (Size = 4000), @p2='?' (Size = 4000), @p3='?' (DbType = Boolean), @p4='?' (Size = 4000), @p5='?' (DbType = Int32)], CommandType='"Text"', CommandTimeout='30']
SET IMPLICIT_TRANSACTIONS OFF;
SET NOCOUNT ON;
INSERT INTO [Notificacoes] ([DataCriacao], [DestinatarioId], [Grau], [Lida], [Mensagem], [VeiculoId])
OUTPUT INSERTED.[Id]
VALUES (@p0, @p1, @p2, @p3, @p4, @p5);
2026-06-12 10:08:38.550 +01:00 [INF] Executed DbCommand (1ms) [Parameters=[@p0='?' (DbType = DateTime2), @p1='?' (Size = 4000), @p2='?' (Size = 4000), @p3='?' (Size = 4000), @p4='?' (DbType = Int32), @p5='?' (Size = 4000)], CommandType='"Text"', CommandTimeout='30']
SET IMPLICIT_TRANSACTIONS OFF;
SET NOCOUNT ON;
INSERT INTO [LogsSistema] ([Data], [Descricao], [MetodoHttp], [Rota], [StatusCode], [Utilizador])
OUTPUT INSERTED.[Id]
VALUES (@p0, @p1, @p2, @p3, @p4, @p5);
2026-06-12 10:08:38.553 +01:00 [INF] Request finished HTTP/2 POST https://localhost:7231/api/Viagens/finalizar/34 - 400 null application/json; charset=utf-8 181.0607ms
2026-06-12 10:11:21.111 +01:00 [INF] Request starting HTTP/2 POST https://localhost:7231/api/Viagens/finalizar/3 - application/*+json 56
2026-06-12 10:11:21.126 +01:00 [INF] Executing endpoint 'GestoreDeFrotas.Controllers.ViagensController.FinalizarViagem (GestoreDeFrotas)'
2026-06-12 10:11:21.128 +01:00 [INF] Route matched with {action = "FinalizarViagem", controller = "Viagens"}. Executing controller action with signature System.Threading.Tasks.Task`1[Microsoft.AspNetCore.Mvc.IActionResult] FinalizarViagem(Int32, GestoreDeFrotas.Controllers.EntregaViagemDto) on controller GestoreDeFrotas.Controllers.ViagensController (GestoreDeFrotas).
2026-06-12 10:11:21.175 +01:00 [INF] Executed DbCommand (5ms) [Parameters=[@__p_0='?' (DbType = Int32)], CommandType='"Text"', CommandTimeout='30']
SELECT TOP(1) [v].[Id], [v].[CondutorPrincipalId], [v].[CondutorSecundarioId], [v].[DataFim], [v].[DataInicio], [v].[DataLimitePrevista], [v].[EstaAtiva], [v].[KmFinais], [v].[KmIniciais], [v].[ObservacoesEntrega], [v].[PediuProrrogacao], [v].[TecnicoLevantamentoId], [v].[TecnicoRecebimentoId], [v].[VeiculoId]
FROM [Viagens] AS [v]
WHERE [v].[Id] = @__p_0
2026-06-12 10:11:21.184 +01:00 [INF] Executed DbCommand (2ms) [Parameters=[@__p_0='?' (DbType = Int32)], CommandType='"Text"', CommandTimeout='30']
SELECT TOP(1) [v].[Id], [v].[Ano], [v].[CategoriaUsuario], [v].[CondutorHabitualId], [v].[Cor], [v].[DataProximaIpo], [v].[EstaAtivo], [v].[Estado], [v].[IntervaloManutencaoKm], [v].[KmAtual], [v].[Marca], [v].[Matricula], [v].[Modelo], [v].[TecnicoResponsavelId], [v].[UltimaManutencaoData], [v].[UltimaManutencaoKm]
FROM [Veiculos] AS [v]
WHERE [v].[Id] = @__p_0
2026-06-12 10:11:21.199 +01:00 [INF] Executed DbCommand (2ms) [Parameters=[@__veiculoId_Value_0='?' (DbType = Int32)], CommandType='"Text"', CommandTimeout='30']
SELECT TOP(1) [v].[Id], [v].[Ano], [v].[CategoriaUsuario], [v].[CondutorHabitualId], [v].[Cor], [v].[DataProximaIpo], [v].[EstaAtivo], [v].[Estado], [v].[IntervaloManutencaoKm], [v].[KmAtual], [v].[Marca], [v].[Matricula], [v].[Modelo], [v].[TecnicoResponsavelId], [v].[UltimaManutencaoData], [v].[UltimaManutencaoKm]
FROM [Veiculos] AS [v]
WHERE [v].[Id] = @__veiculoId_Value_0
2026-06-12 10:11:21.213 +01:00 [INF] Executed DbCommand (5ms) [Parameters=[@p0='?' (DbType = DateTime2), @p1='?' (Size = 4000), @p2='?' (Size = 4000), @p3='?' (DbType = Boolean), @p4='?' (Size = 4000), @p5='?' (DbType = Int32), @p7='?' (DbType = Int32), @p6='?' (Size = 4000), @p11='?' (DbType = Int32), @p8='?' (DbType = DateTime2), @p9='?' (DbType = Boolean), @p10='?' (Size = 4000)], CommandType='"Text"', CommandTimeout='30']
SET NOCOUNT ON;
INSERT INTO [Notificacoes] ([DataCriacao], [DestinatarioId], [Grau], [Lida], [Mensagem], [VeiculoId])
OUTPUT INSERTED.[Id]
VALUES (@p0, @p1, @p2, @p3, @p4, @p5);
UPDATE [Veiculos] SET [Estado] = @p6
OUTPUT 1
WHERE [Id] = @p7;
UPDATE [Viagens] SET [DataFim] = @p8, [EstaAtiva] = @p9, [ObservacoesEntrega] = @p10
OUTPUT 1
WHERE [Id] = @p11;
2026-06-12 10:11:21.275 +01:00 [INF] Executed DbCommand (43ms) [Parameters=[@p0='?' (DbType = DateTime2), @p1='?' (Size = 4000), @p2='?' (Size = 4000), @p3='?' (DbType = Boolean), @p4='?' (Size = 4000), @p5='?' (DbType = Int32)], CommandType='"Text"', CommandTimeout='30']
SET IMPLICIT_TRANSACTIONS OFF;
SET NOCOUNT ON;
INSERT INTO [Notificacoes] ([DataCriacao], [DestinatarioId], [Grau], [Lida], [Mensagem], [VeiculoId])
OUTPUT INSERTED.[Id]
VALUES (@p0, @p1, @p2, @p3, @p4, @p5);
2026-06-12 10:11:21.364 +01:00 [ERR] An exception occurred in the database while saving changes for context type 'GestoreDeFrotas.Data.AppDbContext'.
Microsoft.EntityFrameworkCore.DbUpdateException: An error occurred while saving the entity changes. See the inner exception for details.
 ---> Microsoft.Data.SqlClient.SqlException (0x80131904): Cannot insert the value NULL into column 'DestinatarioId', table 'GestaoFrotasDB.dbo.Notificacoes'; column does not allow nulls. INSERT fails.
   at Microsoft.Data.SqlClient.SqlConnection.OnError(SqlException exception, Boolean breakConnection, Action`1 wrapCloseInAction)
   at Microsoft.Data.SqlClient.SqlInternalConnection.OnError(SqlException exception, Boolean breakConnection, Action`1 wrapCloseInAction)
   at Microsoft.Data.SqlClient.TdsParser.ThrowExceptionAndWarning(TdsParserStateObject stateObj, Boolean callerHasConnectionLock, Boolean asyncClose)
   at Microsoft.Data.SqlClient.TdsParser.TryRun(RunBehavior runBehavior, SqlCommand cmdHandler, SqlDataReader dataStream, BulkCopySimpleResultSet bulkCopyHandler, TdsParserStateObject stateObj, Boolean& dataReady)
   at Microsoft.Data.SqlClient.SqlDataReader.TryHasMoreRows(Boolean& moreRows)
   at Microsoft.Data.SqlClient.SqlDataReader.TryReadInternal(Boolean setTimeout, Boolean& more)
   at Microsoft.Data.SqlClient.SqlDataReader.ReadAsyncExecute(Task task, Object state)
   at Microsoft.Data.SqlClient.SqlDataReader.InvokeAsyncCall[T](SqlDataReaderBaseAsyncCallContext`1 context)
--- End of stack trace from previous location ---
   at Microsoft.EntityFrameworkCore.Update.AffectedCountModificationCommandBatch.ConsumeResultSetAsync(Int32 startCommandIndex, RelationalDataReader reader, CancellationToken cancellationToken)
ClientConnectionId:2ebe06df-bbf9-4b17-98b1-1b6823ad1726
Error Number:515,State:2,Class:16
   --- End of inner exception stack trace ---
   at Microsoft.EntityFrameworkCore.Update.AffectedCountModificationCommandBatch.ConsumeResultSetAsync(Int32 startCommandIndex, RelationalDataReader reader, CancellationToken cancellationToken)
   at Microsoft.EntityFrameworkCore.Update.AffectedCountModificationCommandBatch.ConsumeAsync(RelationalDataReader reader, CancellationToken cancellationToken)
   at Microsoft.EntityFrameworkCore.Update.ReaderModificationCommandBatch.ExecuteAsync(IRelationalConnection connection, CancellationToken cancellationToken)
   at Microsoft.EntityFrameworkCore.Update.ReaderModificationCommandBatch.ExecuteAsync(IRelationalConnection connection, CancellationToken cancellationToken)
   at Microsoft.EntityFrameworkCore.SqlServer.Update.Internal.SqlServerModificationCommandBatch.ExecuteAsync(IRelationalConnection connection, CancellationToken cancellationToken)
   at Microsoft.EntityFrameworkCore.Update.Internal.BatchExecutor.ExecuteAsync(IEnumerable`1 commandBatches, IRelationalConnection connection, CancellationToken cancellationToken)
   at Microsoft.EntityFrameworkCore.Update.Internal.BatchExecutor.ExecuteAsync(IEnumerable`1 commandBatches, IRelationalConnection connection, CancellationToken cancellationToken)
   at Microsoft.EntityFrameworkCore.Update.Internal.BatchExecutor.ExecuteAsync(IEnumerable`1 commandBatches, IRelationalConnection connection, CancellationToken cancellationToken)
   at Microsoft.EntityFrameworkCore.Storage.RelationalDatabase.SaveChangesAsync(IList`1 entries, CancellationToken cancellationToken)
   at Microsoft.EntityFrameworkCore.ChangeTracking.Internal.StateManager.SaveChangesAsync(IList`1 entriesToSave, CancellationToken cancellationToken)
   at Microsoft.EntityFrameworkCore.ChangeTracking.Internal.StateManager.SaveChangesAsync(StateManager stateManager, Boolean acceptAllChangesOnSuccess, CancellationToken cancellationToken)
   at Microsoft.EntityFrameworkCore.SqlServer.Storage.Internal.SqlServerExecutionStrategy.ExecuteAsync[TState,TResult](TState state, Func`4 operation, Func`4 verifySucceeded, CancellationToken cancellationToken)
   at Microsoft.EntityFrameworkCore.DbContext.SaveChangesAsync(Boolean acceptAllChangesOnSuccess, CancellationToken cancellationToken)
Microsoft.EntityFrameworkCore.DbUpdateException: An error occurred while saving the entity changes. See the inner exception for details.
 ---> Microsoft.Data.SqlClient.SqlException (0x80131904): Cannot insert the value NULL into column 'DestinatarioId', table 'GestaoFrotasDB.dbo.Notificacoes'; column does not allow nulls. INSERT fails.
   at Microsoft.Data.SqlClient.SqlConnection.OnError(SqlException exception, Boolean breakConnection, Action`1 wrapCloseInAction)
   at Microsoft.Data.SqlClient.SqlInternalConnection.OnError(SqlException exception, Boolean breakConnection, Action`1 wrapCloseInAction)
   at Microsoft.Data.SqlClient.TdsParser.ThrowExceptionAndWarning(TdsParserStateObject stateObj, Boolean callerHasConnectionLock, Boolean asyncClose)
   at Microsoft.Data.SqlClient.TdsParser.TryRun(RunBehavior runBehavior, SqlCommand cmdHandler, SqlDataReader dataStream, BulkCopySimpleResultSet bulkCopyHandler, TdsParserStateObject stateObj, Boolean& dataReady)
   at Microsoft.Data.SqlClient.SqlDataReader.TryHasMoreRows(Boolean& moreRows)
   at Microsoft.Data.SqlClient.SqlDataReader.TryReadInternal(Boolean setTimeout, Boolean& more)
   at Microsoft.Data.SqlClient.SqlDataReader.ReadAsyncExecute(Task task, Object state)
   at Microsoft.Data.SqlClient.SqlDataReader.InvokeAsyncCall[T](SqlDataReaderBaseAsyncCallContext`1 context)
--- End of stack trace from previous location ---
   at Microsoft.EntityFrameworkCore.Update.AffectedCountModificationCommandBatch.ConsumeResultSetAsync(Int32 startCommandIndex, RelationalDataReader reader, CancellationToken cancellationToken)
ClientConnectionId:2ebe06df-bbf9-4b17-98b1-1b6823ad1726
Error Number:515,State:2,Class:16
   --- End of inner exception stack trace ---
   at Microsoft.EntityFrameworkCore.Update.AffectedCountModificationCommandBatch.ConsumeResultSetAsync(Int32 startCommandIndex, RelationalDataReader reader, CancellationToken cancellationToken)
   at Microsoft.EntityFrameworkCore.Update.AffectedCountModificationCommandBatch.ConsumeAsync(RelationalDataReader reader, CancellationToken cancellationToken)
   at Microsoft.EntityFrameworkCore.Update.ReaderModificationCommandBatch.ExecuteAsync(IRelationalConnection connection, CancellationToken cancellationToken)
   at Microsoft.EntityFrameworkCore.Update.ReaderModificationCommandBatch.ExecuteAsync(IRelationalConnection connection, CancellationToken cancellationToken)
   at Microsoft.EntityFrameworkCore.SqlServer.Update.Internal.SqlServerModificationCommandBatch.ExecuteAsync(IRelationalConnection connection, CancellationToken cancellationToken)
   at Microsoft.EntityFrameworkCore.Update.Internal.BatchExecutor.ExecuteAsync(IEnumerable`1 commandBatches, IRelationalConnection connection, CancellationToken cancellationToken)
   at Microsoft.EntityFrameworkCore.Update.Internal.BatchExecutor.ExecuteAsync(IEnumerable`1 commandBatches, IRelationalConnection connection, CancellationToken cancellationToken)
   at Microsoft.EntityFrameworkCore.Update.Internal.BatchExecutor.ExecuteAsync(IEnumerable`1 commandBatches, IRelationalConnection connection, CancellationToken cancellationToken)
   at Microsoft.EntityFrameworkCore.Storage.RelationalDatabase.SaveChangesAsync(IList`1 entries, CancellationToken cancellationToken)
   at Microsoft.EntityFrameworkCore.ChangeTracking.Internal.StateManager.SaveChangesAsync(IList`1 entriesToSave, CancellationToken cancellationToken)
   at Microsoft.EntityFrameworkCore.ChangeTracking.Internal.StateManager.SaveChangesAsync(StateManager stateManager, Boolean acceptAllChangesOnSuccess, CancellationToken cancellationToken)
   at Microsoft.EntityFrameworkCore.SqlServer.Storage.Internal.SqlServerExecutionStrategy.ExecuteAsync[TState,TResult](TState state, Func`4 operation, Func`4 verifySucceeded, CancellationToken cancellationToken)
   at Microsoft.EntityFrameworkCore.DbContext.SaveChangesAsync(Boolean acceptAllChangesOnSuccess, CancellationToken cancellationToken)
2026-06-12 10:11:21.788 +01:00 [INF] Executed DbCommand (4ms) [Parameters=[@p0='?' (DbType = DateTime2), @p1='?' (Size = 4000), @p2='?' (Size = 4000), @p3='?' (Size = 4000), @p4='?' (DbType = Int32), @p5='?' (Size = 4000), @p6='?' (DbType = DateTime2), @p7='?' (Size = 4000), @p8='?' (Size = 4000), @p9='?' (DbType = Boolean), @p10='?' (Size = 4000), @p11='?' (DbType = Int32)], CommandType='"Text"', CommandTimeout='30']
SET NOCOUNT ON;
INSERT INTO [LogsSistema] ([Data], [Descricao], [MetodoHttp], [Rota], [StatusCode], [Utilizador])
OUTPUT INSERTED.[Id]
VALUES (@p0, @p1, @p2, @p3, @p4, @p5);
INSERT INTO [Notificacoes] ([DataCriacao], [DestinatarioId], [Grau], [Lida], [Mensagem], [VeiculoId])
OUTPUT INSERTED.[Id]
VALUES (@p6, @p7, @p8, @p9, @p10, @p11);
2026-06-12 10:11:21.815 +01:00 [ERR] An exception occurred in the database while saving changes for context type 'GestoreDeFrotas.Data.AppDbContext'.
Microsoft.EntityFrameworkCore.DbUpdateException: An error occurred while saving the entity changes. See the inner exception for details.
 ---> Microsoft.Data.SqlClient.SqlException (0x80131904): Cannot insert the value NULL into column 'DestinatarioId', table 'GestaoFrotasDB.dbo.Notificacoes'; column does not allow nulls. INSERT fails.
   at Microsoft.Data.SqlClient.SqlConnection.OnError(SqlException exception, Boolean breakConnection, Action`1 wrapCloseInAction)
   at Microsoft.Data.SqlClient.SqlInternalConnection.OnError(SqlException exception, Boolean breakConnection, Action`1 wrapCloseInAction)
   at Microsoft.Data.SqlClient.TdsParser.ThrowExceptionAndWarning(TdsParserStateObject stateObj, Boolean callerHasConnectionLock, Boolean asyncClose)
   at Microsoft.Data.SqlClient.TdsParser.TryRun(RunBehavior runBehavior, SqlCommand cmdHandler, SqlDataReader dataStream, BulkCopySimpleResultSet bulkCopyHandler, TdsParserStateObject stateObj, Boolean& dataReady)
   at Microsoft.Data.SqlClient.SqlDataReader.TryHasMoreRows(Boolean& moreRows)
   at Microsoft.Data.SqlClient.SqlDataReader.TryReadInternal(Boolean setTimeout, Boolean& more)
   at Microsoft.Data.SqlClient.SqlDataReader.ReadAsyncExecute(Task task, Object state)
   at Microsoft.Data.SqlClient.SqlDataReader.InvokeAsyncCall[T](SqlDataReaderBaseAsyncCallContext`1 context)
--- End of stack trace from previous location ---
   at Microsoft.EntityFrameworkCore.Update.AffectedCountModificationCommandBatch.ConsumeResultSetAsync(Int32 startCommandIndex, RelationalDataReader reader, CancellationToken cancellationToken)
ClientConnectionId:2ebe06df-bbf9-4b17-98b1-1b6823ad1726
Error Number:515,State:2,Class:16
   --- End of inner exception stack trace ---
   at Microsoft.EntityFrameworkCore.Update.AffectedCountModificationCommandBatch.ConsumeResultSetAsync(Int32 startCommandIndex, RelationalDataReader reader, CancellationToken cancellationToken)
   at Microsoft.EntityFrameworkCore.Update.AffectedCountModificationCommandBatch.ConsumeAsync(RelationalDataReader reader, CancellationToken cancellationToken)
   at Microsoft.EntityFrameworkCore.Update.ReaderModificationCommandBatch.ExecuteAsync(IRelationalConnection connection, CancellationToken cancellationToken)
   at Microsoft.EntityFrameworkCore.Update.ReaderModificationCommandBatch.ExecuteAsync(IRelationalConnection connection, CancellationToken cancellationToken)
   at Microsoft.EntityFrameworkCore.SqlServer.Update.Internal.SqlServerModificationCommandBatch.ExecuteAsync(IRelationalConnection connection, CancellationToken cancellationToken)
   at Microsoft.EntityFrameworkCore.Update.Internal.BatchExecutor.ExecuteAsync(IEnumerable`1 commandBatches, IRelationalConnection connection, CancellationToken cancellationToken)
   at Microsoft.EntityFrameworkCore.Update.Internal.BatchExecutor.ExecuteAsync(IEnumerable`1 commandBatches, IRelationalConnection connection, CancellationToken cancellationToken)
   at Microsoft.EntityFrameworkCore.Update.Internal.BatchExecutor.ExecuteAsync(IEnumerable`1 commandBatches, IRelationalConnection connection, CancellationToken cancellationToken)
   at Microsoft.EntityFrameworkCore.Storage.RelationalDatabase.SaveChangesAsync(IList`1 entries, CancellationToken cancellationToken)
   at Microsoft.EntityFrameworkCore.ChangeTracking.Internal.StateManager.SaveChangesAsync(IList`1 entriesToSave, CancellationToken cancellationToken)
   at Microsoft.EntityFrameworkCore.ChangeTracking.Internal.StateManager.SaveChangesAsync(StateManager stateManager, Boolean acceptAllChangesOnSuccess, CancellationToken cancellationToken)
   at Microsoft.EntityFrameworkCore.SqlServer.Storage.Internal.SqlServerExecutionStrategy.ExecuteAsync[TState,TResult](TState state, Func`4 operation, Func`4 verifySucceeded, CancellationToken cancellationToken)
   at Microsoft.EntityFrameworkCore.DbContext.SaveChangesAsync(Boolean acceptAllChangesOnSuccess, CancellationToken cancellationToken)
Microsoft.EntityFrameworkCore.DbUpdateException: An error occurred while saving the entity changes. See the inner exception for details.
 ---> Microsoft.Data.SqlClient.SqlException (0x80131904): Cannot insert the value NULL into column 'DestinatarioId', table 'GestaoFrotasDB.dbo.Notificacoes'; column does not allow nulls. INSERT fails.
   at Microsoft.Data.SqlClient.SqlConnection.OnError(SqlException exception, Boolean breakConnection, Action`1 wrapCloseInAction)
   at Microsoft.Data.SqlClient.SqlInternalConnection.OnError(SqlException exception, Boolean breakConnection, Action`1 wrapCloseInAction)
   at Microsoft.Data.SqlClient.TdsParser.ThrowExceptionAndWarning(TdsParserStateObject stateObj, Boolean callerHasConnectionLock, Boolean asyncClose)
   at Microsoft.Data.SqlClient.TdsParser.TryRun(RunBehavior runBehavior, SqlCommand cmdHandler, SqlDataReader dataStream, BulkCopySimpleResultSet bulkCopyHandler, TdsParserStateObject stateObj, Boolean& dataReady)
   at Microsoft.Data.SqlClient.SqlDataReader.TryHasMoreRows(Boolean& moreRows)
   at Microsoft.Data.SqlClient.SqlDataReader.TryReadInternal(Boolean setTimeout, Boolean& more)
   at Microsoft.Data.SqlClient.SqlDataReader.ReadAsyncExecute(Task task, Object state)
   at Microsoft.Data.SqlClient.SqlDataReader.InvokeAsyncCall[T](SqlDataReaderBaseAsyncCallContext`1 context)
--- End of stack trace from previous location ---
   at Microsoft.EntityFrameworkCore.Update.AffectedCountModificationCommandBatch.ConsumeResultSetAsync(Int32 startCommandIndex, RelationalDataReader reader, CancellationToken cancellationToken)
ClientConnectionId:2ebe06df-bbf9-4b17-98b1-1b6823ad1726
Error Number:515,State:2,Class:16
   --- End of inner exception stack trace ---
   at Microsoft.EntityFrameworkCore.Update.AffectedCountModificationCommandBatch.ConsumeResultSetAsync(Int32 startCommandIndex, RelationalDataReader reader, CancellationToken cancellationToken)
   at Microsoft.EntityFrameworkCore.Update.AffectedCountModificationCommandBatch.ConsumeAsync(RelationalDataReader reader, CancellationToken cancellationToken)
   at Microsoft.EntityFrameworkCore.Update.ReaderModificationCommandBatch.ExecuteAsync(IRelationalConnection connection, CancellationToken cancellationToken)
   at Microsoft.EntityFrameworkCore.Update.ReaderModificationCommandBatch.ExecuteAsync(IRelationalConnection connection, CancellationToken cancellationToken)
   at Microsoft.EntityFrameworkCore.SqlServer.Update.Internal.SqlServerModificationCommandBatch.ExecuteAsync(IRelationalConnection connection, CancellationToken cancellationToken)
   at Microsoft.EntityFrameworkCore.Update.Internal.BatchExecutor.ExecuteAsync(IEnumerable`1 commandBatches, IRelationalConnection connection, CancellationToken cancellationToken)
   at Microsoft.EntityFrameworkCore.Update.Internal.BatchExecutor.ExecuteAsync(IEnumerable`1 commandBatches, IRelationalConnection connection, CancellationToken cancellationToken)
   at Microsoft.EntityFrameworkCore.Update.Internal.BatchExecutor.ExecuteAsync(IEnumerable`1 commandBatches, IRelationalConnection connection, CancellationToken cancellationToken)
   at Microsoft.EntityFrameworkCore.Storage.RelationalDatabase.SaveChangesAsync(IList`1 entries, CancellationToken cancellationToken)
   at Microsoft.EntityFrameworkCore.ChangeTracking.Internal.StateManager.SaveChangesAsync(IList`1 entriesToSave, CancellationToken cancellationToken)
   at Microsoft.EntityFrameworkCore.ChangeTracking.Internal.StateManager.SaveChangesAsync(StateManager stateManager, Boolean acceptAllChangesOnSuccess, CancellationToken cancellationToken)
   at Microsoft.EntityFrameworkCore.SqlServer.Storage.Internal.SqlServerExecutionStrategy.ExecuteAsync[TState,TResult](TState state, Func`4 operation, Func`4 verifySucceeded, CancellationToken cancellationToken)
   at Microsoft.EntityFrameworkCore.DbContext.SaveChangesAsync(Boolean acceptAllChangesOnSuccess, CancellationToken cancellationToken)
2026-06-12 10:11:21.964 +01:00 [INF] Executing BadRequestObjectResult, writing value of type '<>f__AnonymousType4`1[[System.String, System.Private.CoreLib, Version=9.0.0.0, Culture=neutral, PublicKeyToken=7cec85d7bea7798e]]'.
2026-06-12 10:11:21.966 +01:00 [INF] Executed action GestoreDeFrotas.Controllers.ViagensController.FinalizarViagem (GestoreDeFrotas) in 834.243ms
2026-06-12 10:11:21.968 +01:00 [INF] Executed endpoint 'GestoreDeFrotas.Controllers.ViagensController.FinalizarViagem (GestoreDeFrotas)'
2026-06-12 10:11:22.044 +01:00 [INF] Executed DbCommand (68ms) [Parameters=[@p0='?' (DbType = DateTime2), @p1='?' (Size = 4000), @p2='?' (Size = 4000), @p3='?' (Size = 4000), @p4='?' (DbType = Int32), @p5='?' (Size = 4000), @p6='?' (DbType = DateTime2), @p7='?' (Size = 4000), @p8='?' (Size = 4000), @p9='?' (DbType = Boolean), @p10='?' (Size = 4000), @p11='?' (DbType = Int32), @p12='?' (DbType = DateTime2), @p13='?' (Size = 4000), @p14='?' (Size = 4000), @p15='?' (DbType = Boolean), @p16='?' (Size = 4000), @p17='?' (DbType = Int32)], CommandType='"Text"', CommandTimeout='30']
SET NOCOUNT ON;
INSERT INTO [LogsSistema] ([Data], [Descricao], [MetodoHttp], [Rota], [StatusCode], [Utilizador])
OUTPUT INSERTED.[Id]
VALUES (@p0, @p1, @p2, @p3, @p4, @p5);
MERGE [Notificacoes] USING (
VALUES (@p6, @p7, @p8, @p9, @p10, @p11, 0),
(@p12, @p13, @p14, @p15, @p16, @p17, 1)) AS i ([DataCriacao], [DestinatarioId], [Grau], [Lida], [Mensagem], [VeiculoId], _Position) ON 1=0
WHEN NOT MATCHED THEN
INSERT ([DataCriacao], [DestinatarioId], [Grau], [Lida], [Mensagem], [VeiculoId])
VALUES (i.[DataCriacao], i.[DestinatarioId], i.[Grau], i.[Lida], i.[Mensagem], i.[VeiculoId])
OUTPUT INSERTED.[Id], i._Position;
2026-06-12 10:11:22.051 +01:00 [ERR] An exception occurred in the database while saving changes for context type 'GestoreDeFrotas.Data.AppDbContext'.
Microsoft.EntityFrameworkCore.DbUpdateException: An error occurred while saving the entity changes. See the inner exception for details.
 ---> Microsoft.Data.SqlClient.SqlException (0x80131904): Cannot insert the value NULL into column 'DestinatarioId', table 'GestaoFrotasDB.dbo.Notificacoes'; column does not allow nulls. UPDATE fails.
   at Microsoft.Data.SqlClient.SqlConnection.OnError(SqlException exception, Boolean breakConnection, Action`1 wrapCloseInAction)
   at Microsoft.Data.SqlClient.SqlInternalConnection.OnError(SqlException exception, Boolean breakConnection, Action`1 wrapCloseInAction)
   at Microsoft.Data.SqlClient.TdsParser.ThrowExceptionAndWarning(TdsParserStateObject stateObj, Boolean callerHasConnectionLock, Boolean asyncClose)
   at Microsoft.Data.SqlClient.TdsParser.TryRun(RunBehavior runBehavior, SqlCommand cmdHandler, SqlDataReader dataStream, BulkCopySimpleResultSet bulkCopyHandler, TdsParserStateObject stateObj, Boolean& dataReady)
   at Microsoft.Data.SqlClient.SqlDataReader.TryHasMoreRows(Boolean& moreRows)
   at Microsoft.Data.SqlClient.SqlDataReader.TryReadInternal(Boolean setTimeout, Boolean& more)
   at Microsoft.Data.SqlClient.SqlDataReader.ReadAsyncExecute(Task task, Object state)
   at Microsoft.Data.SqlClient.SqlDataReader.InvokeAsyncCall[T](SqlDataReaderBaseAsyncCallContext`1 context)
--- End of stack trace from previous location ---
   at Microsoft.EntityFrameworkCore.Update.AffectedCountModificationCommandBatch.ConsumeResultSetAsync(Int32 startCommandIndex, RelationalDataReader reader, CancellationToken cancellationToken)
ClientConnectionId:2ebe06df-bbf9-4b17-98b1-1b6823ad1726
Error Number:515,State:2,Class:16
   --- End of inner exception stack trace ---
   at Microsoft.EntityFrameworkCore.Update.AffectedCountModificationCommandBatch.ConsumeResultSetAsync(Int32 startCommandIndex, RelationalDataReader reader, CancellationToken cancellationToken)
   at Microsoft.EntityFrameworkCore.Update.AffectedCountModificationCommandBatch.ConsumeAsync(RelationalDataReader reader, CancellationToken cancellationToken)
   at Microsoft.EntityFrameworkCore.Update.ReaderModificationCommandBatch.ExecuteAsync(IRelationalConnection connection, CancellationToken cancellationToken)
   at Microsoft.EntityFrameworkCore.Update.ReaderModificationCommandBatch.ExecuteAsync(IRelationalConnection connection, CancellationToken cancellationToken)
   at Microsoft.EntityFrameworkCore.SqlServer.Update.Internal.SqlServerModificationCommandBatch.ExecuteAsync(IRelationalConnection connection, CancellationToken cancellationToken)
   at Microsoft.EntityFrameworkCore.Update.Internal.BatchExecutor.ExecuteAsync(IEnumerable`1 commandBatches, IRelationalConnection connection, CancellationToken cancellationToken)
   at Microsoft.EntityFrameworkCore.Update.Internal.BatchExecutor.ExecuteAsync(IEnumerable`1 commandBatches, IRelationalConnection connection, CancellationToken cancellationToken)
   at Microsoft.EntityFrameworkCore.Update.Internal.BatchExecutor.ExecuteAsync(IEnumerable`1 commandBatches, IRelationalConnection connection, CancellationToken cancellationToken)
   at Microsoft.EntityFrameworkCore.Storage.RelationalDatabase.SaveChangesAsync(IList`1 entries, CancellationToken cancellationToken)
   at Microsoft.EntityFrameworkCore.ChangeTracking.Internal.StateManager.SaveChangesAsync(IList`1 entriesToSave, CancellationToken cancellationToken)
   at Microsoft.EntityFrameworkCore.ChangeTracking.Internal.StateManager.SaveChangesAsync(StateManager stateManager, Boolean acceptAllChangesOnSuccess, CancellationToken cancellationToken)
   at Microsoft.EntityFrameworkCore.SqlServer.Storage.Internal.SqlServerExecutionStrategy.ExecuteAsync[TState,TResult](TState state, Func`4 operation, Func`4 verifySucceeded, CancellationToken cancellationToken)
   at Microsoft.EntityFrameworkCore.DbContext.SaveChangesAsync(Boolean acceptAllChangesOnSuccess, CancellationToken cancellationToken)
Microsoft.EntityFrameworkCore.DbUpdateException: An error occurred while saving the entity changes. See the inner exception for details.
 ---> Microsoft.Data.SqlClient.SqlException (0x80131904): Cannot insert the value NULL into column 'DestinatarioId', table 'GestaoFrotasDB.dbo.Notificacoes'; column does not allow nulls. UPDATE fails.
   at Microsoft.Data.SqlClient.SqlConnection.OnError(SqlException exception, Boolean breakConnection, Action`1 wrapCloseInAction)
   at Microsoft.Data.SqlClient.SqlInternalConnection.OnError(SqlException exception, Boolean breakConnection, Action`1 wrapCloseInAction)
   at Microsoft.Data.SqlClient.TdsParser.ThrowExceptionAndWarning(TdsParserStateObject stateObj, Boolean callerHasConnectionLock, Boolean asyncClose)
   at Microsoft.Data.SqlClient.TdsParser.TryRun(RunBehavior runBehavior, SqlCommand cmdHandler, SqlDataReader dataStream, BulkCopySimpleResultSet bulkCopyHandler, TdsParserStateObject stateObj, Boolean& dataReady)
   at Microsoft.Data.SqlClient.SqlDataReader.TryHasMoreRows(Boolean& moreRows)
   at Microsoft.Data.SqlClient.SqlDataReader.TryReadInternal(Boolean setTimeout, Boolean& more)
   at Microsoft.Data.SqlClient.SqlDataReader.ReadAsyncExecute(Task task, Object state)
   at Microsoft.Data.SqlClient.SqlDataReader.InvokeAsyncCall[T](SqlDataReaderBaseAsyncCallContext`1 context)
--- End of stack trace from previous location ---
   at Microsoft.EntityFrameworkCore.Update.AffectedCountModificationCommandBatch.ConsumeResultSetAsync(Int32 startCommandIndex, RelationalDataReader reader, CancellationToken cancellationToken)
ClientConnectionId:2ebe06df-bbf9-4b17-98b1-1b6823ad1726
Error Number:515,State:2,Class:16
   --- End of inner exception stack trace ---
   at Microsoft.EntityFrameworkCore.Update.AffectedCountModificationCommandBatch.ConsumeResultSetAsync(Int32 startCommandIndex, RelationalDataReader reader, CancellationToken cancellationToken)
   at Microsoft.EntityFrameworkCore.Update.AffectedCountModificationCommandBatch.ConsumeAsync(RelationalDataReader reader, CancellationToken cancellationToken)
   at Microsoft.EntityFrameworkCore.Update.ReaderModificationCommandBatch.ExecuteAsync(IRelationalConnection connection, CancellationToken cancellationToken)
   at Microsoft.EntityFrameworkCore.Update.ReaderModificationCommandBatch.ExecuteAsync(IRelationalConnection connection, CancellationToken cancellationToken)
   at Microsoft.EntityFrameworkCore.SqlServer.Update.Internal.SqlServerModificationCommandBatch.ExecuteAsync(IRelationalConnection connection, CancellationToken cancellationToken)
   at Microsoft.EntityFrameworkCore.Update.Internal.BatchExecutor.ExecuteAsync(IEnumerable`1 commandBatches, IRelationalConnection connection, CancellationToken cancellationToken)
   at Microsoft.EntityFrameworkCore.Update.Internal.BatchExecutor.ExecuteAsync(IEnumerable`1 commandBatches, IRelationalConnection connection, CancellationToken cancellationToken)
   at Microsoft.EntityFrameworkCore.Update.Internal.BatchExecutor.ExecuteAsync(IEnumerable`1 commandBatches, IRelationalConnection connection, CancellationToken cancellationToken)
   at Microsoft.EntityFrameworkCore.Storage.RelationalDatabase.SaveChangesAsync(IList`1 entries, CancellationToken cancellationToken)
   at Microsoft.EntityFrameworkCore.ChangeTracking.Internal.StateManager.SaveChangesAsync(IList`1 entriesToSave, CancellationToken cancellationToken)
   at Microsoft.EntityFrameworkCore.ChangeTracking.Internal.StateManager.SaveChangesAsync(StateManager stateManager, Boolean acceptAllChangesOnSuccess, CancellationToken cancellationToken)
   at Microsoft.EntityFrameworkCore.SqlServer.Storage.Internal.SqlServerExecutionStrategy.ExecuteAsync[TState,TResult](TState state, Func`4 operation, Func`4 verifySucceeded, CancellationToken cancellationToken)
   at Microsoft.EntityFrameworkCore.DbContext.SaveChangesAsync(Boolean acceptAllChangesOnSuccess, CancellationToken cancellationToken)
2026-06-12 10:14:57.854 +01:00 [INF] Executed DbCommand (15ms) [Parameters=[], CommandType='"Text"', CommandTimeout='30']
SELECT 1
2026-06-12 10:14:57.925 +01:00 [INF] Acquiring an exclusive lock for migration application. See https://aka.ms/efcore-docs-migrations-lock for more information if this takes too long.
2026-06-12 10:14:57.970 +01:00 [INF] Executed DbCommand (35ms) [Parameters=[], CommandType='"Text"', CommandTimeout='30']
DECLARE @result int;
EXEC @result = sp_getapplock @Resource = '__EFMigrationsLock', @LockOwner = 'Session', @LockMode = 'Exclusive';
SELECT @result
2026-06-12 10:14:58.047 +01:00 [INF] Executed DbCommand (2ms) [Parameters=[], CommandType='"Text"', CommandTimeout='30']
IF OBJECT_ID(N'[__EFMigrationsHistory]') IS NULL
BEGIN
    CREATE TABLE [__EFMigrationsHistory] (
        [MigrationId] nvarchar(150) NOT NULL,
        [ProductVersion] nvarchar(32) NOT NULL,
        CONSTRAINT [PK___EFMigrationsHistory] PRIMARY KEY ([MigrationId])
    );
END;
2026-06-12 10:14:58.058 +01:00 [INF] Executed DbCommand (0ms) [Parameters=[], CommandType='"Text"', CommandTimeout='30']
SELECT 1
2026-06-12 10:14:58.063 +01:00 [INF] Executed DbCommand (0ms) [Parameters=[], CommandType='"Text"', CommandTimeout='30']
SELECT OBJECT_ID(N'[__EFMigrationsHistory]');
2026-06-12 10:14:58.082 +01:00 [INF] Executed DbCommand (16ms) [Parameters=[], CommandType='"Text"', CommandTimeout='30']
SELECT [MigrationId], [ProductVersion]
FROM [__EFMigrationsHistory]
ORDER BY [MigrationId];
2026-06-12 10:14:58.090 +01:00 [INF] No migrations were applied. The database is already up to date.
2026-06-12 10:14:58.094 +01:00 [INF] Executed DbCommand (2ms) [Parameters=[], CommandType='"Text"', CommandTimeout='30']
DECLARE @result int;
EXEC @result = sp_releaseapplock @Resource = '__EFMigrationsLock', @LockOwner = 'Session';
SELECT @result
2026-06-12 10:14:58.463 +01:00 [INF] Executed DbCommand (57ms) [Parameters=[], CommandType='"Text"', CommandTimeout='30']
SELECT CASE
    WHEN EXISTS (
        SELECT 1
        FROM [Veiculos] AS [v]) THEN CAST(1 AS bit)
    ELSE CAST(0 AS bit)
END
2026-06-12 10:14:58.512 +01:00 [INF] Executed DbCommand (36ms) [Parameters=[], CommandType='"Text"', CommandTimeout='30']
SELECT CASE
    WHEN EXISTS (
        SELECT 1
        FROM [RegistosManutencao] AS [r]) THEN CAST(1 AS bit)
    ELSE CAST(0 AS bit)
END
2026-06-12 10:14:58.614 +01:00 [INF] Executed DbCommand (1ms) [Parameters=[], CommandType='"Text"', CommandTimeout='30']
SELECT 1
2026-06-12 10:14:58.663 +01:00 [INF] Executed DbCommand (43ms) [Parameters=[], CommandType='"Text"', CommandTimeout='30']

IF EXISTS
    (SELECT *
     FROM [sys].[objects] o
     WHERE [o].[type] = 'U'
     AND [o].[is_ms_shipped] = 0
     AND NOT EXISTS (SELECT *
         FROM [sys].[extended_properties] AS [ep]
         WHERE [ep].[major_id] = [o].[object_id]
             AND [ep].[minor_id] = 0
             AND [ep].[class] = 1
             AND [ep].[name] = N'microsoft_database_tools_support'
    )
)
SELECT 1 ELSE SELECT 0
2026-06-12 10:14:58.670 +01:00 [INF] Executed DbCommand (2ms) [Parameters=[], CommandType='"Text"', CommandTimeout='30']
SELECT CASE
    WHEN EXISTS (
        SELECT 1
        FROM [Veiculos] AS [v]) THEN CAST(1 AS bit)
    ELSE CAST(0 AS bit)
END
2026-06-12 10:14:58.687 +01:00 [INF] Executed DbCommand (3ms) [Parameters=[], CommandType='"Text"', CommandTimeout='30']
SELECT CASE
    WHEN EXISTS (
        SELECT 1
        FROM [Viagens] AS [v]) THEN CAST(1 AS bit)
    ELSE CAST(0 AS bit)
END
2026-06-12 10:14:58.940 +01:00 [INF] User profile is available. Using 'C:\Users\harri\AppData\Local\ASP.NET\DataProtection-Keys' as key repository and Windows DPAPI to encrypt keys at rest.
2026-06-12 10:14:59.368 +01:00 [INF] Now listening on: https://localhost:7231
2026-06-12 10:14:59.369 +01:00 [INF] Now listening on: http://localhost:5256
2026-06-12 10:14:59.463 +01:00 [INF] Application started. Press Ctrl+C to shut down.
2026-06-12 10:14:59.464 +01:00 [INF] Hosting environment: Development
2026-06-12 10:14:59.466 +01:00 [INF] Content root path: C:\Users\harri\OneDrive\Escritorio\Visual Studio\GestoreDeFrotas\Src
2026-06-12 10:16:14.572 +01:00 [INF] Request starting HTTP/2 GET https://localhost:7231/swagger/index.html - null null
2026-06-12 10:16:15.021 +01:00 [INF] Request finished HTTP/2 GET https://localhost:7231/swagger/index.html - 200 null text/html;charset=utf-8 469.8768ms
2026-06-12 10:16:15.080 +01:00 [INF] Request starting HTTP/2 GET https://localhost:7231/_framework/aspnetcore-browser-refresh.js - null null
2026-06-12 10:16:15.093 +01:00 [INF] Request starting HTTP/2 GET https://localhost:7231/_vs/browserLink - null null
2026-06-12 10:16:15.110 +01:00 [INF] Request starting HTTP/2 GET https://localhost:7231/swagger/index.js - null null
2026-06-12 10:16:15.114 +01:00 [INF] Request finished HTTP/2 GET https://localhost:7231/_framework/aspnetcore-browser-refresh.js - 200 14935 application/javascript; charset=utf-8 34.4241ms
2026-06-12 10:16:15.135 +01:00 [INF] Request finished HTTP/2 GET https://localhost:7231/swagger/index.js - 200 null application/javascript;charset=utf-8 24.3345ms
2026-06-12 10:16:15.183 +01:00 [INF] Request finished HTTP/2 GET https://localhost:7231/_vs/browserLink - 200 null text/javascript; charset=UTF-8 90.3611ms
2026-06-12 10:16:16.970 +01:00 [INF] Request starting HTTP/2 GET https://localhost:7231/swagger/v1/swagger.json - null null
2026-06-12 10:16:17.087 +01:00 [INF] Request finished HTTP/2 GET https://localhost:7231/swagger/v1/swagger.json - 200 null application/json;charset=utf-8 117.2467ms
2026-06-12 10:16:40.279 +01:00 [INF] Request starting HTTP/2 POST https://localhost:7231/api/auth/teste-token?cargo=Admin - null 0
2026-06-12 10:16:40.649 +01:00 [INF] Executing endpoint 'HTTP: POST /api/auth/teste-token'
2026-06-12 10:16:40.701 +01:00 [INF] Setting HTTP status code 200.
2026-06-12 10:16:40.707 +01:00 [INF] Writing value of type '<>f__AnonymousType18`1' as Json.
2026-06-12 10:16:40.711 +01:00 [INF] Executed endpoint 'HTTP: POST /api/auth/teste-token'
2026-06-12 10:16:40.755 +01:00 [INF] Request finished HTTP/2 POST https://localhost:7231/api/auth/teste-token?cargo=Admin - 200 null application/json; charset=utf-8 501.9729ms
2026-06-12 10:17:18.205 +01:00 [INF] Request starting HTTP/2 POST https://localhost:7231/api/Viagens/iniciar/34 - null 0
2026-06-12 10:17:18.281 +01:00 [INF] Executing endpoint 'GestoreDeFrotas.Controllers.ViagensController.Iniciar (GestoreDeFrotas)'
2026-06-12 10:17:18.315 +01:00 [INF] Route matched with {action = "Iniciar", controller = "Viagens"}. Executing controller action with signature System.Threading.Tasks.Task`1[Microsoft.AspNetCore.Mvc.IActionResult] Iniciar(Int32) on controller GestoreDeFrotas.Controllers.ViagensController (GestoreDeFrotas).
2026-06-12 10:17:18.568 +01:00 [INF] Executed DbCommand (89ms) [Parameters=[@__veiculoId_0='?' (DbType = Int32)], CommandType='"Text"', CommandTimeout='30']
SELECT CASE
    WHEN EXISTS (
        SELECT 1
        FROM [Viagens] AS [v]
        WHERE [v].[VeiculoId] = @__veiculoId_0 AND [v].[EstaAtiva] = CAST(1 AS bit)) THEN CAST(1 AS bit)
    ELSE CAST(0 AS bit)
END
2026-06-12 10:17:18.688 +01:00 [INF] Executed DbCommand (10ms) [Parameters=[@__p_0='?' (DbType = Int32)], CommandType='"Text"', CommandTimeout='30']
SELECT TOP(1) [v].[Id], [v].[Ano], [v].[CategoriaUsuario], [v].[CondutorHabitualId], [v].[Cor], [v].[DataProximaIpo], [v].[EstaAtivo], [v].[Estado], [v].[IntervaloManutencaoKm], [v].[KmAtual], [v].[Marca], [v].[Matricula], [v].[Modelo], [v].[TecnicoResponsavelId], [v].[UltimaManutencaoData], [v].[UltimaManutencaoKm]
FROM [Veiculos] AS [v]
WHERE [v].[Id] = @__p_0
2026-06-12 10:17:19.019 +01:00 [INF] Executed DbCommand (28ms) [Parameters=[@p1='?' (DbType = Int32), @p0='?' (Size = 4000), @p2='?' (Size = 4000), @p3='?' (Size = 4000), @p4='?' (DbType = DateTime2), @p5='?' (DbType = DateTime2), @p6='?' (DbType = DateTime2), @p7='?' (DbType = Boolean), @p8='?' (DbType = Int32), @p9='?' (DbType = Int32), @p10='?' (Size = 4000), @p11='?' (DbType = Boolean), @p12='?' (Size = 4000), @p13='?' (Size = 4000), @p14='?' (DbType = Int32)], CommandType='"Text"', CommandTimeout='30']
SET NOCOUNT ON;
UPDATE [Veiculos] SET [Estado] = @p0
OUTPUT 1
WHERE [Id] = @p1;
INSERT INTO [Viagens] ([CondutorPrincipalId], [CondutorSecundarioId], [DataFim], [DataInicio], [DataLimitePrevista], [EstaAtiva], [KmFinais], [KmIniciais], [ObservacoesEntrega], [PediuProrrogacao], [TecnicoLevantamentoId], [TecnicoRecebimentoId], [VeiculoId])
OUTPUT INSERTED.[Id]
VALUES (@p2, @p3, @p4, @p5, @p6, @p7, @p8, @p9, @p10, @p11, @p12, @p13, @p14);
2026-06-12 10:17:19.115 +01:00 [INF] Executed DbCommand (10ms) [Parameters=[@p0='?' (DbType = DateTime2), @p1='?' (Size = 4000), @p2='?' (Size = 4000), @p3='?' (Size = 4000), @p4='?' (DbType = Int32), @p5='?' (Size = 4000)], CommandType='"Text"', CommandTimeout='30']
SET IMPLICIT_TRANSACTIONS OFF;
SET NOCOUNT ON;
INSERT INTO [LogsSistema] ([Data], [Descricao], [MetodoHttp], [Rota], [StatusCode], [Utilizador])
OUTPUT INSERTED.[Id]
VALUES (@p0, @p1, @p2, @p3, @p4, @p5);
2026-06-12 10:17:19.135 +01:00 [INF] Executing OkObjectResult, writing value of type 'GestoreDeFrotas.Models.Viagem'.
2026-06-12 10:17:19.160 +01:00 [INF] Executed action GestoreDeFrotas.Controllers.ViagensController.Iniciar (GestoreDeFrotas) in 835.6033ms
2026-06-12 10:17:19.163 +01:00 [INF] Executed endpoint 'GestoreDeFrotas.Controllers.ViagensController.Iniciar (GestoreDeFrotas)'
2026-06-12 10:17:19.172 +01:00 [INF] Request finished HTTP/2 POST https://localhost:7231/api/Viagens/iniciar/34 - 200 null application/json; charset=utf-8 1065.9513ms
2026-06-12 10:17:44.907 +01:00 [INF] Request starting HTTP/2 POST https://localhost:7231/api/Viagens/finalizar/4 - application/json 56
2026-06-12 10:17:44.944 +01:00 [INF] Executing endpoint 'GestoreDeFrotas.Controllers.ViagensController.FinalizarViagem (GestoreDeFrotas)'
2026-06-12 10:17:44.949 +01:00 [INF] Route matched with {action = "FinalizarViagem", controller = "Viagens"}. Executing controller action with signature System.Threading.Tasks.Task`1[Microsoft.AspNetCore.Mvc.IActionResult] FinalizarViagem(Int32, GestoreDeFrotas.Controllers.EntregaViagemDto) on controller GestoreDeFrotas.Controllers.ViagensController (GestoreDeFrotas).
2026-06-12 10:17:44.983 +01:00 [INF] Executed DbCommand (2ms) [Parameters=[@__p_0='?' (DbType = Int32)], CommandType='"Text"', CommandTimeout='30']
SELECT TOP(1) [v].[Id], [v].[CondutorPrincipalId], [v].[CondutorSecundarioId], [v].[DataFim], [v].[DataInicio], [v].[DataLimitePrevista], [v].[EstaAtiva], [v].[KmFinais], [v].[KmIniciais], [v].[ObservacoesEntrega], [v].[PediuProrrogacao], [v].[TecnicoLevantamentoId], [v].[TecnicoRecebimentoId], [v].[VeiculoId]
FROM [Viagens] AS [v]
WHERE [v].[Id] = @__p_0
2026-06-12 10:17:44.995 +01:00 [INF] Executed DbCommand (4ms) [Parameters=[@__p_0='?' (DbType = Int32)], CommandType='"Text"', CommandTimeout='30']
SELECT TOP(1) [v].[Id], [v].[Ano], [v].[CategoriaUsuario], [v].[CondutorHabitualId], [v].[Cor], [v].[DataProximaIpo], [v].[EstaAtivo], [v].[Estado], [v].[IntervaloManutencaoKm], [v].[KmAtual], [v].[Marca], [v].[Matricula], [v].[Modelo], [v].[TecnicoResponsavelId], [v].[UltimaManutencaoData], [v].[UltimaManutencaoKm]
FROM [Veiculos] AS [v]
WHERE [v].[Id] = @__p_0
2026-06-12 10:17:45.012 +01:00 [INF] Executed DbCommand (4ms) [Parameters=[@__veiculoId_Value_0='?' (DbType = Int32)], CommandType='"Text"', CommandTimeout='30']
SELECT TOP(1) [v].[Id], [v].[Ano], [v].[CategoriaUsuario], [v].[CondutorHabitualId], [v].[Cor], [v].[DataProximaIpo], [v].[EstaAtivo], [v].[Estado], [v].[IntervaloManutencaoKm], [v].[KmAtual], [v].[Marca], [v].[Matricula], [v].[Modelo], [v].[TecnicoResponsavelId], [v].[UltimaManutencaoData], [v].[UltimaManutencaoKm]
FROM [Veiculos] AS [v]
WHERE [v].[Id] = @__veiculoId_Value_0
2026-06-12 10:17:45.059 +01:00 [INF] Executed DbCommand (11ms) [Parameters=[@p0='?' (DbType = DateTime2), @p1='?' (Size = 4000), @p2='?' (Size = 4000), @p3='?' (DbType = Boolean), @p4='?' (Size = 4000), @p5='?' (DbType = Int32), @p7='?' (DbType = Int32), @p6='?' (Size = 4000), @p11='?' (DbType = Int32), @p8='?' (DbType = DateTime2), @p9='?' (DbType = Boolean), @p10='?' (Size = 4000)], CommandType='"Text"', CommandTimeout='30']
SET NOCOUNT ON;
INSERT INTO [Notificacoes] ([DataCriacao], [DestinatarioId], [Grau], [Lida], [Mensagem], [VeiculoId])
OUTPUT INSERTED.[Id]
VALUES (@p0, @p1, @p2, @p3, @p4, @p5);
UPDATE [Veiculos] SET [Estado] = @p6
OUTPUT 1
WHERE [Id] = @p7;
UPDATE [Viagens] SET [DataFim] = @p8, [EstaAtiva] = @p9, [ObservacoesEntrega] = @p10
OUTPUT 1
WHERE [Id] = @p11;
2026-06-12 10:17:45.078 +01:00 [INF] Executed DbCommand (6ms) [Parameters=[@p0='?' (DbType = DateTime2), @p1='?' (Size = 4000), @p2='?' (Size = 4000), @p3='?' (DbType = Boolean), @p4='?' (Size = 4000), @p5='?' (DbType = Int32)], CommandType='"Text"', CommandTimeout='30']
SET IMPLICIT_TRANSACTIONS OFF;
SET NOCOUNT ON;
INSERT INTO [Notificacoes] ([DataCriacao], [DestinatarioId], [Grau], [Lida], [Mensagem], [VeiculoId])
OUTPUT INSERTED.[Id]
VALUES (@p0, @p1, @p2, @p3, @p4, @p5);
2026-06-12 10:17:45.163 +01:00 [ERR] An exception occurred in the database while saving changes for context type 'GestoreDeFrotas.Data.AppDbContext'.
Microsoft.EntityFrameworkCore.DbUpdateException: An error occurred while saving the entity changes. See the inner exception for details.
 ---> Microsoft.Data.SqlClient.SqlException (0x80131904): Cannot insert the value NULL into column 'DestinatarioId', table 'GestaoFrotasDB.dbo.Notificacoes'; column does not allow nulls. INSERT fails.
   at Microsoft.Data.SqlClient.SqlConnection.OnError(SqlException exception, Boolean breakConnection, Action`1 wrapCloseInAction)
   at Microsoft.Data.SqlClient.SqlInternalConnection.OnError(SqlException exception, Boolean breakConnection, Action`1 wrapCloseInAction)
   at Microsoft.Data.SqlClient.TdsParser.ThrowExceptionAndWarning(TdsParserStateObject stateObj, Boolean callerHasConnectionLock, Boolean asyncClose)
   at Microsoft.Data.SqlClient.TdsParser.TryRun(RunBehavior runBehavior, SqlCommand cmdHandler, SqlDataReader dataStream, BulkCopySimpleResultSet bulkCopyHandler, TdsParserStateObject stateObj, Boolean& dataReady)
   at Microsoft.Data.SqlClient.SqlDataReader.TryHasMoreRows(Boolean& moreRows)
   at Microsoft.Data.SqlClient.SqlDataReader.TryReadInternal(Boolean setTimeout, Boolean& more)
   at Microsoft.Data.SqlClient.SqlDataReader.ReadAsyncExecute(Task task, Object state)
   at Microsoft.Data.SqlClient.SqlDataReader.InvokeAsyncCall[T](SqlDataReaderBaseAsyncCallContext`1 context)
--- End of stack trace from previous location ---
   at Microsoft.EntityFrameworkCore.Update.AffectedCountModificationCommandBatch.ConsumeResultSetAsync(Int32 startCommandIndex, RelationalDataReader reader, CancellationToken cancellationToken)
ClientConnectionId:a6ff19b4-5742-4aa6-a471-9bbb80d73170
Error Number:515,State:2,Class:16
   --- End of inner exception stack trace ---
   at Microsoft.EntityFrameworkCore.Update.AffectedCountModificationCommandBatch.ConsumeResultSetAsync(Int32 startCommandIndex, RelationalDataReader reader, CancellationToken cancellationToken)
   at Microsoft.EntityFrameworkCore.Update.AffectedCountModificationCommandBatch.ConsumeAsync(RelationalDataReader reader, CancellationToken cancellationToken)
   at Microsoft.EntityFrameworkCore.Update.ReaderModificationCommandBatch.ExecuteAsync(IRelationalConnection connection, CancellationToken cancellationToken)
   at Microsoft.EntityFrameworkCore.Update.ReaderModificationCommandBatch.ExecuteAsync(IRelationalConnection connection, CancellationToken cancellationToken)
   at Microsoft.EntityFrameworkCore.SqlServer.Update.Internal.SqlServerModificationCommandBatch.ExecuteAsync(IRelationalConnection connection, CancellationToken cancellationToken)
   at Microsoft.EntityFrameworkCore.Update.Internal.BatchExecutor.ExecuteAsync(IEnumerable`1 commandBatches, IRelationalConnection connection, CancellationToken cancellationToken)
   at Microsoft.EntityFrameworkCore.Update.Internal.BatchExecutor.ExecuteAsync(IEnumerable`1 commandBatches, IRelationalConnection connection, CancellationToken cancellationToken)
   at Microsoft.EntityFrameworkCore.Update.Internal.BatchExecutor.ExecuteAsync(IEnumerable`1 commandBatches, IRelationalConnection connection, CancellationToken cancellationToken)
   at Microsoft.EntityFrameworkCore.Storage.RelationalDatabase.SaveChangesAsync(IList`1 entries, CancellationToken cancellationToken)
   at Microsoft.EntityFrameworkCore.ChangeTracking.Internal.StateManager.SaveChangesAsync(IList`1 entriesToSave, CancellationToken cancellationToken)
   at Microsoft.EntityFrameworkCore.ChangeTracking.Internal.StateManager.SaveChangesAsync(StateManager stateManager, Boolean acceptAllChangesOnSuccess, CancellationToken cancellationToken)
   at Microsoft.EntityFrameworkCore.SqlServer.Storage.Internal.SqlServerExecutionStrategy.ExecuteAsync[TState,TResult](TState state, Func`4 operation, Func`4 verifySucceeded, CancellationToken cancellationToken)
   at Microsoft.EntityFrameworkCore.DbContext.SaveChangesAsync(Boolean acceptAllChangesOnSuccess, CancellationToken cancellationToken)
Microsoft.EntityFrameworkCore.DbUpdateException: An error occurred while saving the entity changes. See the inner exception for details.
 ---> Microsoft.Data.SqlClient.SqlException (0x80131904): Cannot insert the value NULL into column 'DestinatarioId', table 'GestaoFrotasDB.dbo.Notificacoes'; column does not allow nulls. INSERT fails.
   at Microsoft.Data.SqlClient.SqlConnection.OnError(SqlException exception, Boolean breakConnection, Action`1 wrapCloseInAction)
   at Microsoft.Data.SqlClient.SqlInternalConnection.OnError(SqlException exception, Boolean breakConnection, Action`1 wrapCloseInAction)
   at Microsoft.Data.SqlClient.TdsParser.ThrowExceptionAndWarning(TdsParserStateObject stateObj, Boolean callerHasConnectionLock, Boolean asyncClose)
   at Microsoft.Data.SqlClient.TdsParser.TryRun(RunBehavior runBehavior, SqlCommand cmdHandler, SqlDataReader dataStream, BulkCopySimpleResultSet bulkCopyHandler, TdsParserStateObject stateObj, Boolean& dataReady)
   at Microsoft.Data.SqlClient.SqlDataReader.TryHasMoreRows(Boolean& moreRows)
   at Microsoft.Data.SqlClient.SqlDataReader.TryReadInternal(Boolean setTimeout, Boolean& more)
   at Microsoft.Data.SqlClient.SqlDataReader.ReadAsyncExecute(Task task, Object state)
   at Microsoft.Data.SqlClient.SqlDataReader.InvokeAsyncCall[T](SqlDataReaderBaseAsyncCallContext`1 context)
--- End of stack trace from previous location ---
   at Microsoft.EntityFrameworkCore.Update.AffectedCountModificationCommandBatch.ConsumeResultSetAsync(Int32 startCommandIndex, RelationalDataReader reader, CancellationToken cancellationToken)
ClientConnectionId:a6ff19b4-5742-4aa6-a471-9bbb80d73170
Error Number:515,State:2,Class:16
   --- End of inner exception stack trace ---
   at Microsoft.EntityFrameworkCore.Update.AffectedCountModificationCommandBatch.ConsumeResultSetAsync(Int32 startCommandIndex, RelationalDataReader reader, CancellationToken cancellationToken)
   at Microsoft.EntityFrameworkCore.Update.AffectedCountModificationCommandBatch.ConsumeAsync(RelationalDataReader reader, CancellationToken cancellationToken)
   at Microsoft.EntityFrameworkCore.Update.ReaderModificationCommandBatch.ExecuteAsync(IRelationalConnection connection, CancellationToken cancellationToken)
   at Microsoft.EntityFrameworkCore.Update.ReaderModificationCommandBatch.ExecuteAsync(IRelationalConnection connection, CancellationToken cancellationToken)
   at Microsoft.EntityFrameworkCore.SqlServer.Update.Internal.SqlServerModificationCommandBatch.ExecuteAsync(IRelationalConnection connection, CancellationToken cancellationToken)
   at Microsoft.EntityFrameworkCore.Update.Internal.BatchExecutor.ExecuteAsync(IEnumerable`1 commandBatches, IRelationalConnection connection, CancellationToken cancellationToken)
   at Microsoft.EntityFrameworkCore.Update.Internal.BatchExecutor.ExecuteAsync(IEnumerable`1 commandBatches, IRelationalConnection connection, CancellationToken cancellationToken)
   at Microsoft.EntityFrameworkCore.Update.Internal.BatchExecutor.ExecuteAsync(IEnumerable`1 commandBatches, IRelationalConnection connection, CancellationToken cancellationToken)
   at Microsoft.EntityFrameworkCore.Storage.RelationalDatabase.SaveChangesAsync(IList`1 entries, CancellationToken cancellationToken)
   at Microsoft.EntityFrameworkCore.ChangeTracking.Internal.StateManager.SaveChangesAsync(IList`1 entriesToSave, CancellationToken cancellationToken)
   at Microsoft.EntityFrameworkCore.ChangeTracking.Internal.StateManager.SaveChangesAsync(StateManager stateManager, Boolean acceptAllChangesOnSuccess, CancellationToken cancellationToken)
   at Microsoft.EntityFrameworkCore.SqlServer.Storage.Internal.SqlServerExecutionStrategy.ExecuteAsync[TState,TResult](TState state, Func`4 operation, Func`4 verifySucceeded, CancellationToken cancellationToken)
   at Microsoft.EntityFrameworkCore.DbContext.SaveChangesAsync(Boolean acceptAllChangesOnSuccess, CancellationToken cancellationToken)
2026-06-12 10:17:45.873 +01:00 [INF] Executed DbCommand (3ms) [Parameters=[@p0='?' (DbType = DateTime2), @p1='?' (Size = 4000), @p2='?' (Size = 4000), @p3='?' (Size = 4000), @p4='?' (DbType = Int32), @p5='?' (Size = 4000), @p6='?' (DbType = DateTime2), @p7='?' (Size = 4000), @p8='?' (Size = 4000), @p9='?' (DbType = Boolean), @p10='?' (Size = 4000), @p11='?' (DbType = Int32)], CommandType='"Text"', CommandTimeout='30']
SET NOCOUNT ON;
INSERT INTO [LogsSistema] ([Data], [Descricao], [MetodoHttp], [Rota], [StatusCode], [Utilizador])
OUTPUT INSERTED.[Id]
VALUES (@p0, @p1, @p2, @p3, @p4, @p5);
INSERT INTO [Notificacoes] ([DataCriacao], [DestinatarioId], [Grau], [Lida], [Mensagem], [VeiculoId])
OUTPUT INSERTED.[Id]
VALUES (@p6, @p7, @p8, @p9, @p10, @p11);
2026-06-12 10:17:45.881 +01:00 [ERR] An exception occurred in the database while saving changes for context type 'GestoreDeFrotas.Data.AppDbContext'.
Microsoft.EntityFrameworkCore.DbUpdateException: An error occurred while saving the entity changes. See the inner exception for details.
 ---> Microsoft.Data.SqlClient.SqlException (0x80131904): Cannot insert the value NULL into column 'DestinatarioId', table 'GestaoFrotasDB.dbo.Notificacoes'; column does not allow nulls. INSERT fails.
   at Microsoft.Data.SqlClient.SqlConnection.OnError(SqlException exception, Boolean breakConnection, Action`1 wrapCloseInAction)
   at Microsoft.Data.SqlClient.SqlInternalConnection.OnError(SqlException exception, Boolean breakConnection, Action`1 wrapCloseInAction)
   at Microsoft.Data.SqlClient.TdsParser.ThrowExceptionAndWarning(TdsParserStateObject stateObj, Boolean callerHasConnectionLock, Boolean asyncClose)
   at Microsoft.Data.SqlClient.TdsParser.TryRun(RunBehavior runBehavior, SqlCommand cmdHandler, SqlDataReader dataStream, BulkCopySimpleResultSet bulkCopyHandler, TdsParserStateObject stateObj, Boolean& dataReady)
   at Microsoft.Data.SqlClient.SqlDataReader.TryHasMoreRows(Boolean& moreRows)
   at Microsoft.Data.SqlClient.SqlDataReader.TryReadInternal(Boolean setTimeout, Boolean& more)
   at Microsoft.Data.SqlClient.SqlDataReader.ReadAsyncExecute(Task task, Object state)
   at Microsoft.Data.SqlClient.SqlDataReader.InvokeAsyncCall[T](SqlDataReaderBaseAsyncCallContext`1 context)
--- End of stack trace from previous location ---
   at Microsoft.EntityFrameworkCore.Update.AffectedCountModificationCommandBatch.ConsumeResultSetAsync(Int32 startCommandIndex, RelationalDataReader reader, CancellationToken cancellationToken)
ClientConnectionId:a6ff19b4-5742-4aa6-a471-9bbb80d73170
Error Number:515,State:2,Class:16
   --- End of inner exception stack trace ---
   at Microsoft.EntityFrameworkCore.Update.AffectedCountModificationCommandBatch.ConsumeResultSetAsync(Int32 startCommandIndex, RelationalDataReader reader, CancellationToken cancellationToken)
   at Microsoft.EntityFrameworkCore.Update.AffectedCountModificationCommandBatch.ConsumeAsync(RelationalDataReader reader, CancellationToken cancellationToken)
   at Microsoft.EntityFrameworkCore.Update.ReaderModificationCommandBatch.ExecuteAsync(IRelationalConnection connection, CancellationToken cancellationToken)
   at Microsoft.EntityFrameworkCore.Update.ReaderModificationCommandBatch.ExecuteAsync(IRelationalConnection connection, CancellationToken cancellationToken)
   at Microsoft.EntityFrameworkCore.SqlServer.Update.Internal.SqlServerModificationCommandBatch.ExecuteAsync(IRelationalConnection connection, CancellationToken cancellationToken)
   at Microsoft.EntityFrameworkCore.Update.Internal.BatchExecutor.ExecuteAsync(IEnumerable`1 commandBatches, IRelationalConnection connection, CancellationToken cancellationToken)
   at Microsoft.EntityFrameworkCore.Update.Internal.BatchExecutor.ExecuteAsync(IEnumerable`1 commandBatches, IRelationalConnection connection, CancellationToken cancellationToken)
   at Microsoft.EntityFrameworkCore.Update.Internal.BatchExecutor.ExecuteAsync(IEnumerable`1 commandBatches, IRelationalConnection connection, CancellationToken cancellationToken)
   at Microsoft.EntityFrameworkCore.Storage.RelationalDatabase.SaveChangesAsync(IList`1 entries, CancellationToken cancellationToken)
   at Microsoft.EntityFrameworkCore.ChangeTracking.Internal.StateManager.SaveChangesAsync(IList`1 entriesToSave, CancellationToken cancellationToken)
   at Microsoft.EntityFrameworkCore.ChangeTracking.Internal.StateManager.SaveChangesAsync(StateManager stateManager, Boolean acceptAllChangesOnSuccess, CancellationToken cancellationToken)
   at Microsoft.EntityFrameworkCore.SqlServer.Storage.Internal.SqlServerExecutionStrategy.ExecuteAsync[TState,TResult](TState state, Func`4 operation, Func`4 verifySucceeded, CancellationToken cancellationToken)
   at Microsoft.EntityFrameworkCore.DbContext.SaveChangesAsync(Boolean acceptAllChangesOnSuccess, CancellationToken cancellationToken)
Microsoft.EntityFrameworkCore.DbUpdateException: An error occurred while saving the entity changes. See the inner exception for details.
 ---> Microsoft.Data.SqlClient.SqlException (0x80131904): Cannot insert the value NULL into column 'DestinatarioId', table 'GestaoFrotasDB.dbo.Notificacoes'; column does not allow nulls. INSERT fails.
   at Microsoft.Data.SqlClient.SqlConnection.OnError(SqlException exception, Boolean breakConnection, Action`1 wrapCloseInAction)
   at Microsoft.Data.SqlClient.SqlInternalConnection.OnError(SqlException exception, Boolean breakConnection, Action`1 wrapCloseInAction)
   at Microsoft.Data.SqlClient.TdsParser.ThrowExceptionAndWarning(TdsParserStateObject stateObj, Boolean callerHasConnectionLock, Boolean asyncClose)
   at Microsoft.Data.SqlClient.TdsParser.TryRun(RunBehavior runBehavior, SqlCommand cmdHandler, SqlDataReader dataStream, BulkCopySimpleResultSet bulkCopyHandler, TdsParserStateObject stateObj, Boolean& dataReady)
   at Microsoft.Data.SqlClient.SqlDataReader.TryHasMoreRows(Boolean& moreRows)
   at Microsoft.Data.SqlClient.SqlDataReader.TryReadInternal(Boolean setTimeout, Boolean& more)
   at Microsoft.Data.SqlClient.SqlDataReader.ReadAsyncExecute(Task task, Object state)
   at Microsoft.Data.SqlClient.SqlDataReader.InvokeAsyncCall[T](SqlDataReaderBaseAsyncCallContext`1 context)
--- End of stack trace from previous location ---
   at Microsoft.EntityFrameworkCore.Update.AffectedCountModificationCommandBatch.ConsumeResultSetAsync(Int32 startCommandIndex, RelationalDataReader reader, CancellationToken cancellationToken)
ClientConnectionId:a6ff19b4-5742-4aa6-a471-9bbb80d73170
Error Number:515,State:2,Class:16
   --- End of inner exception stack trace ---
   at Microsoft.EntityFrameworkCore.Update.AffectedCountModificationCommandBatch.ConsumeResultSetAsync(Int32 startCommandIndex, RelationalDataReader reader, CancellationToken cancellationToken)
   at Microsoft.EntityFrameworkCore.Update.AffectedCountModificationCommandBatch.ConsumeAsync(RelationalDataReader reader, CancellationToken cancellationToken)
   at Microsoft.EntityFrameworkCore.Update.ReaderModificationCommandBatch.ExecuteAsync(IRelationalConnection connection, CancellationToken cancellationToken)
   at Microsoft.EntityFrameworkCore.Update.ReaderModificationCommandBatch.ExecuteAsync(IRelationalConnection connection, CancellationToken cancellationToken)
   at Microsoft.EntityFrameworkCore.SqlServer.Update.Internal.SqlServerModificationCommandBatch.ExecuteAsync(IRelationalConnection connection, CancellationToken cancellationToken)
   at Microsoft.EntityFrameworkCore.Update.Internal.BatchExecutor.ExecuteAsync(IEnumerable`1 commandBatches, IRelationalConnection connection, CancellationToken cancellationToken)
   at Microsoft.EntityFrameworkCore.Update.Internal.BatchExecutor.ExecuteAsync(IEnumerable`1 commandBatches, IRelationalConnection connection, CancellationToken cancellationToken)
   at Microsoft.EntityFrameworkCore.Update.Internal.BatchExecutor.ExecuteAsync(IEnumerable`1 commandBatches, IRelationalConnection connection, CancellationToken cancellationToken)
   at Microsoft.EntityFrameworkCore.Storage.RelationalDatabase.SaveChangesAsync(IList`1 entries, CancellationToken cancellationToken)
   at Microsoft.EntityFrameworkCore.ChangeTracking.Internal.StateManager.SaveChangesAsync(IList`1 entriesToSave, CancellationToken cancellationToken)
   at Microsoft.EntityFrameworkCore.ChangeTracking.Internal.StateManager.SaveChangesAsync(StateManager stateManager, Boolean acceptAllChangesOnSuccess, CancellationToken cancellationToken)
   at Microsoft.EntityFrameworkCore.SqlServer.Storage.Internal.SqlServerExecutionStrategy.ExecuteAsync[TState,TResult](TState state, Func`4 operation, Func`4 verifySucceeded, CancellationToken cancellationToken)
   at Microsoft.EntityFrameworkCore.DbContext.SaveChangesAsync(Boolean acceptAllChangesOnSuccess, CancellationToken cancellationToken)
2026-06-12 10:17:46.025 +01:00 [INF] Executing BadRequestObjectResult, writing value of type '<>f__AnonymousType4`1[[System.String, System.Private.CoreLib, Version=9.0.0.0, Culture=neutral, PublicKeyToken=7cec85d7bea7798e]]'.
2026-06-12 10:17:46.029 +01:00 [INF] Executed action GestoreDeFrotas.Controllers.ViagensController.FinalizarViagem (GestoreDeFrotas) in 1075.11ms
2026-06-12 10:17:46.031 +01:00 [INF] Executed endpoint 'GestoreDeFrotas.Controllers.ViagensController.FinalizarViagem (GestoreDeFrotas)'
2026-06-12 10:17:46.052 +01:00 [INF] Executed DbCommand (11ms) [Parameters=[@p0='?' (DbType = DateTime2), @p1='?' (Size = 4000), @p2='?' (Size = 4000), @p3='?' (Size = 4000), @p4='?' (DbType = Int32), @p5='?' (Size = 4000), @p6='?' (DbType = DateTime2), @p7='?' (Size = 4000), @p8='?' (Size = 4000), @p9='?' (DbType = Boolean), @p10='?' (Size = 4000), @p11='?' (DbType = Int32), @p12='?' (DbType = DateTime2), @p13='?' (Size = 4000), @p14='?' (Size = 4000), @p15='?' (DbType = Boolean), @p16='?' (Size = 4000), @p17='?' (DbType = Int32)], CommandType='"Text"', CommandTimeout='30']
SET NOCOUNT ON;
INSERT INTO [LogsSistema] ([Data], [Descricao], [MetodoHttp], [Rota], [StatusCode], [Utilizador])
OUTPUT INSERTED.[Id]
VALUES (@p0, @p1, @p2, @p3, @p4, @p5);
MERGE [Notificacoes] USING (
VALUES (@p6, @p7, @p8, @p9, @p10, @p11, 0),
(@p12, @p13, @p14, @p15, @p16, @p17, 1)) AS i ([DataCriacao], [DestinatarioId], [Grau], [Lida], [Mensagem], [VeiculoId], _Position) ON 1=0
WHEN NOT MATCHED THEN
INSERT ([DataCriacao], [DestinatarioId], [Grau], [Lida], [Mensagem], [VeiculoId])
VALUES (i.[DataCriacao], i.[DestinatarioId], i.[Grau], i.[Lida], i.[Mensagem], i.[VeiculoId])
OUTPUT INSERTED.[Id], i._Position;
2026-06-12 10:17:46.062 +01:00 [ERR] An exception occurred in the database while saving changes for context type 'GestoreDeFrotas.Data.AppDbContext'.
Microsoft.EntityFrameworkCore.DbUpdateException: An error occurred while saving the entity changes. See the inner exception for details.
 ---> Microsoft.Data.SqlClient.SqlException (0x80131904): Cannot insert the value NULL into column 'DestinatarioId', table 'GestaoFrotasDB.dbo.Notificacoes'; column does not allow nulls. UPDATE fails.
   at Microsoft.Data.SqlClient.SqlConnection.OnError(SqlException exception, Boolean breakConnection, Action`1 wrapCloseInAction)
   at Microsoft.Data.SqlClient.SqlInternalConnection.OnError(SqlException exception, Boolean breakConnection, Action`1 wrapCloseInAction)
   at Microsoft.Data.SqlClient.TdsParser.ThrowExceptionAndWarning(TdsParserStateObject stateObj, Boolean callerHasConnectionLock, Boolean asyncClose)
   at Microsoft.Data.SqlClient.TdsParser.TryRun(RunBehavior runBehavior, SqlCommand cmdHandler, SqlDataReader dataStream, BulkCopySimpleResultSet bulkCopyHandler, TdsParserStateObject stateObj, Boolean& dataReady)
   at Microsoft.Data.SqlClient.SqlDataReader.TryHasMoreRows(Boolean& moreRows)
   at Microsoft.Data.SqlClient.SqlDataReader.TryReadInternal(Boolean setTimeout, Boolean& more)
   at Microsoft.Data.SqlClient.SqlDataReader.ReadAsyncExecute(Task task, Object state)
   at Microsoft.Data.SqlClient.SqlDataReader.InvokeAsyncCall[T](SqlDataReaderBaseAsyncCallContext`1 context)
--- End of stack trace from previous location ---
   at Microsoft.EntityFrameworkCore.Update.AffectedCountModificationCommandBatch.ConsumeResultSetAsync(Int32 startCommandIndex, RelationalDataReader reader, CancellationToken cancellationToken)
ClientConnectionId:a6ff19b4-5742-4aa6-a471-9bbb80d73170
Error Number:515,State:2,Class:16
   --- End of inner exception stack trace ---
   at Microsoft.EntityFrameworkCore.Update.AffectedCountModificationCommandBatch.ConsumeResultSetAsync(Int32 startCommandIndex, RelationalDataReader reader, CancellationToken cancellationToken)
   at Microsoft.EntityFrameworkCore.Update.AffectedCountModificationCommandBatch.ConsumeAsync(RelationalDataReader reader, CancellationToken cancellationToken)
   at Microsoft.EntityFrameworkCore.Update.ReaderModificationCommandBatch.ExecuteAsync(IRelationalConnection connection, CancellationToken cancellationToken)
   at Microsoft.EntityFrameworkCore.Update.ReaderModificationCommandBatch.ExecuteAsync(IRelationalConnection connection, CancellationToken cancellationToken)
   at Microsoft.EntityFrameworkCore.SqlServer.Update.Internal.SqlServerModificationCommandBatch.ExecuteAsync(IRelationalConnection connection, CancellationToken cancellationToken)
   at Microsoft.EntityFrameworkCore.Update.Internal.BatchExecutor.ExecuteAsync(IEnumerable`1 commandBatches, IRelationalConnection connection, CancellationToken cancellationToken)
   at Microsoft.EntityFrameworkCore.Update.Internal.BatchExecutor.ExecuteAsync(IEnumerable`1 commandBatches, IRelationalConnection connection, CancellationToken cancellationToken)
   at Microsoft.EntityFrameworkCore.Update.Internal.BatchExecutor.ExecuteAsync(IEnumerable`1 commandBatches, IRelationalConnection connection, CancellationToken cancellationToken)
   at Microsoft.EntityFrameworkCore.Storage.RelationalDatabase.SaveChangesAsync(IList`1 entries, CancellationToken cancellationToken)
   at Microsoft.EntityFrameworkCore.ChangeTracking.Internal.StateManager.SaveChangesAsync(IList`1 entriesToSave, CancellationToken cancellationToken)
   at Microsoft.EntityFrameworkCore.ChangeTracking.Internal.StateManager.SaveChangesAsync(StateManager stateManager, Boolean acceptAllChangesOnSuccess, CancellationToken cancellationToken)
   at Microsoft.EntityFrameworkCore.SqlServer.Storage.Internal.SqlServerExecutionStrategy.ExecuteAsync[TState,TResult](TState state, Func`4 operation, Func`4 verifySucceeded, CancellationToken cancellationToken)
   at Microsoft.EntityFrameworkCore.DbContext.SaveChangesAsync(Boolean acceptAllChangesOnSuccess, CancellationToken cancellationToken)
Microsoft.EntityFrameworkCore.DbUpdateException: An error occurred while saving the entity changes. See the inner exception for details.
 ---> Microsoft.Data.SqlClient.SqlException (0x80131904): Cannot insert the value NULL into column 'DestinatarioId', table 'GestaoFrotasDB.dbo.Notificacoes'; column does not allow nulls. UPDATE fails.
   at Microsoft.Data.SqlClient.SqlConnection.OnError(SqlException exception, Boolean breakConnection, Action`1 wrapCloseInAction)
   at Microsoft.Data.SqlClient.SqlInternalConnection.OnError(SqlException exception, Boolean breakConnection, Action`1 wrapCloseInAction)
   at Microsoft.Data.SqlClient.TdsParser.ThrowExceptionAndWarning(TdsParserStateObject stateObj, Boolean callerHasConnectionLock, Boolean asyncClose)
   at Microsoft.Data.SqlClient.TdsParser.TryRun(RunBehavior runBehavior, SqlCommand cmdHandler, SqlDataReader dataStream, BulkCopySimpleResultSet bulkCopyHandler, TdsParserStateObject stateObj, Boolean& dataReady)
   at Microsoft.Data.SqlClient.SqlDataReader.TryHasMoreRows(Boolean& moreRows)
   at Microsoft.Data.SqlClient.SqlDataReader.TryReadInternal(Boolean setTimeout, Boolean& more)
   at Microsoft.Data.SqlClient.SqlDataReader.ReadAsyncExecute(Task task, Object state)
   at Microsoft.Data.SqlClient.SqlDataReader.InvokeAsyncCall[T](SqlDataReaderBaseAsyncCallContext`1 context)
--- End of stack trace from previous location ---
   at Microsoft.EntityFrameworkCore.Update.AffectedCountModificationCommandBatch.ConsumeResultSetAsync(Int32 startCommandIndex, RelationalDataReader reader, CancellationToken cancellationToken)
ClientConnectionId:a6ff19b4-5742-4aa6-a471-9bbb80d73170
Error Number:515,State:2,Class:16
   --- End of inner exception stack trace ---
   at Microsoft.EntityFrameworkCore.Update.AffectedCountModificationCommandBatch.ConsumeResultSetAsync(Int32 startCommandIndex, RelationalDataReader reader, CancellationToken cancellationToken)
   at Microsoft.EntityFrameworkCore.Update.AffectedCountModificationCommandBatch.ConsumeAsync(RelationalDataReader reader, CancellationToken cancellationToken)
   at Microsoft.EntityFrameworkCore.Update.ReaderModificationCommandBatch.ExecuteAsync(IRelationalConnection connection, CancellationToken cancellationToken)
   at Microsoft.EntityFrameworkCore.Update.ReaderModificationCommandBatch.ExecuteAsync(IRelationalConnection connection, CancellationToken cancellationToken)
   at Microsoft.EntityFrameworkCore.SqlServer.Update.Internal.SqlServerModificationCommandBatch.ExecuteAsync(IRelationalConnection connection, CancellationToken cancellationToken)
   at Microsoft.EntityFrameworkCore.Update.Internal.BatchExecutor.ExecuteAsync(IEnumerable`1 commandBatches, IRelationalConnection connection, CancellationToken cancellationToken)
   at Microsoft.EntityFrameworkCore.Update.Internal.BatchExecutor.ExecuteAsync(IEnumerable`1 commandBatches, IRelationalConnection connection, CancellationToken cancellationToken)
   at Microsoft.EntityFrameworkCore.Update.Internal.BatchExecutor.ExecuteAsync(IEnumerable`1 commandBatches, IRelationalConnection connection, CancellationToken cancellationToken)
   at Microsoft.EntityFrameworkCore.Storage.RelationalDatabase.SaveChangesAsync(IList`1 entries, CancellationToken cancellationToken)
   at Microsoft.EntityFrameworkCore.ChangeTracking.Internal.StateManager.SaveChangesAsync(IList`1 entriesToSave, CancellationToken cancellationToken)
   at Microsoft.EntityFrameworkCore.ChangeTracking.Internal.StateManager.SaveChangesAsync(StateManager stateManager, Boolean acceptAllChangesOnSuccess, CancellationToken cancellationToken)
   at Microsoft.EntityFrameworkCore.SqlServer.Storage.Internal.SqlServerExecutionStrategy.ExecuteAsync[TState,TResult](TState state, Func`4 operation, Func`4 verifySucceeded, CancellationToken cancellationToken)
   at Microsoft.EntityFrameworkCore.DbContext.SaveChangesAsync(Boolean acceptAllChangesOnSuccess, CancellationToken cancellationToken)
2026-06-12 10:21:27.294 +01:00 [INF] Executed DbCommand (14ms) [Parameters=[], CommandType='"Text"', CommandTimeout='30']
SELECT 1
2026-06-12 10:21:27.342 +01:00 [INF] Acquiring an exclusive lock for migration application. See https://aka.ms/efcore-docs-migrations-lock for more information if this takes too long.
2026-06-12 10:21:27.378 +01:00 [INF] Executed DbCommand (32ms) [Parameters=[], CommandType='"Text"', CommandTimeout='30']
DECLARE @result int;
EXEC @result = sp_getapplock @Resource = '__EFMigrationsLock', @LockOwner = 'Session', @LockMode = 'Exclusive';
SELECT @result
2026-06-12 10:21:27.431 +01:00 [INF] Executed DbCommand (3ms) [Parameters=[], CommandType='"Text"', CommandTimeout='30']
IF OBJECT_ID(N'[__EFMigrationsHistory]') IS NULL
BEGIN
    CREATE TABLE [__EFMigrationsHistory] (
        [MigrationId] nvarchar(150) NOT NULL,
        [ProductVersion] nvarchar(32) NOT NULL,
        CONSTRAINT [PK___EFMigrationsHistory] PRIMARY KEY ([MigrationId])
    );
END;
2026-06-12 10:21:27.441 +01:00 [INF] Executed DbCommand (1ms) [Parameters=[], CommandType='"Text"', CommandTimeout='30']
SELECT 1
2026-06-12 10:21:27.445 +01:00 [INF] Executed DbCommand (1ms) [Parameters=[], CommandType='"Text"', CommandTimeout='30']
SELECT OBJECT_ID(N'[__EFMigrationsHistory]');
2026-06-12 10:21:27.464 +01:00 [INF] Executed DbCommand (15ms) [Parameters=[], CommandType='"Text"', CommandTimeout='30']
SELECT [MigrationId], [ProductVersion]
FROM [__EFMigrationsHistory]
ORDER BY [MigrationId];
2026-06-12 10:21:27.477 +01:00 [INF] Applying migration '20260612092105_PermitirDestinatarioNulo'.
2026-06-12 10:21:27.487 +01:00 [INF] Executed DbCommand (3ms) [Parameters=[], CommandType='"Text"', CommandTimeout='30']
INSERT INTO [__EFMigrationsHistory] ([MigrationId], [ProductVersion])
VALUES (N'20260612092105_PermitirDestinatarioNulo', N'9.0.16');
2026-06-12 10:21:27.497 +01:00 [INF] Executed DbCommand (6ms) [Parameters=[], CommandType='"Text"', CommandTimeout='30']
DECLARE @result int;
EXEC @result = sp_releaseapplock @Resource = '__EFMigrationsLock', @LockOwner = 'Session';
SELECT @result
2026-06-12 10:32:25.531 +01:00 [INF] Executed DbCommand (24ms) [Parameters=[], CommandType='"Text"', CommandTimeout='30']
SELECT 1
2026-06-12 10:32:25.608 +01:00 [INF] Acquiring an exclusive lock for migration application. See https://aka.ms/efcore-docs-migrations-lock for more information if this takes too long.
2026-06-12 10:32:25.652 +01:00 [INF] Executed DbCommand (39ms) [Parameters=[], CommandType='"Text"', CommandTimeout='30']
DECLARE @result int;
EXEC @result = sp_getapplock @Resource = '__EFMigrationsLock', @LockOwner = 'Session', @LockMode = 'Exclusive';
SELECT @result
2026-06-12 10:32:25.719 +01:00 [INF] Executed DbCommand (2ms) [Parameters=[], CommandType='"Text"', CommandTimeout='30']
IF OBJECT_ID(N'[__EFMigrationsHistory]') IS NULL
BEGIN
    CREATE TABLE [__EFMigrationsHistory] (
        [MigrationId] nvarchar(150) NOT NULL,
        [ProductVersion] nvarchar(32) NOT NULL,
        CONSTRAINT [PK___EFMigrationsHistory] PRIMARY KEY ([MigrationId])
    );
END;
2026-06-12 10:32:25.731 +01:00 [INF] Executed DbCommand (0ms) [Parameters=[], CommandType='"Text"', CommandTimeout='30']
SELECT 1
2026-06-12 10:32:25.735 +01:00 [INF] Executed DbCommand (1ms) [Parameters=[], CommandType='"Text"', CommandTimeout='30']
SELECT OBJECT_ID(N'[__EFMigrationsHistory]');
2026-06-12 10:32:25.753 +01:00 [INF] Executed DbCommand (13ms) [Parameters=[], CommandType='"Text"', CommandTimeout='30']
SELECT [MigrationId], [ProductVersion]
FROM [__EFMigrationsHistory]
ORDER BY [MigrationId];
2026-06-12 10:32:25.766 +01:00 [INF] Applying migration '20260612093204_PermitirDestinatarioOpcional'.
2026-06-12 10:32:25.874 +01:00 [INF] Executed DbCommand (92ms) [Parameters=[], CommandType='"Text"', CommandTimeout='30']
=======
2026-06-12 14:13:10.794 +01:00 [INF] Executed DbCommand (4ms) [Parameters=[], CommandType='"Text"', CommandTimeout='30']
SELECT 1
2026-06-12 14:13:10.799 +01:00 [INF] Executed DbCommand (1ms) [Parameters=[], CommandType='"Text"', CommandTimeout='30']
SELECT OBJECT_ID(N'[__EFMigrationsHistory]');
2026-06-12 14:13:10.815 +01:00 [INF] Executed DbCommand (10ms) [Parameters=[], CommandType='"Text"', CommandTimeout='30']
SELECT [MigrationId], [ProductVersion]
FROM [__EFMigrationsHistory]
ORDER BY [MigrationId];
2026-06-12 14:13:10.847 +01:00 [INF] Applying migration '20260612084511_AtualizacaoModelosFrota'.
2026-06-12 14:13:10.908 +01:00 [ERR] Failed executing DbCommand (19ms) [Parameters=[], CommandType='"Text"', CommandTimeout='30']
ALTER TABLE [Viagens] ADD [KmFinais] int NULL;
2026-06-12 14:16:08.237 +01:00 [INF] Executed DbCommand (26ms) [Parameters=[], CommandType='"Text"', CommandTimeout='30']
SELECT 1
2026-06-12 14:16:08.318 +01:00 [INF] Acquiring an exclusive lock for migration application. See https://aka.ms/efcore-docs-migrations-lock for more information if this takes too long.
2026-06-12 14:16:08.345 +01:00 [INF] Executed DbCommand (20ms) [Parameters=[], CommandType='"Text"', CommandTimeout='30']
DECLARE @result int;
EXEC @result = sp_getapplock @Resource = '__EFMigrationsLock', @LockOwner = 'Session', @LockMode = 'Exclusive';
SELECT @result
2026-06-12 14:16:08.422 +01:00 [INF] Executed DbCommand (5ms) [Parameters=[], CommandType='"Text"', CommandTimeout='30']
IF OBJECT_ID(N'[__EFMigrationsHistory]') IS NULL
BEGIN
    CREATE TABLE [__EFMigrationsHistory] (
        [MigrationId] nvarchar(150) NOT NULL,
        [ProductVersion] nvarchar(32) NOT NULL,
        CONSTRAINT [PK___EFMigrationsHistory] PRIMARY KEY ([MigrationId])
    );
END;
2026-06-12 14:16:08.436 +01:00 [INF] Executed DbCommand (0ms) [Parameters=[], CommandType='"Text"', CommandTimeout='30']
SELECT 1
2026-06-12 14:16:08.444 +01:00 [INF] Executed DbCommand (1ms) [Parameters=[], CommandType='"Text"', CommandTimeout='30']
SELECT OBJECT_ID(N'[__EFMigrationsHistory]');
2026-06-12 14:16:08.455 +01:00 [INF] Executed DbCommand (4ms) [Parameters=[], CommandType='"Text"', CommandTimeout='30']
SELECT [MigrationId], [ProductVersion]
FROM [__EFMigrationsHistory]
ORDER BY [MigrationId];
2026-06-12 14:16:08.475 +01:00 [INF] Applying migration '20260612084511_AtualizacaoModelosFrota'.
2026-06-12 14:16:08.503 +01:00 [ERR] Failed executing DbCommand (5ms) [Parameters=[], CommandType='"Text"', CommandTimeout='30']
ALTER TABLE [Viagens] ADD [KmFinais] int NULL;
2026-06-12 14:18:35.137 +01:00 [INF] Executed DbCommand (19ms) [Parameters=[], CommandType='"Text"', CommandTimeout='30']
SELECT 1
2026-06-12 14:18:35.201 +01:00 [INF] Acquiring an exclusive lock for migration application. See https://aka.ms/efcore-docs-migrations-lock for more information if this takes too long.
2026-06-12 14:18:35.228 +01:00 [INF] Executed DbCommand (21ms) [Parameters=[], CommandType='"Text"', CommandTimeout='30']
DECLARE @result int;
EXEC @result = sp_getapplock @Resource = '__EFMigrationsLock', @LockOwner = 'Session', @LockMode = 'Exclusive';
SELECT @result
2026-06-12 14:18:35.330 +01:00 [INF] Executed DbCommand (6ms) [Parameters=[], CommandType='"Text"', CommandTimeout='30']
IF OBJECT_ID(N'[__EFMigrationsHistory]') IS NULL
BEGIN
    CREATE TABLE [__EFMigrationsHistory] (
        [MigrationId] nvarchar(150) NOT NULL,
        [ProductVersion] nvarchar(32) NOT NULL,
        CONSTRAINT [PK___EFMigrationsHistory] PRIMARY KEY ([MigrationId])
    );
END;
2026-06-12 14:18:35.353 +01:00 [INF] Executed DbCommand (1ms) [Parameters=[], CommandType='"Text"', CommandTimeout='30']
SELECT 1
2026-06-12 14:18:35.366 +01:00 [INF] Executed DbCommand (6ms) [Parameters=[], CommandType='"Text"', CommandTimeout='30']
SELECT OBJECT_ID(N'[__EFMigrationsHistory]');
2026-06-12 14:18:35.386 +01:00 [INF] Executed DbCommand (11ms) [Parameters=[], CommandType='"Text"', CommandTimeout='30']
SELECT [MigrationId], [ProductVersion]
FROM [__EFMigrationsHistory]
ORDER BY [MigrationId];
2026-06-12 14:18:35.437 +01:00 [INF] Applying migration '20260612084511_AtualizacaoModelosFrota'.
2026-06-12 14:18:35.593 +01:00 [INF] Executed DbCommand (27ms) [Parameters=[], CommandType='"Text"', CommandTimeout='30']
INSERT INTO [__EFMigrationsHistory] ([MigrationId], [ProductVersion])
VALUES (N'20260612084511_AtualizacaoModelosFrota', N'9.0.16');
2026-06-12 14:18:35.600 +01:00 [INF] Applying migration '20260612085346_AdicionarArquivoVeiculos'.
2026-06-12 14:18:35.616 +01:00 [INF] Executed DbCommand (1ms) [Parameters=[], CommandType='"Text"', CommandTimeout='30']
INSERT INTO [__EFMigrationsHistory] ([MigrationId], [ProductVersion])
VALUES (N'20260612085346_AdicionarArquivoVeiculos', N'9.0.16');
2026-06-12 14:18:35.623 +01:00 [INF] Applying migration '20260612092105_PermitirDestinatarioNulo'.
2026-06-12 14:18:35.641 +01:00 [INF] Executed DbCommand (1ms) [Parameters=[], CommandType='"Text"', CommandTimeout='30']
INSERT INTO [__EFMigrationsHistory] ([MigrationId], [ProductVersion])
VALUES (N'20260612092105_PermitirDestinatarioNulo', N'9.0.16');
2026-06-12 14:18:35.649 +01:00 [INF] Applying migration '20260612093204_PermitirDestinatarioOpcional'.
2026-06-12 14:18:35.788 +01:00 [INF] Executed DbCommand (105ms) [Parameters=[], CommandType='"Text"', CommandTimeout='30']
>>>>>>> 6bb5cd578a5a39f2036ef9d03d05b62c1b93443e
DECLARE @var sysname;
SELECT @var = [d].[name]
FROM [sys].[default_constraints] [d]
INNER JOIN [sys].[columns] [c] ON [d].[parent_column_id] = [c].[column_id] AND [d].[parent_object_id] = [c].[object_id]
WHERE ([d].[parent_object_id] = OBJECT_ID(N'[Notificacoes]') AND [c].[name] = N'DestinatarioId');
IF @var IS NOT NULL EXEC(N'ALTER TABLE [Notificacoes] DROP CONSTRAINT [' + @var + '];');
ALTER TABLE [Notificacoes] ALTER COLUMN [DestinatarioId] nvarchar(max) NULL;
<<<<<<< HEAD
2026-06-12 10:32:25.880 +01:00 [INF] Executed DbCommand (2ms) [Parameters=[], CommandType='"Text"', CommandTimeout='30']
INSERT INTO [__EFMigrationsHistory] ([MigrationId], [ProductVersion])
VALUES (N'20260612093204_PermitirDestinatarioOpcional', N'9.0.16');
2026-06-12 10:32:25.889 +01:00 [INF] Executed DbCommand (6ms) [Parameters=[], CommandType='"Text"', CommandTimeout='30']
DECLARE @result int;
EXEC @result = sp_releaseapplock @Resource = '__EFMigrationsLock', @LockOwner = 'Session';
SELECT @result
2026-06-12 10:34:09.717 +01:00 [INF] Executed DbCommand (21ms) [Parameters=[], CommandType='"Text"', CommandTimeout='30']
SELECT 1
2026-06-12 10:34:09.802 +01:00 [INF] Acquiring an exclusive lock for migration application. See https://aka.ms/efcore-docs-migrations-lock for more information if this takes too long.
2026-06-12 10:34:10.053 +01:00 [INF] Executed DbCommand (247ms) [Parameters=[], CommandType='"Text"', CommandTimeout='30']
DECLARE @result int;
EXEC @result = sp_getapplock @Resource = '__EFMigrationsLock', @LockOwner = 'Session', @LockMode = 'Exclusive';
SELECT @result
2026-06-12 10:34:10.407 +01:00 [INF] Executed DbCommand (294ms) [Parameters=[], CommandType='"Text"', CommandTimeout='30']
IF OBJECT_ID(N'[__EFMigrationsHistory]') IS NULL
BEGIN
    CREATE TABLE [__EFMigrationsHistory] (
        [MigrationId] nvarchar(150) NOT NULL,
        [ProductVersion] nvarchar(32) NOT NULL,
        CONSTRAINT [PK___EFMigrationsHistory] PRIMARY KEY ([MigrationId])
    );
END;
2026-06-12 10:34:10.755 +01:00 [INF] Executed DbCommand (1ms) [Parameters=[], CommandType='"Text"', CommandTimeout='30']
SELECT 1
2026-06-12 10:34:10.762 +01:00 [INF] Executed DbCommand (3ms) [Parameters=[], CommandType='"Text"', CommandTimeout='30']
SELECT OBJECT_ID(N'[__EFMigrationsHistory]');
2026-06-12 10:34:10.787 +01:00 [INF] Executed DbCommand (17ms) [Parameters=[], CommandType='"Text"', CommandTimeout='30']
SELECT [MigrationId], [ProductVersion]
FROM [__EFMigrationsHistory]
ORDER BY [MigrationId];
2026-06-12 10:34:10.804 +01:00 [INF] No migrations were applied. The database is already up to date.
2026-06-12 10:34:10.807 +01:00 [INF] Executed DbCommand (1ms) [Parameters=[], CommandType='"Text"', CommandTimeout='30']
DECLARE @result int;
EXEC @result = sp_releaseapplock @Resource = '__EFMigrationsLock', @LockOwner = 'Session';
SELECT @result
2026-06-12 10:34:11.119 +01:00 [INF] Executed DbCommand (7ms) [Parameters=[], CommandType='"Text"', CommandTimeout='30']
SELECT CASE
    WHEN EXISTS (
        SELECT 1
        FROM [Veiculos] AS [v]) THEN CAST(1 AS bit)
    ELSE CAST(0 AS bit)
END
2026-06-12 10:34:11.129 +01:00 [INF] Executed DbCommand (3ms) [Parameters=[], CommandType='"Text"', CommandTimeout='30']
SELECT CASE
    WHEN EXISTS (
        SELECT 1
        FROM [RegistosManutencao] AS [r]) THEN CAST(1 AS bit)
    ELSE CAST(0 AS bit)
END
2026-06-12 10:34:11.229 +01:00 [INF] Executed DbCommand (1ms) [Parameters=[], CommandType='"Text"', CommandTimeout='30']
SELECT 1
2026-06-12 10:34:11.261 +01:00 [INF] Executed DbCommand (28ms) [Parameters=[], CommandType='"Text"', CommandTimeout='30']

IF EXISTS
    (SELECT *
     FROM [sys].[objects] o
     WHERE [o].[type] = 'U'
     AND [o].[is_ms_shipped] = 0
     AND NOT EXISTS (SELECT *
         FROM [sys].[extended_properties] AS [ep]
         WHERE [ep].[major_id] = [o].[object_id]
             AND [ep].[minor_id] = 0
             AND [ep].[class] = 1
             AND [ep].[name] = N'microsoft_database_tools_support'
    )
)
SELECT 1 ELSE SELECT 0
2026-06-12 10:34:11.268 +01:00 [INF] Executed DbCommand (3ms) [Parameters=[], CommandType='"Text"', CommandTimeout='30']
SELECT CASE
    WHEN EXISTS (
        SELECT 1
        FROM [Veiculos] AS [v]) THEN CAST(1 AS bit)
    ELSE CAST(0 AS bit)
END
2026-06-12 10:34:11.277 +01:00 [INF] Executed DbCommand (4ms) [Parameters=[], CommandType='"Text"', CommandTimeout='30']
SELECT CASE
    WHEN EXISTS (
        SELECT 1
        FROM [Viagens] AS [v]) THEN CAST(1 AS bit)
    ELSE CAST(0 AS bit)
END
2026-06-12 10:34:11.533 +01:00 [INF] User profile is available. Using 'C:\Users\harri\AppData\Local\ASP.NET\DataProtection-Keys' as key repository and Windows DPAPI to encrypt keys at rest.
2026-06-12 10:34:12.333 +01:00 [INF] Now listening on: https://localhost:7231
2026-06-12 10:34:12.335 +01:00 [INF] Now listening on: http://localhost:5256
2026-06-12 10:34:12.445 +01:00 [INF] Application started. Press Ctrl+C to shut down.
2026-06-12 10:34:12.448 +01:00 [INF] Hosting environment: Development
2026-06-12 10:34:12.450 +01:00 [INF] Content root path: C:\Users\harri\OneDrive\Escritorio\Visual Studio\GestoreDeFrotas\Src
2026-06-12 10:34:22.999 +01:00 [INF] Request starting HTTP/2 GET https://localhost:7231/swagger/index.html - null null
2026-06-12 10:34:23.341 +01:00 [INF] Request finished HTTP/2 GET https://localhost:7231/swagger/index.html - 200 null text/html;charset=utf-8 361.729ms
2026-06-12 10:34:23.390 +01:00 [INF] Request starting HTTP/2 GET https://localhost:7231/_framework/aspnetcore-browser-refresh.js - null null
2026-06-12 10:34:23.390 +01:00 [INF] Request starting HTTP/2 GET https://localhost:7231/swagger/index.js - null null
2026-06-12 10:34:23.427 +01:00 [INF] Request starting HTTP/2 GET https://localhost:7231/_vs/browserLink - null null
2026-06-12 10:34:23.443 +01:00 [INF] Request finished HTTP/2 GET https://localhost:7231/swagger/index.js - 200 null application/javascript;charset=utf-8 51.8639ms
2026-06-12 10:34:23.465 +01:00 [INF] Request finished HTTP/2 GET https://localhost:7231/_framework/aspnetcore-browser-refresh.js - 200 14935 application/javascript; charset=utf-8 75.1864ms
2026-06-12 10:34:23.544 +01:00 [INF] Request finished HTTP/2 GET https://localhost:7231/_vs/browserLink - 200 null text/javascript; charset=UTF-8 117.1276ms
2026-06-12 10:34:25.458 +01:00 [INF] Request starting HTTP/2 GET https://localhost:7231/swagger/v1/swagger.json - null null
2026-06-12 10:34:25.499 +01:00 [INF] Request finished HTTP/2 GET https://localhost:7231/swagger/v1/swagger.json - 200 null application/json;charset=utf-8 41.1626ms
2026-06-12 10:34:39.374 +01:00 [INF] Request starting HTTP/2 POST https://localhost:7231/api/auth/teste-token?cargo=Admin - null 0
2026-06-12 10:34:39.521 +01:00 [INF] Executing endpoint 'HTTP: POST /api/auth/teste-token'
2026-06-12 10:34:39.605 +01:00 [INF] Setting HTTP status code 200.
2026-06-12 10:34:39.610 +01:00 [INF] Writing value of type '<>f__AnonymousType18`1' as Json.
2026-06-12 10:34:39.616 +01:00 [INF] Executed endpoint 'HTTP: POST /api/auth/teste-token'
2026-06-12 10:34:39.622 +01:00 [INF] Request finished HTTP/2 POST https://localhost:7231/api/auth/teste-token?cargo=Admin - 200 null application/json; charset=utf-8 248.2106ms
2026-06-12 10:35:10.402 +01:00 [INF] Request starting HTTP/2 POST https://localhost:7231/api/Viagens/iniciar/34 - null 0
2026-06-12 10:35:10.501 +01:00 [INF] Executing endpoint 'GestoreDeFrotas.Controllers.ViagensController.Iniciar (GestoreDeFrotas)'
2026-06-12 10:35:10.544 +01:00 [INF] Route matched with {action = "Iniciar", controller = "Viagens"}. Executing controller action with signature System.Threading.Tasks.Task`1[Microsoft.AspNetCore.Mvc.IActionResult] Iniciar(Int32) on controller GestoreDeFrotas.Controllers.ViagensController (GestoreDeFrotas).
2026-06-12 10:35:10.786 +01:00 [INF] Executed DbCommand (85ms) [Parameters=[@__veiculoId_0='?' (DbType = Int32)], CommandType='"Text"', CommandTimeout='30']
SELECT CASE
    WHEN EXISTS (
        SELECT 1
        FROM [Viagens] AS [v]
        WHERE [v].[VeiculoId] = @__veiculoId_0 AND [v].[EstaAtiva] = CAST(1 AS bit)) THEN CAST(1 AS bit)
    ELSE CAST(0 AS bit)
END
2026-06-12 10:35:10.937 +01:00 [INF] Executed DbCommand (9ms) [Parameters=[@__p_0='?' (DbType = Int32)], CommandType='"Text"', CommandTimeout='30']
SELECT TOP(1) [v].[Id], [v].[Ano], [v].[CategoriaUsuario], [v].[CondutorHabitualId], [v].[Cor], [v].[DataProximaIpo], [v].[EstaAtivo], [v].[Estado], [v].[IntervaloManutencaoKm], [v].[KmAtual], [v].[Marca], [v].[Matricula], [v].[Modelo], [v].[TecnicoResponsavelId], [v].[UltimaManutencaoData], [v].[UltimaManutencaoKm]
FROM [Veiculos] AS [v]
WHERE [v].[Id] = @__p_0
2026-06-12 10:35:11.269 +01:00 [INF] Executed DbCommand (12ms) [Parameters=[@p1='?' (DbType = Int32), @p0='?' (Size = 4000), @p2='?' (Size = 4000), @p3='?' (Size = 4000), @p4='?' (DbType = DateTime2), @p5='?' (DbType = DateTime2), @p6='?' (DbType = DateTime2), @p7='?' (DbType = Boolean), @p8='?' (DbType = Int32), @p9='?' (DbType = Int32), @p10='?' (Size = 4000), @p11='?' (DbType = Boolean), @p12='?' (Size = 4000), @p13='?' (Size = 4000), @p14='?' (DbType = Int32)], CommandType='"Text"', CommandTimeout='30']
SET NOCOUNT ON;
UPDATE [Veiculos] SET [Estado] = @p0
OUTPUT 1
WHERE [Id] = @p1;
INSERT INTO [Viagens] ([CondutorPrincipalId], [CondutorSecundarioId], [DataFim], [DataInicio], [DataLimitePrevista], [EstaAtiva], [KmFinais], [KmIniciais], [ObservacoesEntrega], [PediuProrrogacao], [TecnicoLevantamentoId], [TecnicoRecebimentoId], [VeiculoId])
OUTPUT INSERTED.[Id]
VALUES (@p2, @p3, @p4, @p5, @p6, @p7, @p8, @p9, @p10, @p11, @p12, @p13, @p14);
2026-06-12 10:35:11.337 +01:00 [INF] Executed DbCommand (6ms) [Parameters=[@p0='?' (DbType = DateTime2), @p1='?' (Size = 4000), @p2='?' (Size = 4000), @p3='?' (Size = 4000), @p4='?' (DbType = Int32), @p5='?' (Size = 4000)], CommandType='"Text"', CommandTimeout='30']
SET IMPLICIT_TRANSACTIONS OFF;
SET NOCOUNT ON;
INSERT INTO [LogsSistema] ([Data], [Descricao], [MetodoHttp], [Rota], [StatusCode], [Utilizador])
OUTPUT INSERTED.[Id]
VALUES (@p0, @p1, @p2, @p3, @p4, @p5);
2026-06-12 10:35:11.354 +01:00 [INF] Executing OkObjectResult, writing value of type 'GestoreDeFrotas.Models.Viagem'.
2026-06-12 10:35:11.380 +01:00 [INF] Executed action GestoreDeFrotas.Controllers.ViagensController.Iniciar (GestoreDeFrotas) in 829.1119ms
2026-06-12 10:35:11.382 +01:00 [INF] Executed endpoint 'GestoreDeFrotas.Controllers.ViagensController.Iniciar (GestoreDeFrotas)'
2026-06-12 10:35:11.391 +01:00 [INF] Request finished HTTP/2 POST https://localhost:7231/api/Viagens/iniciar/34 - 200 null application/json; charset=utf-8 989.205ms
2026-06-12 10:35:32.522 +01:00 [INF] Request starting HTTP/2 POST https://localhost:7231/api/Viagens/finalizar/5 - application/json 52
2026-06-12 10:35:32.544 +01:00 [INF] Executing endpoint 'GestoreDeFrotas.Controllers.ViagensController.FinalizarViagem (GestoreDeFrotas)'
2026-06-12 10:35:32.551 +01:00 [INF] Route matched with {action = "FinalizarViagem", controller = "Viagens"}. Executing controller action with signature System.Threading.Tasks.Task`1[Microsoft.AspNetCore.Mvc.IActionResult] FinalizarViagem(Int32, GestoreDeFrotas.Controllers.EntregaViagemDto) on controller GestoreDeFrotas.Controllers.ViagensController (GestoreDeFrotas).
2026-06-12 10:35:32.599 +01:00 [INF] Executed DbCommand (2ms) [Parameters=[@__p_0='?' (DbType = Int32)], CommandType='"Text"', CommandTimeout='30']
SELECT TOP(1) [v].[Id], [v].[CondutorPrincipalId], [v].[CondutorSecundarioId], [v].[DataFim], [v].[DataInicio], [v].[DataLimitePrevista], [v].[EstaAtiva], [v].[KmFinais], [v].[KmIniciais], [v].[ObservacoesEntrega], [v].[PediuProrrogacao], [v].[TecnicoLevantamentoId], [v].[TecnicoRecebimentoId], [v].[VeiculoId]
FROM [Viagens] AS [v]
WHERE [v].[Id] = @__p_0
2026-06-12 10:35:32.607 +01:00 [INF] Executed DbCommand (2ms) [Parameters=[@__p_0='?' (DbType = Int32)], CommandType='"Text"', CommandTimeout='30']
SELECT TOP(1) [v].[Id], [v].[Ano], [v].[CategoriaUsuario], [v].[CondutorHabitualId], [v].[Cor], [v].[DataProximaIpo], [v].[EstaAtivo], [v].[Estado], [v].[IntervaloManutencaoKm], [v].[KmAtual], [v].[Marca], [v].[Matricula], [v].[Modelo], [v].[TecnicoResponsavelId], [v].[UltimaManutencaoData], [v].[UltimaManutencaoKm]
FROM [Veiculos] AS [v]
WHERE [v].[Id] = @__p_0
2026-06-12 10:35:32.620 +01:00 [INF] Executed DbCommand (2ms) [Parameters=[@__veiculoId_Value_0='?' (DbType = Int32)], CommandType='"Text"', CommandTimeout='30']
SELECT TOP(1) [v].[Id], [v].[Ano], [v].[CategoriaUsuario], [v].[CondutorHabitualId], [v].[Cor], [v].[DataProximaIpo], [v].[EstaAtivo], [v].[Estado], [v].[IntervaloManutencaoKm], [v].[KmAtual], [v].[Marca], [v].[Matricula], [v].[Modelo], [v].[TecnicoResponsavelId], [v].[UltimaManutencaoData], [v].[UltimaManutencaoKm]
FROM [Veiculos] AS [v]
WHERE [v].[Id] = @__veiculoId_Value_0
2026-06-12 10:35:32.659 +01:00 [INF] Executed DbCommand (11ms) [Parameters=[@p0='?' (DbType = DateTime2), @p1='?' (Size = 4000), @p2='?' (Size = 4000), @p3='?' (DbType = Boolean), @p4='?' (Size = 4000), @p5='?' (DbType = Int32), @p7='?' (DbType = Int32), @p6='?' (Size = 4000), @p11='?' (DbType = Int32), @p8='?' (DbType = DateTime2), @p9='?' (DbType = Boolean), @p10='?' (Size = 4000)], CommandType='"Text"', CommandTimeout='30']
SET NOCOUNT ON;
INSERT INTO [Notificacoes] ([DataCriacao], [DestinatarioId], [Grau], [Lida], [Mensagem], [VeiculoId])
OUTPUT INSERTED.[Id]
VALUES (@p0, @p1, @p2, @p3, @p4, @p5);
UPDATE [Veiculos] SET [Estado] = @p6
OUTPUT 1
WHERE [Id] = @p7;
UPDATE [Viagens] SET [DataFim] = @p8, [EstaAtiva] = @p9, [ObservacoesEntrega] = @p10
OUTPUT 1
WHERE [Id] = @p11;
2026-06-12 10:35:32.671 +01:00 [INF] Executed DbCommand (2ms) [Parameters=[@p0='?' (DbType = DateTime2), @p1='?' (Size = 4000), @p2='?' (Size = 4000), @p3='?' (DbType = Boolean), @p4='?' (Size = 4000), @p5='?' (DbType = Int32)], CommandType='"Text"', CommandTimeout='30']
SET IMPLICIT_TRANSACTIONS OFF;
SET NOCOUNT ON;
INSERT INTO [Notificacoes] ([DataCriacao], [DestinatarioId], [Grau], [Lida], [Mensagem], [VeiculoId])
OUTPUT INSERTED.[Id]
VALUES (@p0, @p1, @p2, @p3, @p4, @p5);
2026-06-12 10:35:32.678 +01:00 [INF] Executed DbCommand (2ms) [Parameters=[@p0='?' (DbType = DateTime2), @p1='?' (Size = 4000), @p2='?' (Size = 4000), @p3='?' (Size = 4000), @p4='?' (DbType = Int32), @p5='?' (Size = 4000)], CommandType='"Text"', CommandTimeout='30']
SET IMPLICIT_TRANSACTIONS OFF;
SET NOCOUNT ON;
INSERT INTO [LogsSistema] ([Data], [Descricao], [MetodoHttp], [Rota], [StatusCode], [Utilizador])
OUTPUT INSERTED.[Id]
VALUES (@p0, @p1, @p2, @p3, @p4, @p5);
2026-06-12 10:35:32.682 +01:00 [INF] Executing OkObjectResult, writing value of type '<>f__AnonymousType4`1[[System.String, System.Private.CoreLib, Version=9.0.0.0, Culture=neutral, PublicKeyToken=7cec85d7bea7798e]]'.
2026-06-12 10:35:32.685 +01:00 [INF] Executed action GestoreDeFrotas.Controllers.ViagensController.FinalizarViagem (GestoreDeFrotas) in 130.5252ms
2026-06-12 10:35:32.687 +01:00 [INF] Executed endpoint 'GestoreDeFrotas.Controllers.ViagensController.FinalizarViagem (GestoreDeFrotas)'
2026-06-12 10:35:32.688 +01:00 [INF] Request finished HTTP/2 POST https://localhost:7231/api/Viagens/finalizar/5 - 200 null application/json; charset=utf-8 166.5591ms
2026-06-12 10:39:15.468 +01:00 [INF] Application is shutting down...
2026-06-12 10:43:13.053 +01:00 [INF] Executed DbCommand (20ms) [Parameters=[], CommandType='"Text"', CommandTimeout='30']
SELECT 1
2026-06-12 10:43:13.124 +01:00 [INF] Acquiring an exclusive lock for migration application. See https://aka.ms/efcore-docs-migrations-lock for more information if this takes too long.
2026-06-12 10:43:13.152 +01:00 [INF] Executed DbCommand (23ms) [Parameters=[], CommandType='"Text"', CommandTimeout='30']
DECLARE @result int;
EXEC @result = sp_getapplock @Resource = '__EFMigrationsLock', @LockOwner = 'Session', @LockMode = 'Exclusive';
SELECT @result
2026-06-12 10:43:13.234 +01:00 [INF] Executed DbCommand (19ms) [Parameters=[], CommandType='"Text"', CommandTimeout='30']
IF OBJECT_ID(N'[__EFMigrationsHistory]') IS NULL
BEGIN
    CREATE TABLE [__EFMigrationsHistory] (
        [MigrationId] nvarchar(150) NOT NULL,
        [ProductVersion] nvarchar(32) NOT NULL,
        CONSTRAINT [PK___EFMigrationsHistory] PRIMARY KEY ([MigrationId])
    );
END;
2026-06-12 10:43:13.247 +01:00 [INF] Executed DbCommand (1ms) [Parameters=[], CommandType='"Text"', CommandTimeout='30']
SELECT 1
2026-06-12 10:43:13.252 +01:00 [INF] Executed DbCommand (1ms) [Parameters=[], CommandType='"Text"', CommandTimeout='30']
SELECT OBJECT_ID(N'[__EFMigrationsHistory]');
2026-06-12 10:43:13.270 +01:00 [INF] Executed DbCommand (13ms) [Parameters=[], CommandType='"Text"', CommandTimeout='30']
SELECT [MigrationId], [ProductVersion]
FROM [__EFMigrationsHistory]
ORDER BY [MigrationId];
2026-06-12 10:43:13.282 +01:00 [INF] No migrations were applied. The database is already up to date.
2026-06-12 10:43:13.286 +01:00 [INF] Executed DbCommand (2ms) [Parameters=[], CommandType='"Text"', CommandTimeout='30']
DECLARE @result int;
EXEC @result = sp_releaseapplock @Resource = '__EFMigrationsLock', @LockOwner = 'Session';
SELECT @result
2026-06-12 10:43:13.673 +01:00 [INF] Executed DbCommand (26ms) [Parameters=[], CommandType='"Text"', CommandTimeout='30']
SELECT CASE
    WHEN EXISTS (
        SELECT 1
        FROM [Veiculos] AS [v]) THEN CAST(1 AS bit)
    ELSE CAST(0 AS bit)
END
2026-06-12 10:43:13.695 +01:00 [INF] Executed DbCommand (6ms) [Parameters=[], CommandType='"Text"', CommandTimeout='30']
SELECT CASE
    WHEN EXISTS (
        SELECT 1
        FROM [RegistosManutencao] AS [r]) THEN CAST(1 AS bit)
    ELSE CAST(0 AS bit)
END
2026-06-12 10:43:13.747 +01:00 [INF] Executed DbCommand (0ms) [Parameters=[], CommandType='"Text"', CommandTimeout='30']
SELECT 1
2026-06-12 10:43:13.830 +01:00 [INF] Executed DbCommand (72ms) [Parameters=[], CommandType='"Text"', CommandTimeout='30']

IF EXISTS
    (SELECT *
     FROM [sys].[objects] o
     WHERE [o].[type] = 'U'
     AND [o].[is_ms_shipped] = 0
     AND NOT EXISTS (SELECT *
         FROM [sys].[extended_properties] AS [ep]
         WHERE [ep].[major_id] = [o].[object_id]
             AND [ep].[minor_id] = 0
             AND [ep].[class] = 1
             AND [ep].[name] = N'microsoft_database_tools_support'
    )
)
SELECT 1 ELSE SELECT 0
2026-06-12 10:43:13.853 +01:00 [INF] Executed DbCommand (15ms) [Parameters=[], CommandType='"Text"', CommandTimeout='30']
SELECT CASE
    WHEN EXISTS (
        SELECT 1
        FROM [Veiculos] AS [v]) THEN CAST(1 AS bit)
    ELSE CAST(0 AS bit)
END
2026-06-12 10:43:13.868 +01:00 [INF] Executed DbCommand (7ms) [Parameters=[], CommandType='"Text"', CommandTimeout='30']
SELECT CASE
    WHEN EXISTS (
        SELECT 1
        FROM [Viagens] AS [v]) THEN CAST(1 AS bit)
    ELSE CAST(0 AS bit)
END
2026-06-12 10:43:14.032 +01:00 [INF] User profile is available. Using 'C:\Users\harri\AppData\Local\ASP.NET\DataProtection-Keys' as key repository and Windows DPAPI to encrypt keys at rest.
2026-06-12 10:44:52.230 +01:00 [INF] Executed DbCommand (12ms) [Parameters=[], CommandType='"Text"', CommandTimeout='30']
SELECT 1
2026-06-12 10:44:52.294 +01:00 [INF] Acquiring an exclusive lock for migration application. See https://aka.ms/efcore-docs-migrations-lock for more information if this takes too long.
2026-06-12 10:44:52.336 +01:00 [INF] Executed DbCommand (38ms) [Parameters=[], CommandType='"Text"', CommandTimeout='30']
DECLARE @result int;
EXEC @result = sp_getapplock @Resource = '__EFMigrationsLock', @LockOwner = 'Session', @LockMode = 'Exclusive';
SELECT @result
2026-06-12 10:44:52.418 +01:00 [INF] Executed DbCommand (3ms) [Parameters=[], CommandType='"Text"', CommandTimeout='30']
IF OBJECT_ID(N'[__EFMigrationsHistory]') IS NULL
BEGIN
    CREATE TABLE [__EFMigrationsHistory] (
        [MigrationId] nvarchar(150) NOT NULL,
        [ProductVersion] nvarchar(32) NOT NULL,
        CONSTRAINT [PK___EFMigrationsHistory] PRIMARY KEY ([MigrationId])
    );
END;
2026-06-12 10:44:52.428 +01:00 [INF] Executed DbCommand (0ms) [Parameters=[], CommandType='"Text"', CommandTimeout='30']
SELECT 1
2026-06-12 10:44:52.433 +01:00 [INF] Executed DbCommand (1ms) [Parameters=[], CommandType='"Text"', CommandTimeout='30']
SELECT OBJECT_ID(N'[__EFMigrationsHistory]');
2026-06-12 10:44:52.449 +01:00 [INF] Executed DbCommand (11ms) [Parameters=[], CommandType='"Text"', CommandTimeout='30']
SELECT [MigrationId], [ProductVersion]
FROM [__EFMigrationsHistory]
ORDER BY [MigrationId];
2026-06-12 10:44:52.464 +01:00 [INF] Applying migration '20260612094435_PontoMarcar'.
2026-06-12 10:44:52.473 +01:00 [INF] Executed DbCommand (2ms) [Parameters=[], CommandType='"Text"', CommandTimeout='30']
INSERT INTO [__EFMigrationsHistory] ([MigrationId], [ProductVersion])
VALUES (N'20260612094435_PontoMarcar', N'9.0.16');
2026-06-12 10:44:52.479 +01:00 [INF] Executed DbCommand (2ms) [Parameters=[], CommandType='"Text"', CommandTimeout='30']
DECLARE @result int;
EXEC @result = sp_releaseapplock @Resource = '__EFMigrationsLock', @LockOwner = 'Session';
SELECT @result
2026-06-12 10:45:04.351 +01:00 [INF] Executed DbCommand (14ms) [Parameters=[], CommandType='"Text"', CommandTimeout='30']
SELECT 1
2026-06-12 10:45:04.422 +01:00 [INF] Acquiring an exclusive lock for migration application. See https://aka.ms/efcore-docs-migrations-lock for more information if this takes too long.
2026-06-12 10:45:04.478 +01:00 [INF] Executed DbCommand (50ms) [Parameters=[], CommandType='"Text"', CommandTimeout='30']
DECLARE @result int;
EXEC @result = sp_getapplock @Resource = '__EFMigrationsLock', @LockOwner = 'Session', @LockMode = 'Exclusive';
SELECT @result
2026-06-12 10:45:04.612 +01:00 [INF] Executed DbCommand (16ms) [Parameters=[], CommandType='"Text"', CommandTimeout='30']
IF OBJECT_ID(N'[__EFMigrationsHistory]') IS NULL
BEGIN
    CREATE TABLE [__EFMigrationsHistory] (
        [MigrationId] nvarchar(150) NOT NULL,
        [ProductVersion] nvarchar(32) NOT NULL,
        CONSTRAINT [PK___EFMigrationsHistory] PRIMARY KEY ([MigrationId])
    );
END;
2026-06-12 10:45:04.641 +01:00 [INF] Executed DbCommand (1ms) [Parameters=[], CommandType='"Text"', CommandTimeout='30']
SELECT 1
2026-06-12 10:45:04.649 +01:00 [INF] Executed DbCommand (1ms) [Parameters=[], CommandType='"Text"', CommandTimeout='30']
SELECT OBJECT_ID(N'[__EFMigrationsHistory]');
2026-06-12 10:45:04.684 +01:00 [INF] Executed DbCommand (26ms) [Parameters=[], CommandType='"Text"', CommandTimeout='30']
SELECT [MigrationId], [ProductVersion]
FROM [__EFMigrationsHistory]
ORDER BY [MigrationId];
2026-06-12 10:45:04.697 +01:00 [INF] No migrations were applied. The database is already up to date.
2026-06-12 10:45:04.703 +01:00 [INF] Executed DbCommand (4ms) [Parameters=[], CommandType='"Text"', CommandTimeout='30']
DECLARE @result int;
EXEC @result = sp_releaseapplock @Resource = '__EFMigrationsLock', @LockOwner = 'Session';
SELECT @result
2026-06-12 10:45:05.025 +01:00 [INF] Executed DbCommand (30ms) [Parameters=[], CommandType='"Text"', CommandTimeout='30']
SELECT CASE
    WHEN EXISTS (
        SELECT 1
        FROM [Veiculos] AS [v]) THEN CAST(1 AS bit)
    ELSE CAST(0 AS bit)
END
2026-06-12 10:45:05.045 +01:00 [INF] Executed DbCommand (8ms) [Parameters=[], CommandType='"Text"', CommandTimeout='30']
SELECT CASE
    WHEN EXISTS (
        SELECT 1
        FROM [RegistosManutencao] AS [r]) THEN CAST(1 AS bit)
    ELSE CAST(0 AS bit)
END
2026-06-12 10:45:05.089 +01:00 [INF] Executed DbCommand (1ms) [Parameters=[], CommandType='"Text"', CommandTimeout='30']
SELECT 1
2026-06-12 10:45:05.125 +01:00 [INF] Executed DbCommand (27ms) [Parameters=[], CommandType='"Text"', CommandTimeout='30']

IF EXISTS
    (SELECT *
     FROM [sys].[objects] o
     WHERE [o].[type] = 'U'
     AND [o].[is_ms_shipped] = 0
     AND NOT EXISTS (SELECT *
         FROM [sys].[extended_properties] AS [ep]
         WHERE [ep].[major_id] = [o].[object_id]
             AND [ep].[minor_id] = 0
             AND [ep].[class] = 1
             AND [ep].[name] = N'microsoft_database_tools_support'
    )
)
SELECT 1 ELSE SELECT 0
2026-06-12 10:45:05.131 +01:00 [INF] Executed DbCommand (2ms) [Parameters=[], CommandType='"Text"', CommandTimeout='30']
SELECT CASE
    WHEN EXISTS (
        SELECT 1
        FROM [Veiculos] AS [v]) THEN CAST(1 AS bit)
    ELSE CAST(0 AS bit)
END
2026-06-12 10:45:05.145 +01:00 [INF] Executed DbCommand (5ms) [Parameters=[], CommandType='"Text"', CommandTimeout='30']
SELECT CASE
    WHEN EXISTS (
        SELECT 1
        FROM [Viagens] AS [v]) THEN CAST(1 AS bit)
    ELSE CAST(0 AS bit)
END
2026-06-12 10:45:05.314 +01:00 [INF] User profile is available. Using 'C:\Users\harri\AppData\Local\ASP.NET\DataProtection-Keys' as key repository and Windows DPAPI to encrypt keys at rest.
2026-06-12 10:45:05.731 +01:00 [INF] Now listening on: https://localhost:7231
2026-06-12 10:45:05.732 +01:00 [INF] Now listening on: http://localhost:5256
2026-06-12 10:45:05.848 +01:00 [INF] Application started. Press Ctrl+C to shut down.
2026-06-12 10:45:05.854 +01:00 [INF] Hosting environment: Development
2026-06-12 10:45:05.857 +01:00 [INF] Content root path: C:\Users\harri\OneDrive\Escritorio\Visual Studio\GestoreDeFrotas\Src
2026-06-12 10:45:28.203 +01:00 [INF] Request starting HTTP/2 GET https://localhost:7231/swagger/index.html - null null
2026-06-12 10:45:28.473 +01:00 [INF] Request finished HTTP/2 GET https://localhost:7231/swagger/index.html - 200 null text/html;charset=utf-8 278.8328ms
2026-06-12 10:45:28.526 +01:00 [INF] Request starting HTTP/2 GET https://localhost:7231/_framework/aspnetcore-browser-refresh.js - null null
2026-06-12 10:45:28.526 +01:00 [INF] Request starting HTTP/2 GET https://localhost:7231/swagger/index.js - null null
2026-06-12 10:45:28.527 +01:00 [INF] Request starting HTTP/2 GET https://localhost:7231/_vs/browserLink - null null
2026-06-12 10:45:28.570 +01:00 [INF] Request finished HTTP/2 GET https://localhost:7231/_framework/aspnetcore-browser-refresh.js - 200 14935 application/javascript; charset=utf-8 42.5826ms
2026-06-12 10:45:28.572 +01:00 [INF] Request finished HTTP/2 GET https://localhost:7231/swagger/index.js - 200 null application/javascript;charset=utf-8 46.4961ms
2026-06-12 10:45:28.671 +01:00 [INF] Request finished HTTP/2 GET https://localhost:7231/_vs/browserLink - 200 null text/javascript; charset=UTF-8 144.6061ms
2026-06-12 10:45:30.475 +01:00 [INF] Request starting HTTP/2 GET https://localhost:7231/swagger/v1/swagger.json - null null
2026-06-12 10:45:30.645 +01:00 [INF] Request finished HTTP/2 GET https://localhost:7231/swagger/v1/swagger.json - 200 null application/json;charset=utf-8 169.9549ms
2026-06-12 10:45:44.866 +01:00 [INF] Request starting HTTP/2 POST https://localhost:7231/api/auth/teste-token?cargo=Admin - null 0
2026-06-12 10:45:44.974 +01:00 [INF] Executing endpoint 'HTTP: POST /api/auth/teste-token'
2026-06-12 10:45:45.040 +01:00 [INF] Setting HTTP status code 200.
2026-06-12 10:45:45.046 +01:00 [INF] Writing value of type '<>f__AnonymousType20`1' as Json.
2026-06-12 10:45:45.049 +01:00 [INF] Executed endpoint 'HTTP: POST /api/auth/teste-token'
2026-06-12 10:45:45.055 +01:00 [INF] Request finished HTTP/2 POST https://localhost:7231/api/auth/teste-token?cargo=Admin - 200 null application/json; charset=utf-8 189.6327ms
2026-06-12 10:46:19.513 +01:00 [INF] Request starting HTTP/2 GET https://localhost:7231/api/vehicles/tempo-real - null null
2026-06-12 10:46:19.578 +01:00 [INF] Executing endpoint 'GestoreDeFrotas.Controllers.VeiculosController.ObterEstadoTempoReal (GestoreDeFrotas)'
2026-06-12 10:46:19.612 +01:00 [INF] Route matched with {action = "ObterEstadoTempoReal", controller = "Veiculos"}. Executing controller action with signature System.Threading.Tasks.Task`1[Microsoft.AspNetCore.Mvc.IActionResult] ObterEstadoTempoReal() on controller GestoreDeFrotas.Controllers.VeiculosController (GestoreDeFrotas).
2026-06-12 10:46:19.817 +01:00 [INF] Executed DbCommand (62ms) [Parameters=[], CommandType='"Text"', CommandTimeout='30']
SELECT [v].[Id], [v].[CondutorPrincipalId], [v].[CondutorSecundarioId], [v].[DataFim], [v].[DataInicio], [v].[DataLimitePrevista], [v].[EstaAtiva], [v].[KmFinais], [v].[KmIniciais], [v].[ObservacoesEntrega], [v].[PediuProrrogacao], [v].[TecnicoLevantamentoId], [v].[TecnicoRecebimentoId], [v].[VeiculoId]
FROM [Viagens] AS [v]
WHERE [v].[EstaAtiva] = CAST(1 AS bit)
2026-06-12 10:46:19.917 +01:00 [INF] Executed DbCommand (24ms) [Parameters=[], CommandType='"Text"', CommandTimeout='30']
SELECT [v].[Id], [v].[Ano], [v].[CategoriaUsuario], [v].[CondutorHabitualId], [v].[Cor], [v].[DataProximaIpo], [v].[EstaAtivo], [v].[Estado], [v].[IntervaloManutencaoKm], [v].[KmAtual], [v].[Marca], [v].[Matricula], [v].[Modelo], [v].[TecnicoResponsavelId], [v].[UltimaManutencaoData], [v].[UltimaManutencaoKm]
FROM [Veiculos] AS [v]
WHERE [v].[EstaAtivo] = CAST(1 AS bit)
2026-06-12 10:46:19.959 +01:00 [INF] Executing OkObjectResult, writing value of type 'System.Collections.Generic.List`1[[<>f__AnonymousType9`7[[System.Int32, System.Private.CoreLib, Version=9.0.0.0, Culture=neutral, PublicKeyToken=7cec85d7bea7798e],[System.String, System.Private.CoreLib, Version=9.0.0.0, Culture=neutral, PublicKeyToken=7cec85d7bea7798e],[System.String, System.Private.CoreLib, Version=9.0.0.0, Culture=neutral, PublicKeyToken=7cec85d7bea7798e],[System.String, System.Private.CoreLib, Version=9.0.0.0, Culture=neutral, PublicKeyToken=7cec85d7bea7798e],[System.String, System.Private.CoreLib, Version=9.0.0.0, Culture=neutral, PublicKeyToken=7cec85d7bea7798e],[System.Boolean, System.Private.CoreLib, Version=9.0.0.0, Culture=neutral, PublicKeyToken=7cec85d7bea7798e],[<>f__AnonymousType10`5[[System.Int32, System.Private.CoreLib, Version=9.0.0.0, Culture=neutral, PublicKeyToken=7cec85d7bea7798e],[System.String, System.Private.CoreLib, Version=9.0.0.0, Culture=neutral, PublicKeyToken=7cec85d7bea7798e],[System.String, System.Private.CoreLib, Version=9.0.0.0, Culture=neutral, PublicKeyToken=7cec85d7bea7798e],[System.DateTime, System.Private.CoreLib, Version=9.0.0.0, Culture=neutral, PublicKeyToken=7cec85d7bea7798e],[System.DateTime, System.Private.CoreLib, Version=9.0.0.0, Culture=neutral, PublicKeyToken=7cec85d7bea7798e]], GestoreDeFrotas, Version=1.0.0.0, Culture=neutral, PublicKeyToken=null]], GestoreDeFrotas, Version=1.0.0.0, Culture=neutral, PublicKeyToken=null]]'.
2026-06-12 10:46:19.978 +01:00 [INF] Executed action GestoreDeFrotas.Controllers.VeiculosController.ObterEstadoTempoReal (GestoreDeFrotas) in 360.564ms
2026-06-12 10:46:19.980 +01:00 [INF] Executed endpoint 'GestoreDeFrotas.Controllers.VeiculosController.ObterEstadoTempoReal (GestoreDeFrotas)'
2026-06-12 10:46:19.994 +01:00 [INF] Request finished HTTP/2 GET https://localhost:7231/api/vehicles/tempo-real - 200 null application/json; charset=utf-8 481.4646ms
2026-06-12 10:46:36.649 +01:00 [INF] Request starting HTTP/2 POST https://localhost:7231/api/Viagens/iniciar/36 - null 0
2026-06-12 10:46:36.660 +01:00 [INF] Executing endpoint 'GestoreDeFrotas.Controllers.ViagensController.Iniciar (GestoreDeFrotas)'
2026-06-12 10:46:36.673 +01:00 [INF] Route matched with {action = "Iniciar", controller = "Viagens"}. Executing controller action with signature System.Threading.Tasks.Task`1[Microsoft.AspNetCore.Mvc.IActionResult] Iniciar(Int32) on controller GestoreDeFrotas.Controllers.ViagensController (GestoreDeFrotas).
2026-06-12 10:46:36.809 +01:00 [INF] Executed DbCommand (39ms) [Parameters=[@__p_0='?' (DbType = Int32)], CommandType='"Text"', CommandTimeout='30']
SELECT TOP(1) [v].[Id], [v].[Ano], [v].[CategoriaUsuario], [v].[CondutorHabitualId], [v].[Cor], [v].[DataProximaIpo], [v].[EstaAtivo], [v].[Estado], [v].[IntervaloManutencaoKm], [v].[KmAtual], [v].[Marca], [v].[Matricula], [v].[Modelo], [v].[TecnicoResponsavelId], [v].[UltimaManutencaoData], [v].[UltimaManutencaoKm]
FROM [Veiculos] AS [v]
WHERE [v].[Id] = @__p_0
2026-06-12 10:46:36.827 +01:00 [INF] Executed DbCommand (3ms) [Parameters=[@__veiculoId_0='?' (DbType = Int32)], CommandType='"Text"', CommandTimeout='30']
SELECT CASE
    WHEN EXISTS (
        SELECT 1
        FROM [Viagens] AS [v]
        WHERE [v].[VeiculoId] = @__veiculoId_0 AND [v].[EstaAtiva] = CAST(1 AS bit)) THEN CAST(1 AS bit)
    ELSE CAST(0 AS bit)
END
2026-06-12 10:46:36.973 +01:00 [INF] Executed DbCommand (27ms) [Parameters=[@p1='?' (DbType = Int32), @p0='?' (Size = 4000), @p2='?' (Size = 4000), @p3='?' (Size = 4000), @p4='?' (DbType = DateTime2), @p5='?' (DbType = DateTime2), @p6='?' (DbType = DateTime2), @p7='?' (DbType = Boolean), @p8='?' (DbType = Int32), @p9='?' (DbType = Int32), @p10='?' (Size = 4000), @p11='?' (DbType = Boolean), @p12='?' (Size = 4000), @p13='?' (Size = 4000), @p14='?' (DbType = Int32)], CommandType='"Text"', CommandTimeout='30']
SET NOCOUNT ON;
UPDATE [Veiculos] SET [Estado] = @p0
OUTPUT 1
WHERE [Id] = @p1;
INSERT INTO [Viagens] ([CondutorPrincipalId], [CondutorSecundarioId], [DataFim], [DataInicio], [DataLimitePrevista], [EstaAtiva], [KmFinais], [KmIniciais], [ObservacoesEntrega], [PediuProrrogacao], [TecnicoLevantamentoId], [TecnicoRecebimentoId], [VeiculoId])
OUTPUT INSERTED.[Id]
VALUES (@p2, @p3, @p4, @p5, @p6, @p7, @p8, @p9, @p10, @p11, @p12, @p13, @p14);
2026-06-12 10:46:37.028 +01:00 [INF] Executed DbCommand (5ms) [Parameters=[@p0='?' (DbType = DateTime2), @p1='?' (Size = 4000), @p2='?' (Size = 4000), @p3='?' (Size = 4000), @p4='?' (DbType = Int32), @p5='?' (Size = 4000)], CommandType='"Text"', CommandTimeout='30']
SET IMPLICIT_TRANSACTIONS OFF;
SET NOCOUNT ON;
INSERT INTO [LogsSistema] ([Data], [Descricao], [MetodoHttp], [Rota], [StatusCode], [Utilizador])
OUTPUT INSERTED.[Id]
VALUES (@p0, @p1, @p2, @p3, @p4, @p5);
2026-06-12 10:46:37.036 +01:00 [INF] Executing OkObjectResult, writing value of type 'GestoreDeFrotas.Models.Viagem'.
2026-06-12 10:46:37.047 +01:00 [INF] Executed action GestoreDeFrotas.Controllers.ViagensController.Iniciar (GestoreDeFrotas) in 371.2536ms
2026-06-12 10:46:37.051 +01:00 [INF] Executed endpoint 'GestoreDeFrotas.Controllers.ViagensController.Iniciar (GestoreDeFrotas)'
2026-06-12 10:46:37.053 +01:00 [INF] Request finished HTTP/2 POST https://localhost:7231/api/Viagens/iniciar/36 - 200 null application/json; charset=utf-8 403.844ms
2026-06-12 10:46:46.425 +01:00 [INF] Request starting HTTP/2 GET https://localhost:7231/api/vehicles/tempo-real - null null
2026-06-12 10:46:46.481 +01:00 [INF] Executing endpoint 'GestoreDeFrotas.Controllers.VeiculosController.ObterEstadoTempoReal (GestoreDeFrotas)'
2026-06-12 10:46:46.491 +01:00 [INF] Route matched with {action = "ObterEstadoTempoReal", controller = "Veiculos"}. Executing controller action with signature System.Threading.Tasks.Task`1[Microsoft.AspNetCore.Mvc.IActionResult] ObterEstadoTempoReal() on controller GestoreDeFrotas.Controllers.VeiculosController (GestoreDeFrotas).
2026-06-12 10:46:46.511 +01:00 [INF] Executed DbCommand (2ms) [Parameters=[], CommandType='"Text"', CommandTimeout='30']
SELECT [v].[Id], [v].[CondutorPrincipalId], [v].[CondutorSecundarioId], [v].[DataFim], [v].[DataInicio], [v].[DataLimitePrevista], [v].[EstaAtiva], [v].[KmFinais], [v].[KmIniciais], [v].[ObservacoesEntrega], [v].[PediuProrrogacao], [v].[TecnicoLevantamentoId], [v].[TecnicoRecebimentoId], [v].[VeiculoId]
FROM [Viagens] AS [v]
WHERE [v].[EstaAtiva] = CAST(1 AS bit)
2026-06-12 10:46:46.519 +01:00 [INF] Executed DbCommand (2ms) [Parameters=[], CommandType='"Text"', CommandTimeout='30']
SELECT [v].[Id], [v].[Ano], [v].[CategoriaUsuario], [v].[CondutorHabitualId], [v].[Cor], [v].[DataProximaIpo], [v].[EstaAtivo], [v].[Estado], [v].[IntervaloManutencaoKm], [v].[KmAtual], [v].[Marca], [v].[Matricula], [v].[Modelo], [v].[TecnicoResponsavelId], [v].[UltimaManutencaoData], [v].[UltimaManutencaoKm]
FROM [Veiculos] AS [v]
WHERE [v].[EstaAtivo] = CAST(1 AS bit)
2026-06-12 10:46:46.525 +01:00 [INF] Executing OkObjectResult, writing value of type 'System.Collections.Generic.List`1[[<>f__AnonymousType9`7[[System.Int32, System.Private.CoreLib, Version=9.0.0.0, Culture=neutral, PublicKeyToken=7cec85d7bea7798e],[System.String, System.Private.CoreLib, Version=9.0.0.0, Culture=neutral, PublicKeyToken=7cec85d7bea7798e],[System.String, System.Private.CoreLib, Version=9.0.0.0, Culture=neutral, PublicKeyToken=7cec85d7bea7798e],[System.String, System.Private.CoreLib, Version=9.0.0.0, Culture=neutral, PublicKeyToken=7cec85d7bea7798e],[System.String, System.Private.CoreLib, Version=9.0.0.0, Culture=neutral, PublicKeyToken=7cec85d7bea7798e],[System.Boolean, System.Private.CoreLib, Version=9.0.0.0, Culture=neutral, PublicKeyToken=7cec85d7bea7798e],[<>f__AnonymousType10`5[[System.Int32, System.Private.CoreLib, Version=9.0.0.0, Culture=neutral, PublicKeyToken=7cec85d7bea7798e],[System.String, System.Private.CoreLib, Version=9.0.0.0, Culture=neutral, PublicKeyToken=7cec85d7bea7798e],[System.String, System.Private.CoreLib, Version=9.0.0.0, Culture=neutral, PublicKeyToken=7cec85d7bea7798e],[System.DateTime, System.Private.CoreLib, Version=9.0.0.0, Culture=neutral, PublicKeyToken=7cec85d7bea7798e],[System.DateTime, System.Private.CoreLib, Version=9.0.0.0, Culture=neutral, PublicKeyToken=7cec85d7bea7798e]], GestoreDeFrotas, Version=1.0.0.0, Culture=neutral, PublicKeyToken=null]], GestoreDeFrotas, Version=1.0.0.0, Culture=neutral, PublicKeyToken=null]]'.
2026-06-12 10:46:46.533 +01:00 [INF] Executed action GestoreDeFrotas.Controllers.VeiculosController.ObterEstadoTempoReal (GestoreDeFrotas) in 38.2396ms
2026-06-12 10:46:46.536 +01:00 [INF] Executed endpoint 'GestoreDeFrotas.Controllers.VeiculosController.ObterEstadoTempoReal (GestoreDeFrotas)'
2026-06-12 10:46:46.537 +01:00 [INF] Request finished HTTP/2 GET https://localhost:7231/api/vehicles/tempo-real - 200 null application/json; charset=utf-8 112.8303ms
2026-06-12 10:47:03.468 +01:00 [INF] Request starting HTTP/2 GET https://localhost:7231/api/vehicles/tempo-real - null null
2026-06-12 10:47:03.472 +01:00 [INF] Executing endpoint 'GestoreDeFrotas.Controllers.VeiculosController.ObterEstadoTempoReal (GestoreDeFrotas)'
2026-06-12 10:47:03.490 +01:00 [INF] Route matched with {action = "ObterEstadoTempoReal", controller = "Veiculos"}. Executing controller action with signature System.Threading.Tasks.Task`1[Microsoft.AspNetCore.Mvc.IActionResult] ObterEstadoTempoReal() on controller GestoreDeFrotas.Controllers.VeiculosController (GestoreDeFrotas).
2026-06-12 10:47:03.561 +01:00 [INF] Executed DbCommand (14ms) [Parameters=[], CommandType='"Text"', CommandTimeout='30']
SELECT [v].[Id], [v].[CondutorPrincipalId], [v].[CondutorSecundarioId], [v].[DataFim], [v].[DataInicio], [v].[DataLimitePrevista], [v].[EstaAtiva], [v].[KmFinais], [v].[KmIniciais], [v].[ObservacoesEntrega], [v].[PediuProrrogacao], [v].[TecnicoLevantamentoId], [v].[TecnicoRecebimentoId], [v].[VeiculoId]
FROM [Viagens] AS [v]
WHERE [v].[EstaAtiva] = CAST(1 AS bit)
2026-06-12 10:47:03.569 +01:00 [INF] Executed DbCommand (1ms) [Parameters=[], CommandType='"Text"', CommandTimeout='30']
SELECT [v].[Id], [v].[Ano], [v].[CategoriaUsuario], [v].[CondutorHabitualId], [v].[Cor], [v].[DataProximaIpo], [v].[EstaAtivo], [v].[Estado], [v].[IntervaloManutencaoKm], [v].[KmAtual], [v].[Marca], [v].[Matricula], [v].[Modelo], [v].[TecnicoResponsavelId], [v].[UltimaManutencaoData], [v].[UltimaManutencaoKm]
FROM [Veiculos] AS [v]
WHERE [v].[EstaAtivo] = CAST(1 AS bit)
2026-06-12 10:47:03.575 +01:00 [INF] Executing OkObjectResult, writing value of type 'System.Collections.Generic.List`1[[<>f__AnonymousType9`7[[System.Int32, System.Private.CoreLib, Version=9.0.0.0, Culture=neutral, PublicKeyToken=7cec85d7bea7798e],[System.String, System.Private.CoreLib, Version=9.0.0.0, Culture=neutral, PublicKeyToken=7cec85d7bea7798e],[System.String, System.Private.CoreLib, Version=9.0.0.0, Culture=neutral, PublicKeyToken=7cec85d7bea7798e],[System.String, System.Private.CoreLib, Version=9.0.0.0, Culture=neutral, PublicKeyToken=7cec85d7bea7798e],[System.String, System.Private.CoreLib, Version=9.0.0.0, Culture=neutral, PublicKeyToken=7cec85d7bea7798e],[System.Boolean, System.Private.CoreLib, Version=9.0.0.0, Culture=neutral, PublicKeyToken=7cec85d7bea7798e],[<>f__AnonymousType10`5[[System.Int32, System.Private.CoreLib, Version=9.0.0.0, Culture=neutral, PublicKeyToken=7cec85d7bea7798e],[System.String, System.Private.CoreLib, Version=9.0.0.0, Culture=neutral, PublicKeyToken=7cec85d7bea7798e],[System.String, System.Private.CoreLib, Version=9.0.0.0, Culture=neutral, PublicKeyToken=7cec85d7bea7798e],[System.DateTime, System.Private.CoreLib, Version=9.0.0.0, Culture=neutral, PublicKeyToken=7cec85d7bea7798e],[System.DateTime, System.Private.CoreLib, Version=9.0.0.0, Culture=neutral, PublicKeyToken=7cec85d7bea7798e]], GestoreDeFrotas, Version=1.0.0.0, Culture=neutral, PublicKeyToken=null]], GestoreDeFrotas, Version=1.0.0.0, Culture=neutral, PublicKeyToken=null]]'.
2026-06-12 10:47:03.578 +01:00 [INF] Executed action GestoreDeFrotas.Controllers.VeiculosController.ObterEstadoTempoReal (GestoreDeFrotas) in 37.6247ms
2026-06-12 10:47:03.582 +01:00 [INF] Executed endpoint 'GestoreDeFrotas.Controllers.VeiculosController.ObterEstadoTempoReal (GestoreDeFrotas)'
2026-06-12 10:47:03.585 +01:00 [INF] Request finished HTTP/2 GET https://localhost:7231/api/vehicles/tempo-real - 200 null application/json; charset=utf-8 117.328ms
2026-06-12 10:47:18.736 +01:00 [INF] Request starting HTTP/2 POST https://localhost:7231/api/Viagens/finalizar/6 - application/json 55
2026-06-12 10:47:18.744 +01:00 [INF] Executing endpoint 'GestoreDeFrotas.Controllers.ViagensController.FinalizarViagem (GestoreDeFrotas)'
2026-06-12 10:47:18.753 +01:00 [INF] Route matched with {action = "FinalizarViagem", controller = "Viagens"}. Executing controller action with signature System.Threading.Tasks.Task`1[Microsoft.AspNetCore.Mvc.IActionResult] FinalizarViagem(Int32, GestoreDeFrotas.Controllers.EntregaViagemDto) on controller GestoreDeFrotas.Controllers.ViagensController (GestoreDeFrotas).
2026-06-12 10:47:18.787 +01:00 [INF] Executed DbCommand (2ms) [Parameters=[@__p_0='?' (DbType = Int32)], CommandType='"Text"', CommandTimeout='30']
SELECT TOP(1) [v].[Id], [v].[CondutorPrincipalId], [v].[CondutorSecundarioId], [v].[DataFim], [v].[DataInicio], [v].[DataLimitePrevista], [v].[EstaAtiva], [v].[KmFinais], [v].[KmIniciais], [v].[ObservacoesEntrega], [v].[PediuProrrogacao], [v].[TecnicoLevantamentoId], [v].[TecnicoRecebimentoId], [v].[VeiculoId]
FROM [Viagens] AS [v]
WHERE [v].[Id] = @__p_0
2026-06-12 10:47:18.793 +01:00 [INF] Executed DbCommand (2ms) [Parameters=[@__p_0='?' (DbType = Int32)], CommandType='"Text"', CommandTimeout='30']
SELECT TOP(1) [v].[Id], [v].[Ano], [v].[CategoriaUsuario], [v].[CondutorHabitualId], [v].[Cor], [v].[DataProximaIpo], [v].[EstaAtivo], [v].[Estado], [v].[IntervaloManutencaoKm], [v].[KmAtual], [v].[Marca], [v].[Matricula], [v].[Modelo], [v].[TecnicoResponsavelId], [v].[UltimaManutencaoData], [v].[UltimaManutencaoKm]
FROM [Veiculos] AS [v]
WHERE [v].[Id] = @__p_0
2026-06-12 10:47:18.824 +01:00 [INF] Executed DbCommand (2ms) [Parameters=[@__veiculoId_Value_0='?' (DbType = Int32)], CommandType='"Text"', CommandTimeout='30']
SELECT TOP(1) [v].[Id], [v].[Ano], [v].[CategoriaUsuario], [v].[CondutorHabitualId], [v].[Cor], [v].[DataProximaIpo], [v].[EstaAtivo], [v].[Estado], [v].[IntervaloManutencaoKm], [v].[KmAtual], [v].[Marca], [v].[Matricula], [v].[Modelo], [v].[TecnicoResponsavelId], [v].[UltimaManutencaoData], [v].[UltimaManutencaoKm]
FROM [Veiculos] AS [v]
WHERE [v].[Id] = @__veiculoId_Value_0
2026-06-12 10:47:18.870 +01:00 [INF] Executed DbCommand (24ms) [Parameters=[@p0='?' (DbType = DateTime2), @p1='?' (Size = 4000), @p2='?' (Size = 4000), @p3='?' (DbType = Boolean), @p4='?' (Size = 4000), @p5='?' (DbType = Int32), @p7='?' (DbType = Int32), @p6='?' (Size = 4000), @p11='?' (DbType = Int32), @p8='?' (DbType = DateTime2), @p9='?' (DbType = Boolean), @p10='?' (Size = 4000)], CommandType='"Text"', CommandTimeout='30']
SET NOCOUNT ON;
INSERT INTO [Notificacoes] ([DataCriacao], [DestinatarioId], [Grau], [Lida], [Mensagem], [VeiculoId])
OUTPUT INSERTED.[Id]
VALUES (@p0, @p1, @p2, @p3, @p4, @p5);
UPDATE [Veiculos] SET [Estado] = @p6
OUTPUT 1
WHERE [Id] = @p7;
UPDATE [Viagens] SET [DataFim] = @p8, [EstaAtiva] = @p9, [ObservacoesEntrega] = @p10
OUTPUT 1
WHERE [Id] = @p11;
2026-06-12 10:47:18.882 +01:00 [INF] Executed DbCommand (4ms) [Parameters=[@p0='?' (DbType = DateTime2), @p1='?' (Size = 4000), @p2='?' (Size = 4000), @p3='?' (DbType = Boolean), @p4='?' (Size = 4000), @p5='?' (DbType = Int32)], CommandType='"Text"', CommandTimeout='30']
SET IMPLICIT_TRANSACTIONS OFF;
SET NOCOUNT ON;
INSERT INTO [Notificacoes] ([DataCriacao], [DestinatarioId], [Grau], [Lida], [Mensagem], [VeiculoId])
OUTPUT INSERTED.[Id]
VALUES (@p0, @p1, @p2, @p3, @p4, @p5);
2026-06-12 10:47:18.890 +01:00 [INF] Executed DbCommand (2ms) [Parameters=[@p0='?' (DbType = DateTime2), @p1='?' (Size = 4000), @p2='?' (Size = 4000), @p3='?' (Size = 4000), @p4='?' (DbType = Int32), @p5='?' (Size = 4000)], CommandType='"Text"', CommandTimeout='30']
SET IMPLICIT_TRANSACTIONS OFF;
SET NOCOUNT ON;
INSERT INTO [LogsSistema] ([Data], [Descricao], [MetodoHttp], [Rota], [StatusCode], [Utilizador])
OUTPUT INSERTED.[Id]
VALUES (@p0, @p1, @p2, @p3, @p4, @p5);
2026-06-12 10:47:18.893 +01:00 [INF] Executing OkObjectResult, writing value of type '<>f__AnonymousType4`1[[System.String, System.Private.CoreLib, Version=9.0.0.0, Culture=neutral, PublicKeyToken=7cec85d7bea7798e]]'.
2026-06-12 10:47:18.896 +01:00 [INF] Executed action GestoreDeFrotas.Controllers.ViagensController.FinalizarViagem (GestoreDeFrotas) in 138.219ms
2026-06-12 10:47:18.900 +01:00 [INF] Executed endpoint 'GestoreDeFrotas.Controllers.ViagensController.FinalizarViagem (GestoreDeFrotas)'
2026-06-12 10:47:18.903 +01:00 [INF] Request finished HTTP/2 POST https://localhost:7231/api/Viagens/finalizar/6 - 200 null application/json; charset=utf-8 166.8456ms
2026-06-12 10:47:30.448 +01:00 [INF] Request starting HTTP/2 GET https://localhost:7231/api/vehicles/tempo-real - null null
2026-06-12 10:47:30.454 +01:00 [INF] Executing endpoint 'GestoreDeFrotas.Controllers.VeiculosController.ObterEstadoTempoReal (GestoreDeFrotas)'
2026-06-12 10:47:30.474 +01:00 [INF] Route matched with {action = "ObterEstadoTempoReal", controller = "Veiculos"}. Executing controller action with signature System.Threading.Tasks.Task`1[Microsoft.AspNetCore.Mvc.IActionResult] ObterEstadoTempoReal() on controller GestoreDeFrotas.Controllers.VeiculosController (GestoreDeFrotas).
2026-06-12 10:47:30.485 +01:00 [INF] Executed DbCommand (6ms) [Parameters=[], CommandType='"Text"', CommandTimeout='30']
SELECT [v].[Id], [v].[CondutorPrincipalId], [v].[CondutorSecundarioId], [v].[DataFim], [v].[DataInicio], [v].[DataLimitePrevista], [v].[EstaAtiva], [v].[KmFinais], [v].[KmIniciais], [v].[ObservacoesEntrega], [v].[PediuProrrogacao], [v].[TecnicoLevantamentoId], [v].[TecnicoRecebimentoId], [v].[VeiculoId]
FROM [Viagens] AS [v]
WHERE [v].[EstaAtiva] = CAST(1 AS bit)
2026-06-12 10:47:30.491 +01:00 [INF] Executed DbCommand (3ms) [Parameters=[], CommandType='"Text"', CommandTimeout='30']
SELECT [v].[Id], [v].[Ano], [v].[CategoriaUsuario], [v].[CondutorHabitualId], [v].[Cor], [v].[DataProximaIpo], [v].[EstaAtivo], [v].[Estado], [v].[IntervaloManutencaoKm], [v].[KmAtual], [v].[Marca], [v].[Matricula], [v].[Modelo], [v].[TecnicoResponsavelId], [v].[UltimaManutencaoData], [v].[UltimaManutencaoKm]
FROM [Veiculos] AS [v]
WHERE [v].[EstaAtivo] = CAST(1 AS bit)
2026-06-12 10:47:30.497 +01:00 [INF] Executing OkObjectResult, writing value of type 'System.Collections.Generic.List`1[[<>f__AnonymousType9`7[[System.Int32, System.Private.CoreLib, Version=9.0.0.0, Culture=neutral, PublicKeyToken=7cec85d7bea7798e],[System.String, System.Private.CoreLib, Version=9.0.0.0, Culture=neutral, PublicKeyToken=7cec85d7bea7798e],[System.String, System.Private.CoreLib, Version=9.0.0.0, Culture=neutral, PublicKeyToken=7cec85d7bea7798e],[System.String, System.Private.CoreLib, Version=9.0.0.0, Culture=neutral, PublicKeyToken=7cec85d7bea7798e],[System.String, System.Private.CoreLib, Version=9.0.0.0, Culture=neutral, PublicKeyToken=7cec85d7bea7798e],[System.Boolean, System.Private.CoreLib, Version=9.0.0.0, Culture=neutral, PublicKeyToken=7cec85d7bea7798e],[<>f__AnonymousType10`5[[System.Int32, System.Private.CoreLib, Version=9.0.0.0, Culture=neutral, PublicKeyToken=7cec85d7bea7798e],[System.String, System.Private.CoreLib, Version=9.0.0.0, Culture=neutral, PublicKeyToken=7cec85d7bea7798e],[System.String, System.Private.CoreLib, Version=9.0.0.0, Culture=neutral, PublicKeyToken=7cec85d7bea7798e],[System.DateTime, System.Private.CoreLib, Version=9.0.0.0, Culture=neutral, PublicKeyToken=7cec85d7bea7798e],[System.DateTime, System.Private.CoreLib, Version=9.0.0.0, Culture=neutral, PublicKeyToken=7cec85d7bea7798e]], GestoreDeFrotas, Version=1.0.0.0, Culture=neutral, PublicKeyToken=null]], GestoreDeFrotas, Version=1.0.0.0, Culture=neutral, PublicKeyToken=null]]'.
2026-06-12 10:47:30.501 +01:00 [INF] Executed action GestoreDeFrotas.Controllers.VeiculosController.ObterEstadoTempoReal (GestoreDeFrotas) in 24.6715ms
2026-06-12 10:47:30.503 +01:00 [INF] Executed endpoint 'GestoreDeFrotas.Controllers.VeiculosController.ObterEstadoTempoReal (GestoreDeFrotas)'
2026-06-12 10:47:30.505 +01:00 [INF] Request finished HTTP/2 GET https://localhost:7231/api/vehicles/tempo-real - 200 null application/json; charset=utf-8 57.5697ms
2026-06-12 10:49:22.344 +01:00 [INF] Request starting HTTP/2 POST https://localhost:7231/api/Viagens/iniciar/36 - null 0
2026-06-12 10:49:22.355 +01:00 [INF] Executing endpoint 'GestoreDeFrotas.Controllers.ViagensController.Iniciar (GestoreDeFrotas)'
2026-06-12 10:49:22.358 +01:00 [INF] Route matched with {action = "Iniciar", controller = "Viagens"}. Executing controller action with signature System.Threading.Tasks.Task`1[Microsoft.AspNetCore.Mvc.IActionResult] Iniciar(Int32) on controller GestoreDeFrotas.Controllers.ViagensController (GestoreDeFrotas).
2026-06-12 10:49:22.369 +01:00 [INF] Executed DbCommand (2ms) [Parameters=[@__p_0='?' (DbType = Int32)], CommandType='"Text"', CommandTimeout='30']
SELECT TOP(1) [v].[Id], [v].[Ano], [v].[CategoriaUsuario], [v].[CondutorHabitualId], [v].[Cor], [v].[DataProximaIpo], [v].[EstaAtivo], [v].[Estado], [v].[IntervaloManutencaoKm], [v].[KmAtual], [v].[Marca], [v].[Matricula], [v].[Modelo], [v].[TecnicoResponsavelId], [v].[UltimaManutencaoData], [v].[UltimaManutencaoKm]
FROM [Veiculos] AS [v]
WHERE [v].[Id] = @__p_0
2026-06-12 10:49:22.377 +01:00 [INF] Executed DbCommand (4ms) [Parameters=[@__veiculoId_0='?' (DbType = Int32)], CommandType='"Text"', CommandTimeout='30']
SELECT CASE
    WHEN EXISTS (
        SELECT 1
        FROM [Viagens] AS [v]
        WHERE [v].[VeiculoId] = @__veiculoId_0 AND [v].[EstaAtiva] = CAST(1 AS bit)) THEN CAST(1 AS bit)
    ELSE CAST(0 AS bit)
END
2026-06-12 10:49:22.385 +01:00 [INF] Executed DbCommand (3ms) [Parameters=[@p1='?' (DbType = Int32), @p0='?' (Size = 4000), @p2='?' (Size = 4000), @p3='?' (Size = 4000), @p4='?' (DbType = DateTime2), @p5='?' (DbType = DateTime2), @p6='?' (DbType = DateTime2), @p7='?' (DbType = Boolean), @p8='?' (DbType = Int32), @p9='?' (DbType = Int32), @p10='?' (Size = 4000), @p11='?' (DbType = Boolean), @p12='?' (Size = 4000), @p13='?' (Size = 4000), @p14='?' (DbType = Int32)], CommandType='"Text"', CommandTimeout='30']
SET NOCOUNT ON;
UPDATE [Veiculos] SET [Estado] = @p0
OUTPUT 1
WHERE [Id] = @p1;
INSERT INTO [Viagens] ([CondutorPrincipalId], [CondutorSecundarioId], [DataFim], [DataInicio], [DataLimitePrevista], [EstaAtiva], [KmFinais], [KmIniciais], [ObservacoesEntrega], [PediuProrrogacao], [TecnicoLevantamentoId], [TecnicoRecebimentoId], [VeiculoId])
OUTPUT INSERTED.[Id]
VALUES (@p2, @p3, @p4, @p5, @p6, @p7, @p8, @p9, @p10, @p11, @p12, @p13, @p14);
2026-06-12 10:49:22.395 +01:00 [INF] Executed DbCommand (5ms) [Parameters=[@p0='?' (DbType = DateTime2), @p1='?' (Size = 4000), @p2='?' (Size = 4000), @p3='?' (Size = 4000), @p4='?' (DbType = Int32), @p5='?' (Size = 4000)], CommandType='"Text"', CommandTimeout='30']
SET IMPLICIT_TRANSACTIONS OFF;
SET NOCOUNT ON;
INSERT INTO [LogsSistema] ([Data], [Descricao], [MetodoHttp], [Rota], [StatusCode], [Utilizador])
OUTPUT INSERTED.[Id]
VALUES (@p0, @p1, @p2, @p3, @p4, @p5);
2026-06-12 10:49:22.398 +01:00 [INF] Executing OkObjectResult, writing value of type 'GestoreDeFrotas.Models.Viagem'.
2026-06-12 10:49:22.400 +01:00 [INF] Executed action GestoreDeFrotas.Controllers.ViagensController.Iniciar (GestoreDeFrotas) in 36.2856ms
2026-06-12 10:49:22.401 +01:00 [INF] Executed endpoint 'GestoreDeFrotas.Controllers.ViagensController.Iniciar (GestoreDeFrotas)'
2026-06-12 10:49:22.410 +01:00 [INF] Request finished HTTP/2 POST https://localhost:7231/api/Viagens/iniciar/36 - 200 null application/json; charset=utf-8 65.6976ms
2026-06-12 10:49:54.671 +01:00 [INF] Request starting HTTP/2 POST https://localhost:7231/api/Viagens/finalizar/7 - application/json 55
2026-06-12 10:49:54.682 +01:00 [INF] Executing endpoint 'GestoreDeFrotas.Controllers.ViagensController.FinalizarViagem (GestoreDeFrotas)'
2026-06-12 10:49:54.684 +01:00 [INF] Route matched with {action = "FinalizarViagem", controller = "Viagens"}. Executing controller action with signature System.Threading.Tasks.Task`1[Microsoft.AspNetCore.Mvc.IActionResult] FinalizarViagem(Int32, GestoreDeFrotas.Controllers.EntregaViagemDto) on controller GestoreDeFrotas.Controllers.ViagensController (GestoreDeFrotas).
2026-06-12 10:49:54.695 +01:00 [INF] Executed DbCommand (2ms) [Parameters=[@__p_0='?' (DbType = Int32)], CommandType='"Text"', CommandTimeout='30']
SELECT TOP(1) [v].[Id], [v].[CondutorPrincipalId], [v].[CondutorSecundarioId], [v].[DataFim], [v].[DataInicio], [v].[DataLimitePrevista], [v].[EstaAtiva], [v].[KmFinais], [v].[KmIniciais], [v].[ObservacoesEntrega], [v].[PediuProrrogacao], [v].[TecnicoLevantamentoId], [v].[TecnicoRecebimentoId], [v].[VeiculoId]
FROM [Viagens] AS [v]
WHERE [v].[Id] = @__p_0
2026-06-12 10:49:54.704 +01:00 [INF] Executed DbCommand (1ms) [Parameters=[@__p_0='?' (DbType = Int32)], CommandType='"Text"', CommandTimeout='30']
SELECT TOP(1) [v].[Id], [v].[Ano], [v].[CategoriaUsuario], [v].[CondutorHabitualId], [v].[Cor], [v].[DataProximaIpo], [v].[EstaAtivo], [v].[Estado], [v].[IntervaloManutencaoKm], [v].[KmAtual], [v].[Marca], [v].[Matricula], [v].[Modelo], [v].[TecnicoResponsavelId], [v].[UltimaManutencaoData], [v].[UltimaManutencaoKm]
FROM [Veiculos] AS [v]
WHERE [v].[Id] = @__p_0
2026-06-12 10:49:54.711 +01:00 [INF] Executed DbCommand (2ms) [Parameters=[@__veiculoId_Value_0='?' (DbType = Int32)], CommandType='"Text"', CommandTimeout='30']
SELECT TOP(1) [v].[Id], [v].[Ano], [v].[CategoriaUsuario], [v].[CondutorHabitualId], [v].[Cor], [v].[DataProximaIpo], [v].[EstaAtivo], [v].[Estado], [v].[IntervaloManutencaoKm], [v].[KmAtual], [v].[Marca], [v].[Matricula], [v].[Modelo], [v].[TecnicoResponsavelId], [v].[UltimaManutencaoData], [v].[UltimaManutencaoKm]
FROM [Veiculos] AS [v]
WHERE [v].[Id] = @__veiculoId_Value_0
2026-06-12 10:49:54.725 +01:00 [INF] Executed DbCommand (6ms) [Parameters=[@p0='?' (DbType = DateTime2), @p1='?' (Size = 4000), @p2='?' (Size = 4000), @p3='?' (DbType = Boolean), @p4='?' (Size = 4000), @p5='?' (DbType = Int32), @p7='?' (DbType = Int32), @p6='?' (Size = 4000), @p11='?' (DbType = Int32), @p8='?' (DbType = DateTime2), @p9='?' (DbType = Boolean), @p10='?' (Size = 4000)], CommandType='"Text"', CommandTimeout='30']
SET NOCOUNT ON;
INSERT INTO [Notificacoes] ([DataCriacao], [DestinatarioId], [Grau], [Lida], [Mensagem], [VeiculoId])
OUTPUT INSERTED.[Id]
VALUES (@p0, @p1, @p2, @p3, @p4, @p5);
UPDATE [Veiculos] SET [Estado] = @p6
OUTPUT 1
WHERE [Id] = @p7;
UPDATE [Viagens] SET [DataFim] = @p8, [EstaAtiva] = @p9, [ObservacoesEntrega] = @p10
OUTPUT 1
WHERE [Id] = @p11;
2026-06-12 10:49:54.754 +01:00 [INF] Executed DbCommand (7ms) [Parameters=[@p0='?' (DbType = DateTime2), @p1='?' (Size = 4000), @p2='?' (Size = 4000), @p3='?' (DbType = Boolean), @p4='?' (Size = 4000), @p5='?' (DbType = Int32)], CommandType='"Text"', CommandTimeout='30']
SET IMPLICIT_TRANSACTIONS OFF;
SET NOCOUNT ON;
INSERT INTO [Notificacoes] ([DataCriacao], [DestinatarioId], [Grau], [Lida], [Mensagem], [VeiculoId])
OUTPUT INSERTED.[Id]
VALUES (@p0, @p1, @p2, @p3, @p4, @p5);
2026-06-12 10:49:54.762 +01:00 [INF] Executed DbCommand (2ms) [Parameters=[@p0='?' (DbType = DateTime2), @p1='?' (Size = 4000), @p2='?' (Size = 4000), @p3='?' (Size = 4000), @p4='?' (DbType = Int32), @p5='?' (Size = 4000)], CommandType='"Text"', CommandTimeout='30']
SET IMPLICIT_TRANSACTIONS OFF;
SET NOCOUNT ON;
INSERT INTO [LogsSistema] ([Data], [Descricao], [MetodoHttp], [Rota], [StatusCode], [Utilizador])
OUTPUT INSERTED.[Id]
VALUES (@p0, @p1, @p2, @p3, @p4, @p5);
2026-06-12 10:49:54.765 +01:00 [INF] Executing OkObjectResult, writing value of type '<>f__AnonymousType4`1[[System.String, System.Private.CoreLib, Version=9.0.0.0, Culture=neutral, PublicKeyToken=7cec85d7bea7798e]]'.
2026-06-12 10:49:54.767 +01:00 [INF] Executed action GestoreDeFrotas.Controllers.ViagensController.FinalizarViagem (GestoreDeFrotas) in 78.4242ms
2026-06-12 10:49:54.768 +01:00 [INF] Executed endpoint 'GestoreDeFrotas.Controllers.ViagensController.FinalizarViagem (GestoreDeFrotas)'
2026-06-12 10:49:54.770 +01:00 [INF] Request finished HTTP/2 POST https://localhost:7231/api/Viagens/finalizar/7 - 200 null application/json; charset=utf-8 98.3566ms
2026-06-12 10:50:00.534 +01:00 [INF] Request starting HTTP/2 POST https://localhost:7231/api/Viagens/iniciar/36 - null 0
2026-06-12 10:50:00.538 +01:00 [INF] Executing endpoint 'GestoreDeFrotas.Controllers.ViagensController.Iniciar (GestoreDeFrotas)'
2026-06-12 10:50:00.540 +01:00 [INF] Route matched with {action = "Iniciar", controller = "Viagens"}. Executing controller action with signature System.Threading.Tasks.Task`1[Microsoft.AspNetCore.Mvc.IActionResult] Iniciar(Int32) on controller GestoreDeFrotas.Controllers.ViagensController (GestoreDeFrotas).
2026-06-12 10:50:00.545 +01:00 [INF] Executed DbCommand (1ms) [Parameters=[@__p_0='?' (DbType = Int32)], CommandType='"Text"', CommandTimeout='30']
SELECT TOP(1) [v].[Id], [v].[Ano], [v].[CategoriaUsuario], [v].[CondutorHabitualId], [v].[Cor], [v].[DataProximaIpo], [v].[EstaAtivo], [v].[Estado], [v].[IntervaloManutencaoKm], [v].[KmAtual], [v].[Marca], [v].[Matricula], [v].[Modelo], [v].[TecnicoResponsavelId], [v].[UltimaManutencaoData], [v].[UltimaManutencaoKm]
FROM [Veiculos] AS [v]
WHERE [v].[Id] = @__p_0
2026-06-12 10:50:00.549 +01:00 [INF] Executed DbCommand (1ms) [Parameters=[@__veiculoId_0='?' (DbType = Int32)], CommandType='"Text"', CommandTimeout='30']
SELECT CASE
    WHEN EXISTS (
        SELECT 1
        FROM [Viagens] AS [v]
        WHERE [v].[VeiculoId] = @__veiculoId_0 AND [v].[EstaAtiva] = CAST(1 AS bit)) THEN CAST(1 AS bit)
    ELSE CAST(0 AS bit)
END
2026-06-12 10:50:00.556 +01:00 [INF] Executed DbCommand (2ms) [Parameters=[@p1='?' (DbType = Int32), @p0='?' (Size = 4000), @p2='?' (Size = 4000), @p3='?' (Size = 4000), @p4='?' (DbType = DateTime2), @p5='?' (DbType = DateTime2), @p6='?' (DbType = DateTime2), @p7='?' (DbType = Boolean), @p8='?' (DbType = Int32), @p9='?' (DbType = Int32), @p10='?' (Size = 4000), @p11='?' (DbType = Boolean), @p12='?' (Size = 4000), @p13='?' (Size = 4000), @p14='?' (DbType = Int32)], CommandType='"Text"', CommandTimeout='30']
SET NOCOUNT ON;
UPDATE [Veiculos] SET [Estado] = @p0
OUTPUT 1
WHERE [Id] = @p1;
INSERT INTO [Viagens] ([CondutorPrincipalId], [CondutorSecundarioId], [DataFim], [DataInicio], [DataLimitePrevista], [EstaAtiva], [KmFinais], [KmIniciais], [ObservacoesEntrega], [PediuProrrogacao], [TecnicoLevantamentoId], [TecnicoRecebimentoId], [VeiculoId])
OUTPUT INSERTED.[Id]
VALUES (@p2, @p3, @p4, @p5, @p6, @p7, @p8, @p9, @p10, @p11, @p12, @p13, @p14);
2026-06-12 10:50:00.582 +01:00 [INF] Executed DbCommand (1ms) [Parameters=[@p0='?' (DbType = DateTime2), @p1='?' (Size = 4000), @p2='?' (Size = 4000), @p3='?' (Size = 4000), @p4='?' (DbType = Int32), @p5='?' (Size = 4000)], CommandType='"Text"', CommandTimeout='30']
SET IMPLICIT_TRANSACTIONS OFF;
SET NOCOUNT ON;
INSERT INTO [LogsSistema] ([Data], [Descricao], [MetodoHttp], [Rota], [StatusCode], [Utilizador])
OUTPUT INSERTED.[Id]
VALUES (@p0, @p1, @p2, @p3, @p4, @p5);
2026-06-12 10:50:00.584 +01:00 [INF] Executing OkObjectResult, writing value of type 'GestoreDeFrotas.Models.Viagem'.
2026-06-12 10:50:00.586 +01:00 [INF] Executed action GestoreDeFrotas.Controllers.ViagensController.Iniciar (GestoreDeFrotas) in 43.1803ms
2026-06-12 10:50:00.591 +01:00 [INF] Executed endpoint 'GestoreDeFrotas.Controllers.ViagensController.Iniciar (GestoreDeFrotas)'
2026-06-12 10:50:00.593 +01:00 [INF] Request finished HTTP/2 POST https://localhost:7231/api/Viagens/iniciar/36 - 200 null application/json; charset=utf-8 59.1937ms
2026-06-12 10:50:12.261 +01:00 [INF] Request starting HTTP/2 GET https://localhost:7231/api/vehicles/tempo-real - null null
2026-06-12 10:50:12.264 +01:00 [INF] Executing endpoint 'GestoreDeFrotas.Controllers.VeiculosController.ObterEstadoTempoReal (GestoreDeFrotas)'
2026-06-12 10:50:12.269 +01:00 [INF] Route matched with {action = "ObterEstadoTempoReal", controller = "Veiculos"}. Executing controller action with signature System.Threading.Tasks.Task`1[Microsoft.AspNetCore.Mvc.IActionResult] ObterEstadoTempoReal() on controller GestoreDeFrotas.Controllers.VeiculosController (GestoreDeFrotas).
2026-06-12 10:50:12.278 +01:00 [INF] Executed DbCommand (3ms) [Parameters=[], CommandType='"Text"', CommandTimeout='30']
SELECT [v].[Id], [v].[CondutorPrincipalId], [v].[CondutorSecundarioId], [v].[DataFim], [v].[DataInicio], [v].[DataLimitePrevista], [v].[EstaAtiva], [v].[KmFinais], [v].[KmIniciais], [v].[ObservacoesEntrega], [v].[PediuProrrogacao], [v].[TecnicoLevantamentoId], [v].[TecnicoRecebimentoId], [v].[VeiculoId]
FROM [Viagens] AS [v]
WHERE [v].[EstaAtiva] = CAST(1 AS bit)
2026-06-12 10:50:12.284 +01:00 [INF] Executed DbCommand (2ms) [Parameters=[], CommandType='"Text"', CommandTimeout='30']
SELECT [v].[Id], [v].[Ano], [v].[CategoriaUsuario], [v].[CondutorHabitualId], [v].[Cor], [v].[DataProximaIpo], [v].[EstaAtivo], [v].[Estado], [v].[IntervaloManutencaoKm], [v].[KmAtual], [v].[Marca], [v].[Matricula], [v].[Modelo], [v].[TecnicoResponsavelId], [v].[UltimaManutencaoData], [v].[UltimaManutencaoKm]
FROM [Veiculos] AS [v]
WHERE [v].[EstaAtivo] = CAST(1 AS bit)
2026-06-12 10:50:12.287 +01:00 [INF] Executing OkObjectResult, writing value of type 'System.Collections.Generic.List`1[[<>f__AnonymousType9`7[[System.Int32, System.Private.CoreLib, Version=9.0.0.0, Culture=neutral, PublicKeyToken=7cec85d7bea7798e],[System.String, System.Private.CoreLib, Version=9.0.0.0, Culture=neutral, PublicKeyToken=7cec85d7bea7798e],[System.String, System.Private.CoreLib, Version=9.0.0.0, Culture=neutral, PublicKeyToken=7cec85d7bea7798e],[System.String, System.Private.CoreLib, Version=9.0.0.0, Culture=neutral, PublicKeyToken=7cec85d7bea7798e],[System.String, System.Private.CoreLib, Version=9.0.0.0, Culture=neutral, PublicKeyToken=7cec85d7bea7798e],[System.Boolean, System.Private.CoreLib, Version=9.0.0.0, Culture=neutral, PublicKeyToken=7cec85d7bea7798e],[<>f__AnonymousType10`5[[System.Int32, System.Private.CoreLib, Version=9.0.0.0, Culture=neutral, PublicKeyToken=7cec85d7bea7798e],[System.String, System.Private.CoreLib, Version=9.0.0.0, Culture=neutral, PublicKeyToken=7cec85d7bea7798e],[System.String, System.Private.CoreLib, Version=9.0.0.0, Culture=neutral, PublicKeyToken=7cec85d7bea7798e],[System.DateTime, System.Private.CoreLib, Version=9.0.0.0, Culture=neutral, PublicKeyToken=7cec85d7bea7798e],[System.DateTime, System.Private.CoreLib, Version=9.0.0.0, Culture=neutral, PublicKeyToken=7cec85d7bea7798e]], GestoreDeFrotas, Version=1.0.0.0, Culture=neutral, PublicKeyToken=null]], GestoreDeFrotas, Version=1.0.0.0, Culture=neutral, PublicKeyToken=null]]'.
2026-06-12 10:50:12.292 +01:00 [INF] Executed action GestoreDeFrotas.Controllers.VeiculosController.ObterEstadoTempoReal (GestoreDeFrotas) in 17.9481ms
2026-06-12 10:50:12.294 +01:00 [INF] Executed endpoint 'GestoreDeFrotas.Controllers.VeiculosController.ObterEstadoTempoReal (GestoreDeFrotas)'
2026-06-12 10:50:12.296 +01:00 [INF] Request finished HTTP/2 GET https://localhost:7231/api/vehicles/tempo-real - 200 null application/json; charset=utf-8 35.1456ms
2026-06-12 10:50:23.065 +01:00 [INF] Request starting HTTP/2 POST https://localhost:7231/api/Viagens/finalizar/8 - application/json 55
2026-06-12 10:50:23.070 +01:00 [INF] Executing endpoint 'GestoreDeFrotas.Controllers.ViagensController.FinalizarViagem (GestoreDeFrotas)'
2026-06-12 10:50:23.073 +01:00 [INF] Route matched with {action = "FinalizarViagem", controller = "Viagens"}. Executing controller action with signature System.Threading.Tasks.Task`1[Microsoft.AspNetCore.Mvc.IActionResult] FinalizarViagem(Int32, GestoreDeFrotas.Controllers.EntregaViagemDto) on controller GestoreDeFrotas.Controllers.ViagensController (GestoreDeFrotas).
2026-06-12 10:50:23.080 +01:00 [INF] Executed DbCommand (1ms) [Parameters=[@__p_0='?' (DbType = Int32)], CommandType='"Text"', CommandTimeout='30']
SELECT TOP(1) [v].[Id], [v].[CondutorPrincipalId], [v].[CondutorSecundarioId], [v].[DataFim], [v].[DataInicio], [v].[DataLimitePrevista], [v].[EstaAtiva], [v].[KmFinais], [v].[KmIniciais], [v].[ObservacoesEntrega], [v].[PediuProrrogacao], [v].[TecnicoLevantamentoId], [v].[TecnicoRecebimentoId], [v].[VeiculoId]
FROM [Viagens] AS [v]
WHERE [v].[Id] = @__p_0
2026-06-12 10:50:23.085 +01:00 [INF] Executed DbCommand (1ms) [Parameters=[@__p_0='?' (DbType = Int32)], CommandType='"Text"', CommandTimeout='30']
SELECT TOP(1) [v].[Id], [v].[Ano], [v].[CategoriaUsuario], [v].[CondutorHabitualId], [v].[Cor], [v].[DataProximaIpo], [v].[EstaAtivo], [v].[Estado], [v].[IntervaloManutencaoKm], [v].[KmAtual], [v].[Marca], [v].[Matricula], [v].[Modelo], [v].[TecnicoResponsavelId], [v].[UltimaManutencaoData], [v].[UltimaManutencaoKm]
FROM [Veiculos] AS [v]
WHERE [v].[Id] = @__p_0
2026-06-12 10:50:23.092 +01:00 [INF] Executed DbCommand (0ms) [Parameters=[@__veiculoId_Value_0='?' (DbType = Int32)], CommandType='"Text"', CommandTimeout='30']
SELECT TOP(1) [v].[Id], [v].[Ano], [v].[CategoriaUsuario], [v].[CondutorHabitualId], [v].[Cor], [v].[DataProximaIpo], [v].[EstaAtivo], [v].[Estado], [v].[IntervaloManutencaoKm], [v].[KmAtual], [v].[Marca], [v].[Matricula], [v].[Modelo], [v].[TecnicoResponsavelId], [v].[UltimaManutencaoData], [v].[UltimaManutencaoKm]
FROM [Veiculos] AS [v]
WHERE [v].[Id] = @__veiculoId_Value_0
2026-06-12 10:50:23.096 +01:00 [INF] Executed DbCommand (0ms) [Parameters=[@p0='?' (DbType = DateTime2), @p1='?' (Size = 4000), @p2='?' (Size = 4000), @p3='?' (DbType = Boolean), @p4='?' (Size = 4000), @p5='?' (DbType = Int32), @p7='?' (DbType = Int32), @p6='?' (Size = 4000), @p11='?' (DbType = Int32), @p8='?' (DbType = DateTime2), @p9='?' (DbType = Boolean), @p10='?' (Size = 4000)], CommandType='"Text"', CommandTimeout='30']
SET NOCOUNT ON;
INSERT INTO [Notificacoes] ([DataCriacao], [DestinatarioId], [Grau], [Lida], [Mensagem], [VeiculoId])
OUTPUT INSERTED.[Id]
VALUES (@p0, @p1, @p2, @p3, @p4, @p5);
UPDATE [Veiculos] SET [Estado] = @p6
OUTPUT 1
WHERE [Id] = @p7;
UPDATE [Viagens] SET [DataFim] = @p8, [EstaAtiva] = @p9, [ObservacoesEntrega] = @p10
OUTPUT 1
WHERE [Id] = @p11;
2026-06-12 10:50:23.383 +01:00 [INF] Executed DbCommand (6ms) [Parameters=[@p0='?' (DbType = DateTime2), @p1='?' (Size = 4000), @p2='?' (Size = 4000), @p3='?' (DbType = Boolean), @p4='?' (Size = 4000), @p5='?' (DbType = Int32)], CommandType='"Text"', CommandTimeout='30']
SET IMPLICIT_TRANSACTIONS OFF;
SET NOCOUNT ON;
INSERT INTO [Notificacoes] ([DataCriacao], [DestinatarioId], [Grau], [Lida], [Mensagem], [VeiculoId])
OUTPUT INSERTED.[Id]
VALUES (@p0, @p1, @p2, @p3, @p4, @p5);
2026-06-12 10:50:23.409 +01:00 [INF] Executed DbCommand (5ms) [Parameters=[@p0='?' (DbType = DateTime2), @p1='?' (Size = 4000), @p2='?' (Size = 4000), @p3='?' (Size = 4000), @p4='?' (DbType = Int32), @p5='?' (Size = 4000)], CommandType='"Text"', CommandTimeout='30']
SET IMPLICIT_TRANSACTIONS OFF;
SET NOCOUNT ON;
INSERT INTO [LogsSistema] ([Data], [Descricao], [MetodoHttp], [Rota], [StatusCode], [Utilizador])
OUTPUT INSERTED.[Id]
VALUES (@p0, @p1, @p2, @p3, @p4, @p5);
2026-06-12 10:50:23.414 +01:00 [INF] Executing OkObjectResult, writing value of type '<>f__AnonymousType4`1[[System.String, System.Private.CoreLib, Version=9.0.0.0, Culture=neutral, PublicKeyToken=7cec85d7bea7798e]]'.
2026-06-12 10:50:23.417 +01:00 [INF] Executed action GestoreDeFrotas.Controllers.ViagensController.FinalizarViagem (GestoreDeFrotas) in 340.7432ms
2026-06-12 10:50:23.420 +01:00 [INF] Executed endpoint 'GestoreDeFrotas.Controllers.ViagensController.FinalizarViagem (GestoreDeFrotas)'
2026-06-12 10:50:23.428 +01:00 [INF] Request finished HTTP/2 POST https://localhost:7231/api/Viagens/finalizar/8 - 200 null application/json; charset=utf-8 363.5501ms
2026-06-12 10:50:28.305 +01:00 [INF] Request starting HTTP/2 GET https://localhost:7231/api/vehicles/tempo-real - null null
2026-06-12 10:50:28.309 +01:00 [INF] Executing endpoint 'GestoreDeFrotas.Controllers.VeiculosController.ObterEstadoTempoReal (GestoreDeFrotas)'
2026-06-12 10:50:28.310 +01:00 [INF] Route matched with {action = "ObterEstadoTempoReal", controller = "Veiculos"}. Executing controller action with signature System.Threading.Tasks.Task`1[Microsoft.AspNetCore.Mvc.IActionResult] ObterEstadoTempoReal() on controller GestoreDeFrotas.Controllers.VeiculosController (GestoreDeFrotas).
2026-06-12 10:50:28.383 +01:00 [INF] Executed DbCommand (40ms) [Parameters=[], CommandType='"Text"', CommandTimeout='30']
SELECT [v].[Id], [v].[CondutorPrincipalId], [v].[CondutorSecundarioId], [v].[DataFim], [v].[DataInicio], [v].[DataLimitePrevista], [v].[EstaAtiva], [v].[KmFinais], [v].[KmIniciais], [v].[ObservacoesEntrega], [v].[PediuProrrogacao], [v].[TecnicoLevantamentoId], [v].[TecnicoRecebimentoId], [v].[VeiculoId]
FROM [Viagens] AS [v]
WHERE [v].[EstaAtiva] = CAST(1 AS bit)
2026-06-12 10:50:28.390 +01:00 [INF] Executed DbCommand (1ms) [Parameters=[], CommandType='"Text"', CommandTimeout='30']
SELECT [v].[Id], [v].[Ano], [v].[CategoriaUsuario], [v].[CondutorHabitualId], [v].[Cor], [v].[DataProximaIpo], [v].[EstaAtivo], [v].[Estado], [v].[IntervaloManutencaoKm], [v].[KmAtual], [v].[Marca], [v].[Matricula], [v].[Modelo], [v].[TecnicoResponsavelId], [v].[UltimaManutencaoData], [v].[UltimaManutencaoKm]
FROM [Veiculos] AS [v]
WHERE [v].[EstaAtivo] = CAST(1 AS bit)
2026-06-12 10:50:28.393 +01:00 [INF] Executing OkObjectResult, writing value of type 'System.Collections.Generic.List`1[[<>f__AnonymousType9`7[[System.Int32, System.Private.CoreLib, Version=9.0.0.0, Culture=neutral, PublicKeyToken=7cec85d7bea7798e],[System.String, System.Private.CoreLib, Version=9.0.0.0, Culture=neutral, PublicKeyToken=7cec85d7bea7798e],[System.String, System.Private.CoreLib, Version=9.0.0.0, Culture=neutral, PublicKeyToken=7cec85d7bea7798e],[System.String, System.Private.CoreLib, Version=9.0.0.0, Culture=neutral, PublicKeyToken=7cec85d7bea7798e],[System.String, System.Private.CoreLib, Version=9.0.0.0, Culture=neutral, PublicKeyToken=7cec85d7bea7798e],[System.Boolean, System.Private.CoreLib, Version=9.0.0.0, Culture=neutral, PublicKeyToken=7cec85d7bea7798e],[<>f__AnonymousType10`5[[System.Int32, System.Private.CoreLib, Version=9.0.0.0, Culture=neutral, PublicKeyToken=7cec85d7bea7798e],[System.String, System.Private.CoreLib, Version=9.0.0.0, Culture=neutral, PublicKeyToken=7cec85d7bea7798e],[System.String, System.Private.CoreLib, Version=9.0.0.0, Culture=neutral, PublicKeyToken=7cec85d7bea7798e],[System.DateTime, System.Private.CoreLib, Version=9.0.0.0, Culture=neutral, PublicKeyToken=7cec85d7bea7798e],[System.DateTime, System.Private.CoreLib, Version=9.0.0.0, Culture=neutral, PublicKeyToken=7cec85d7bea7798e]], GestoreDeFrotas, Version=1.0.0.0, Culture=neutral, PublicKeyToken=null]], GestoreDeFrotas, Version=1.0.0.0, Culture=neutral, PublicKeyToken=null]]'.
2026-06-12 10:50:28.397 +01:00 [INF] Executed action GestoreDeFrotas.Controllers.VeiculosController.ObterEstadoTempoReal (GestoreDeFrotas) in 55.005ms
2026-06-12 10:50:28.399 +01:00 [INF] Executed endpoint 'GestoreDeFrotas.Controllers.VeiculosController.ObterEstadoTempoReal (GestoreDeFrotas)'
2026-06-12 10:50:28.401 +01:00 [INF] Request finished HTTP/2 GET https://localhost:7231/api/vehicles/tempo-real - 200 null application/json; charset=utf-8 96.6691ms
2026-06-12 10:52:27.946 +01:00 [INF] Request starting HTTP/2 GET https://localhost:7231/api/vehicles/36/historico-pdf - null null
2026-06-12 10:52:27.957 +01:00 [INF] Executing endpoint 'GestoreDeFrotas.Controllers.VeiculosController.ExportarHistoricoPdf (GestoreDeFrotas)'
2026-06-12 10:52:27.961 +01:00 [INF] Route matched with {action = "ExportarHistoricoPdf", controller = "Veiculos"}. Executing controller action with signature System.Threading.Tasks.Task`1[Microsoft.AspNetCore.Mvc.IActionResult] ExportarHistoricoPdf(Int32) on controller GestoreDeFrotas.Controllers.VeiculosController (GestoreDeFrotas).
2026-06-12 10:52:27.975 +01:00 [INF] Executed DbCommand (3ms) [Parameters=[@__p_0='?' (DbType = Int32)], CommandType='"Text"', CommandTimeout='30']
SELECT TOP(1) [v].[Id], [v].[Ano], [v].[CategoriaUsuario], [v].[CondutorHabitualId], [v].[Cor], [v].[DataProximaIpo], [v].[EstaAtivo], [v].[Estado], [v].[IntervaloManutencaoKm], [v].[KmAtual], [v].[Marca], [v].[Matricula], [v].[Modelo], [v].[TecnicoResponsavelId], [v].[UltimaManutencaoData], [v].[UltimaManutencaoKm]
FROM [Veiculos] AS [v]
WHERE [v].[Id] = @__p_0
2026-06-12 10:52:28.023 +01:00 [INF] Executed DbCommand (34ms) [Parameters=[@__id_0='?' (DbType = Int32)], CommandType='"Text"', CommandTimeout='30']
SELECT [v].[Id], [v].[CondutorPrincipalId], [v].[CondutorSecundarioId], [v].[DataFim], [v].[DataInicio], [v].[DataLimitePrevista], [v].[EstaAtiva], [v].[KmFinais], [v].[KmIniciais], [v].[ObservacoesEntrega], [v].[PediuProrrogacao], [v].[TecnicoLevantamentoId], [v].[TecnicoRecebimentoId], [v].[VeiculoId]
FROM [Viagens] AS [v]
WHERE [v].[VeiculoId] = @__id_0
ORDER BY [v].[DataInicio] DESC
2026-06-12 10:52:28.040 +01:00 [INF] Executed DbCommand (8ms) [Parameters=[@__id_0='?' (DbType = Int32)], CommandType='"Text"', CommandTimeout='30']
SELECT [a].[Id], [a].[Combustivel], [a].[ConsumoMedio], [a].[CustoTotal], [a].[Data], [a].[FaturaPath], [a].[KmAtual], [a].[KmPorLitro], [a].[Litros], [a].[Posto], [a].[PrecoPorLitro], [a].[VeiculoId]
FROM [Abastecimentos] AS [a]
WHERE [a].[VeiculoId] = @__id_0
ORDER BY [a].[Data] DESC
2026-06-12 10:52:29.639 +01:00 [INF] Executing FileStreamResult, sending file with download name 'Historico_Veiculo_R4-MX-ZN_20260612.pdf' ...
2026-06-12 10:52:29.663 +01:00 [INF] Executed action GestoreDeFrotas.Controllers.VeiculosController.ExportarHistoricoPdf (GestoreDeFrotas) in 1696.8113ms
2026-06-12 10:52:29.666 +01:00 [INF] Executed endpoint 'GestoreDeFrotas.Controllers.VeiculosController.ExportarHistoricoPdf (GestoreDeFrotas)'
2026-06-12 10:52:29.667 +01:00 [INF] Request finished HTTP/2 GET https://localhost:7231/api/vehicles/36/historico-pdf - 200 55751 application/pdf 1721.3532ms
2026-06-12 10:55:56.088 +01:00 [INF] Request starting HTTP/2 POST https://localhost:7231/api/Viagens/iniciar/36 - null 0
2026-06-12 10:55:56.099 +01:00 [INF] Executing endpoint 'GestoreDeFrotas.Controllers.ViagensController.Iniciar (GestoreDeFrotas)'
2026-06-12 10:55:56.100 +01:00 [INF] Route matched with {action = "Iniciar", controller = "Viagens"}. Executing controller action with signature System.Threading.Tasks.Task`1[Microsoft.AspNetCore.Mvc.IActionResult] Iniciar(Int32) on controller GestoreDeFrotas.Controllers.ViagensController (GestoreDeFrotas).
2026-06-12 10:55:56.109 +01:00 [INF] Executed DbCommand (5ms) [Parameters=[@__p_0='?' (DbType = Int32)], CommandType='"Text"', CommandTimeout='30']
SELECT TOP(1) [v].[Id], [v].[Ano], [v].[CategoriaUsuario], [v].[CondutorHabitualId], [v].[Cor], [v].[DataProximaIpo], [v].[EstaAtivo], [v].[Estado], [v].[IntervaloManutencaoKm], [v].[KmAtual], [v].[Marca], [v].[Matricula], [v].[Modelo], [v].[TecnicoResponsavelId], [v].[UltimaManutencaoData], [v].[UltimaManutencaoKm]
FROM [Veiculos] AS [v]
WHERE [v].[Id] = @__p_0
2026-06-12 10:55:56.115 +01:00 [INF] Executed DbCommand (3ms) [Parameters=[@__veiculoId_0='?' (DbType = Int32)], CommandType='"Text"', CommandTimeout='30']
SELECT CASE
    WHEN EXISTS (
        SELECT 1
        FROM [Viagens] AS [v]
        WHERE [v].[VeiculoId] = @__veiculoId_0 AND [v].[EstaAtiva] = CAST(1 AS bit)) THEN CAST(1 AS bit)
    ELSE CAST(0 AS bit)
END
2026-06-12 10:55:56.132 +01:00 [INF] Executed DbCommand (5ms) [Parameters=[@p1='?' (DbType = Int32), @p0='?' (Size = 4000), @p2='?' (Size = 4000), @p3='?' (Size = 4000), @p4='?' (DbType = DateTime2), @p5='?' (DbType = DateTime2), @p6='?' (DbType = DateTime2), @p7='?' (DbType = Boolean), @p8='?' (DbType = Int32), @p9='?' (DbType = Int32), @p10='?' (Size = 4000), @p11='?' (DbType = Boolean), @p12='?' (Size = 4000), @p13='?' (Size = 4000), @p14='?' (DbType = Int32)], CommandType='"Text"', CommandTimeout='30']
SET NOCOUNT ON;
UPDATE [Veiculos] SET [Estado] = @p0
OUTPUT 1
WHERE [Id] = @p1;
INSERT INTO [Viagens] ([CondutorPrincipalId], [CondutorSecundarioId], [DataFim], [DataInicio], [DataLimitePrevista], [EstaAtiva], [KmFinais], [KmIniciais], [ObservacoesEntrega], [PediuProrrogacao], [TecnicoLevantamentoId], [TecnicoRecebimentoId], [VeiculoId])
OUTPUT INSERTED.[Id]
VALUES (@p2, @p3, @p4, @p5, @p6, @p7, @p8, @p9, @p10, @p11, @p12, @p13, @p14);
2026-06-12 10:55:56.142 +01:00 [INF] Executed DbCommand (5ms) [Parameters=[@p0='?' (DbType = DateTime2), @p1='?' (Size = 4000), @p2='?' (Size = 4000), @p3='?' (Size = 4000), @p4='?' (DbType = Int32), @p5='?' (Size = 4000)], CommandType='"Text"', CommandTimeout='30']
SET IMPLICIT_TRANSACTIONS OFF;
SET NOCOUNT ON;
INSERT INTO [LogsSistema] ([Data], [Descricao], [MetodoHttp], [Rota], [StatusCode], [Utilizador])
OUTPUT INSERTED.[Id]
VALUES (@p0, @p1, @p2, @p3, @p4, @p5);
2026-06-12 10:55:56.145 +01:00 [INF] Executing OkObjectResult, writing value of type 'GestoreDeFrotas.Models.Viagem'.
2026-06-12 10:55:56.147 +01:00 [INF] Executed action GestoreDeFrotas.Controllers.ViagensController.Iniciar (GestoreDeFrotas) in 44.8725ms
2026-06-12 10:55:56.153 +01:00 [INF] Executed endpoint 'GestoreDeFrotas.Controllers.ViagensController.Iniciar (GestoreDeFrotas)'
2026-06-12 10:55:56.160 +01:00 [INF] Request finished HTTP/2 POST https://localhost:7231/api/Viagens/iniciar/36 - 200 null application/json; charset=utf-8 71.714ms
2026-06-12 11:05:08.498 +01:00 [INF] Request starting HTTP/2 POST https://localhost:7231/api/Viagens/finalizar/9 - application/json 55
2026-06-12 11:05:08.532 +01:00 [INF] Executing endpoint 'GestoreDeFrotas.Controllers.ViagensController.FinalizarViagem (GestoreDeFrotas)'
2026-06-12 11:05:08.549 +01:00 [INF] Route matched with {action = "FinalizarViagem", controller = "Viagens"}. Executing controller action with signature System.Threading.Tasks.Task`1[Microsoft.AspNetCore.Mvc.IActionResult] FinalizarViagem(Int32, GestoreDeFrotas.Controllers.EntregaViagemDto) on controller GestoreDeFrotas.Controllers.ViagensController (GestoreDeFrotas).
2026-06-12 11:05:08.708 +01:00 [INF] Executed DbCommand (19ms) [Parameters=[@__p_0='?' (DbType = Int32)], CommandType='"Text"', CommandTimeout='30']
SELECT TOP(1) [v].[Id], [v].[CondutorPrincipalId], [v].[CondutorSecundarioId], [v].[DataFim], [v].[DataInicio], [v].[DataLimitePrevista], [v].[EstaAtiva], [v].[KmFinais], [v].[KmIniciais], [v].[ObservacoesEntrega], [v].[PediuProrrogacao], [v].[TecnicoLevantamentoId], [v].[TecnicoRecebimentoId], [v].[VeiculoId]
FROM [Viagens] AS [v]
WHERE [v].[Id] = @__p_0
2026-06-12 11:05:08.719 +01:00 [INF] Executed DbCommand (6ms) [Parameters=[@__p_0='?' (DbType = Int32)], CommandType='"Text"', CommandTimeout='30']
SELECT TOP(1) [v].[Id], [v].[Ano], [v].[CategoriaUsuario], [v].[CondutorHabitualId], [v].[Cor], [v].[DataProximaIpo], [v].[EstaAtivo], [v].[Estado], [v].[IntervaloManutencaoKm], [v].[KmAtual], [v].[Marca], [v].[Matricula], [v].[Modelo], [v].[TecnicoResponsavelId], [v].[UltimaManutencaoData], [v].[UltimaManutencaoKm]
FROM [Veiculos] AS [v]
WHERE [v].[Id] = @__p_0
2026-06-12 11:05:08.728 +01:00 [INF] Executed DbCommand (4ms) [Parameters=[@__veiculoId_Value_0='?' (DbType = Int32)], CommandType='"Text"', CommandTimeout='30']
SELECT TOP(1) [v].[Id], [v].[Ano], [v].[CategoriaUsuario], [v].[CondutorHabitualId], [v].[Cor], [v].[DataProximaIpo], [v].[EstaAtivo], [v].[Estado], [v].[IntervaloManutencaoKm], [v].[KmAtual], [v].[Marca], [v].[Matricula], [v].[Modelo], [v].[TecnicoResponsavelId], [v].[UltimaManutencaoData], [v].[UltimaManutencaoKm]
FROM [Veiculos] AS [v]
WHERE [v].[Id] = @__veiculoId_Value_0
2026-06-12 11:05:08.741 +01:00 [INF] Executed DbCommand (8ms) [Parameters=[@p0='?' (DbType = DateTime2), @p1='?' (Size = 4000), @p2='?' (Size = 4000), @p3='?' (DbType = Boolean), @p4='?' (Size = 4000), @p5='?' (DbType = Int32), @p7='?' (DbType = Int32), @p6='?' (Size = 4000), @p11='?' (DbType = Int32), @p8='?' (DbType = DateTime2), @p9='?' (DbType = Boolean), @p10='?' (Size = 4000)], CommandType='"Text"', CommandTimeout='30']
SET NOCOUNT ON;
INSERT INTO [Notificacoes] ([DataCriacao], [DestinatarioId], [Grau], [Lida], [Mensagem], [VeiculoId])
OUTPUT INSERTED.[Id]
VALUES (@p0, @p1, @p2, @p3, @p4, @p5);
UPDATE [Veiculos] SET [Estado] = @p6
OUTPUT 1
WHERE [Id] = @p7;
UPDATE [Viagens] SET [DataFim] = @p8, [EstaAtiva] = @p9, [ObservacoesEntrega] = @p10
OUTPUT 1
WHERE [Id] = @p11;
2026-06-12 11:05:08.749 +01:00 [INF] Executed DbCommand (3ms) [Parameters=[@p0='?' (DbType = DateTime2), @p1='?' (Size = 4000), @p2='?' (Size = 4000), @p3='?' (DbType = Boolean), @p4='?' (Size = 4000), @p5='?' (DbType = Int32)], CommandType='"Text"', CommandTimeout='30']
SET IMPLICIT_TRANSACTIONS OFF;
SET NOCOUNT ON;
INSERT INTO [Notificacoes] ([DataCriacao], [DestinatarioId], [Grau], [Lida], [Mensagem], [VeiculoId])
OUTPUT INSERTED.[Id]
VALUES (@p0, @p1, @p2, @p3, @p4, @p5);
2026-06-12 11:05:08.757 +01:00 [INF] Executed DbCommand (4ms) [Parameters=[@p0='?' (DbType = DateTime2), @p1='?' (Size = 4000), @p2='?' (Size = 4000), @p3='?' (Size = 4000), @p4='?' (DbType = Int32), @p5='?' (Size = 4000)], CommandType='"Text"', CommandTimeout='30']
SET IMPLICIT_TRANSACTIONS OFF;
SET NOCOUNT ON;
INSERT INTO [LogsSistema] ([Data], [Descricao], [MetodoHttp], [Rota], [StatusCode], [Utilizador])
OUTPUT INSERTED.[Id]
VALUES (@p0, @p1, @p2, @p3, @p4, @p5);
2026-06-12 11:05:08.761 +01:00 [INF] Executing OkObjectResult, writing value of type '<>f__AnonymousType4`1[[System.String, System.Private.CoreLib, Version=9.0.0.0, Culture=neutral, PublicKeyToken=7cec85d7bea7798e]]'.
2026-06-12 11:05:08.763 +01:00 [INF] Executed action GestoreDeFrotas.Controllers.ViagensController.FinalizarViagem (GestoreDeFrotas) in 210.3391ms
2026-06-12 11:05:08.766 +01:00 [INF] Executed endpoint 'GestoreDeFrotas.Controllers.ViagensController.FinalizarViagem (GestoreDeFrotas)'
2026-06-12 11:05:08.769 +01:00 [INF] Request finished HTTP/2 POST https://localhost:7231/api/Viagens/finalizar/9 - 200 null application/json; charset=utf-8 314.62ms
2026-06-12 11:05:15.218 +01:00 [INF] Request starting HTTP/2 GET https://localhost:7231/api/vehicles/tempo-real - null null
2026-06-12 11:05:15.223 +01:00 [INF] Executing endpoint 'GestoreDeFrotas.Controllers.VeiculosController.ObterEstadoTempoReal (GestoreDeFrotas)'
2026-06-12 11:05:15.225 +01:00 [INF] Route matched with {action = "ObterEstadoTempoReal", controller = "Veiculos"}. Executing controller action with signature System.Threading.Tasks.Task`1[Microsoft.AspNetCore.Mvc.IActionResult] ObterEstadoTempoReal() on controller GestoreDeFrotas.Controllers.VeiculosController (GestoreDeFrotas).
2026-06-12 11:05:15.236 +01:00 [INF] Executed DbCommand (5ms) [Parameters=[], CommandType='"Text"', CommandTimeout='30']
SELECT [v].[Id], [v].[CondutorPrincipalId], [v].[CondutorSecundarioId], [v].[DataFim], [v].[DataInicio], [v].[DataLimitePrevista], [v].[EstaAtiva], [v].[KmFinais], [v].[KmIniciais], [v].[ObservacoesEntrega], [v].[PediuProrrogacao], [v].[TecnicoLevantamentoId], [v].[TecnicoRecebimentoId], [v].[VeiculoId]
FROM [Viagens] AS [v]
WHERE [v].[EstaAtiva] = CAST(1 AS bit)
2026-06-12 11:05:15.242 +01:00 [INF] Executed DbCommand (2ms) [Parameters=[], CommandType='"Text"', CommandTimeout='30']
SELECT [v].[Id], [v].[Ano], [v].[CategoriaUsuario], [v].[CondutorHabitualId], [v].[Cor], [v].[DataProximaIpo], [v].[EstaAtivo], [v].[Estado], [v].[IntervaloManutencaoKm], [v].[KmAtual], [v].[Marca], [v].[Matricula], [v].[Modelo], [v].[TecnicoResponsavelId], [v].[UltimaManutencaoData], [v].[UltimaManutencaoKm]
FROM [Veiculos] AS [v]
WHERE [v].[EstaAtivo] = CAST(1 AS bit)
2026-06-12 11:05:15.250 +01:00 [INF] Executing OkObjectResult, writing value of type 'System.Collections.Generic.List`1[[<>f__AnonymousType9`7[[System.Int32, System.Private.CoreLib, Version=9.0.0.0, Culture=neutral, PublicKeyToken=7cec85d7bea7798e],[System.String, System.Private.CoreLib, Version=9.0.0.0, Culture=neutral, PublicKeyToken=7cec85d7bea7798e],[System.String, System.Private.CoreLib, Version=9.0.0.0, Culture=neutral, PublicKeyToken=7cec85d7bea7798e],[System.String, System.Private.CoreLib, Version=9.0.0.0, Culture=neutral, PublicKeyToken=7cec85d7bea7798e],[System.String, System.Private.CoreLib, Version=9.0.0.0, Culture=neutral, PublicKeyToken=7cec85d7bea7798e],[System.Boolean, System.Private.CoreLib, Version=9.0.0.0, Culture=neutral, PublicKeyToken=7cec85d7bea7798e],[<>f__AnonymousType10`5[[System.Int32, System.Private.CoreLib, Version=9.0.0.0, Culture=neutral, PublicKeyToken=7cec85d7bea7798e],[System.String, System.Private.CoreLib, Version=9.0.0.0, Culture=neutral, PublicKeyToken=7cec85d7bea7798e],[System.String, System.Private.CoreLib, Version=9.0.0.0, Culture=neutral, PublicKeyToken=7cec85d7bea7798e],[System.DateTime, System.Private.CoreLib, Version=9.0.0.0, Culture=neutral, PublicKeyToken=7cec85d7bea7798e],[System.DateTime, System.Private.CoreLib, Version=9.0.0.0, Culture=neutral, PublicKeyToken=7cec85d7bea7798e]], GestoreDeFrotas, Version=1.0.0.0, Culture=neutral, PublicKeyToken=null]], GestoreDeFrotas, Version=1.0.0.0, Culture=neutral, PublicKeyToken=null]]'.
2026-06-12 11:05:15.256 +01:00 [INF] Executed action GestoreDeFrotas.Controllers.VeiculosController.ObterEstadoTempoReal (GestoreDeFrotas) in 25.7303ms
2026-06-12 11:05:15.268 +01:00 [INF] Executed endpoint 'GestoreDeFrotas.Controllers.VeiculosController.ObterEstadoTempoReal (GestoreDeFrotas)'
2026-06-12 11:05:15.271 +01:00 [INF] Request finished HTTP/2 GET https://localhost:7231/api/vehicles/tempo-real - 200 null application/json; charset=utf-8 52.9728ms
2026-06-12 11:05:18.375 +01:00 [INF] Request starting HTTP/2 GET https://localhost:7231/api/vehicles/36/historico-pdf - null null
2026-06-12 11:05:18.380 +01:00 [INF] Executing endpoint 'GestoreDeFrotas.Controllers.VeiculosController.ExportarHistoricoPdf (GestoreDeFrotas)'
2026-06-12 11:05:18.388 +01:00 [INF] Route matched with {action = "ExportarHistoricoPdf", controller = "Veiculos"}. Executing controller action with signature System.Threading.Tasks.Task`1[Microsoft.AspNetCore.Mvc.IActionResult] ExportarHistoricoPdf(Int32) on controller GestoreDeFrotas.Controllers.VeiculosController (GestoreDeFrotas).
2026-06-12 11:05:18.396 +01:00 [INF] Executed DbCommand (4ms) [Parameters=[@__p_0='?' (DbType = Int32)], CommandType='"Text"', CommandTimeout='30']
SELECT TOP(1) [v].[Id], [v].[Ano], [v].[CategoriaUsuario], [v].[CondutorHabitualId], [v].[Cor], [v].[DataProximaIpo], [v].[EstaAtivo], [v].[Estado], [v].[IntervaloManutencaoKm], [v].[KmAtual], [v].[Marca], [v].[Matricula], [v].[Modelo], [v].[TecnicoResponsavelId], [v].[UltimaManutencaoData], [v].[UltimaManutencaoKm]
FROM [Veiculos] AS [v]
WHERE [v].[Id] = @__p_0
2026-06-12 11:05:18.412 +01:00 [INF] Executed DbCommand (12ms) [Parameters=[@__id_0='?' (DbType = Int32)], CommandType='"Text"', CommandTimeout='30']
SELECT [v].[Id], [v].[CondutorPrincipalId], [v].[CondutorSecundarioId], [v].[DataFim], [v].[DataInicio], [v].[DataLimitePrevista], [v].[EstaAtiva], [v].[KmFinais], [v].[KmIniciais], [v].[ObservacoesEntrega], [v].[PediuProrrogacao], [v].[TecnicoLevantamentoId], [v].[TecnicoRecebimentoId], [v].[VeiculoId]
FROM [Viagens] AS [v]
WHERE [v].[VeiculoId] = @__id_0
ORDER BY [v].[DataInicio] DESC
2026-06-12 11:05:18.424 +01:00 [INF] Executed DbCommand (7ms) [Parameters=[@__id_0='?' (DbType = Int32)], CommandType='"Text"', CommandTimeout='30']
SELECT [a].[Id], [a].[Combustivel], [a].[ConsumoMedio], [a].[CustoTotal], [a].[Data], [a].[FaturaPath], [a].[KmAtual], [a].[KmPorLitro], [a].[Litros], [a].[Posto], [a].[PrecoPorLitro], [a].[VeiculoId]
FROM [Abastecimentos] AS [a]
WHERE [a].[VeiculoId] = @__id_0
ORDER BY [a].[Data] DESC
2026-06-12 11:05:18.453 +01:00 [INF] Executing FileStreamResult, sending file with download name 'Historico_Veiculo_R4-MX-ZN_20260612.pdf' ...
2026-06-12 11:05:18.466 +01:00 [INF] Executed action GestoreDeFrotas.Controllers.VeiculosController.ExportarHistoricoPdf (GestoreDeFrotas) in 75.4583ms
2026-06-12 11:05:18.469 +01:00 [INF] Executed endpoint 'GestoreDeFrotas.Controllers.VeiculosController.ExportarHistoricoPdf (GestoreDeFrotas)'
2026-06-12 11:05:18.470 +01:00 [INF] Request finished HTTP/2 GET https://localhost:7231/api/vehicles/36/historico-pdf - 200 55889 application/pdf 95.504ms
2026-06-12 11:05:26.410 +01:00 [INF] Request starting HTTP/2 GET https://localhost:7231/api/vehicles/36/historico-pdf - null null
2026-06-12 11:05:26.414 +01:00 [INF] Executing endpoint 'GestoreDeFrotas.Controllers.VeiculosController.ExportarHistoricoPdf (GestoreDeFrotas)'
2026-06-12 11:05:26.418 +01:00 [INF] Route matched with {action = "ExportarHistoricoPdf", controller = "Veiculos"}. Executing controller action with signature System.Threading.Tasks.Task`1[Microsoft.AspNetCore.Mvc.IActionResult] ExportarHistoricoPdf(Int32) on controller GestoreDeFrotas.Controllers.VeiculosController (GestoreDeFrotas).
2026-06-12 11:05:26.432 +01:00 [INF] Executed DbCommand (7ms) [Parameters=[@__p_0='?' (DbType = Int32)], CommandType='"Text"', CommandTimeout='30']
SELECT TOP(1) [v].[Id], [v].[Ano], [v].[CategoriaUsuario], [v].[CondutorHabitualId], [v].[Cor], [v].[DataProximaIpo], [v].[EstaAtivo], [v].[Estado], [v].[IntervaloManutencaoKm], [v].[KmAtual], [v].[Marca], [v].[Matricula], [v].[Modelo], [v].[TecnicoResponsavelId], [v].[UltimaManutencaoData], [v].[UltimaManutencaoKm]
FROM [Veiculos] AS [v]
WHERE [v].[Id] = @__p_0
2026-06-12 11:05:26.438 +01:00 [INF] Executed DbCommand (2ms) [Parameters=[@__id_0='?' (DbType = Int32)], CommandType='"Text"', CommandTimeout='30']
SELECT [v].[Id], [v].[CondutorPrincipalId], [v].[CondutorSecundarioId], [v].[DataFim], [v].[DataInicio], [v].[DataLimitePrevista], [v].[EstaAtiva], [v].[KmFinais], [v].[KmIniciais], [v].[ObservacoesEntrega], [v].[PediuProrrogacao], [v].[TecnicoLevantamentoId], [v].[TecnicoRecebimentoId], [v].[VeiculoId]
FROM [Viagens] AS [v]
WHERE [v].[VeiculoId] = @__id_0
ORDER BY [v].[DataInicio] DESC
2026-06-12 11:05:26.445 +01:00 [INF] Executed DbCommand (4ms) [Parameters=[@__id_0='?' (DbType = Int32)], CommandType='"Text"', CommandTimeout='30']
SELECT [a].[Id], [a].[Combustivel], [a].[ConsumoMedio], [a].[CustoTotal], [a].[Data], [a].[FaturaPath], [a].[KmAtual], [a].[KmPorLitro], [a].[Litros], [a].[Posto], [a].[PrecoPorLitro], [a].[VeiculoId]
FROM [Abastecimentos] AS [a]
WHERE [a].[VeiculoId] = @__id_0
ORDER BY [a].[Data] DESC
2026-06-12 11:05:26.457 +01:00 [INF] Executing FileStreamResult, sending file with download name 'Historico_Veiculo_R4-MX-ZN_20260612.pdf' ...
2026-06-12 11:05:26.463 +01:00 [INF] Executed action GestoreDeFrotas.Controllers.VeiculosController.ExportarHistoricoPdf (GestoreDeFrotas) in 39.8021ms
2026-06-12 11:05:26.465 +01:00 [INF] Executed endpoint 'GestoreDeFrotas.Controllers.VeiculosController.ExportarHistoricoPdf (GestoreDeFrotas)'
2026-06-12 11:05:26.466 +01:00 [INF] Request finished HTTP/2 GET https://localhost:7231/api/vehicles/36/historico-pdf - 200 55889 application/pdf 55.472ms
2026-06-12 11:07:57.212 +01:00 [INF] Application is shutting down...
2026-06-12 11:15:37.206 +01:00 [INF] Executed DbCommand (29ms) [Parameters=[], CommandType='"Text"', CommandTimeout='30']
SELECT 1
2026-06-12 11:15:37.280 +01:00 [INF] Acquiring an exclusive lock for migration application. See https://aka.ms/efcore-docs-migrations-lock for more information if this takes too long.
2026-06-12 11:15:37.328 +01:00 [INF] Executed DbCommand (41ms) [Parameters=[], CommandType='"Text"', CommandTimeout='30']
DECLARE @result int;
EXEC @result = sp_getapplock @Resource = '__EFMigrationsLock', @LockOwner = 'Session', @LockMode = 'Exclusive';
SELECT @result
2026-06-12 11:15:37.447 +01:00 [INF] Executed DbCommand (4ms) [Parameters=[], CommandType='"Text"', CommandTimeout='30']
IF OBJECT_ID(N'[__EFMigrationsHistory]') IS NULL
BEGIN
    CREATE TABLE [__EFMigrationsHistory] (
        [MigrationId] nvarchar(150) NOT NULL,
        [ProductVersion] nvarchar(32) NOT NULL,
        CONSTRAINT [PK___EFMigrationsHistory] PRIMARY KEY ([MigrationId])
    );
END;
2026-06-12 11:15:37.461 +01:00 [INF] Executed DbCommand (1ms) [Parameters=[], CommandType='"Text"', CommandTimeout='30']
SELECT 1
2026-06-12 11:15:37.465 +01:00 [INF] Executed DbCommand (1ms) [Parameters=[], CommandType='"Text"', CommandTimeout='30']
SELECT OBJECT_ID(N'[__EFMigrationsHistory]');
2026-06-12 11:15:37.488 +01:00 [INF] Executed DbCommand (18ms) [Parameters=[], CommandType='"Text"', CommandTimeout='30']
SELECT [MigrationId], [ProductVersion]
FROM [__EFMigrationsHistory]
ORDER BY [MigrationId];
2026-06-12 11:15:37.502 +01:00 [INF] No migrations were applied. The database is already up to date.
2026-06-12 11:15:37.511 +01:00 [INF] Executed DbCommand (6ms) [Parameters=[], CommandType='"Text"', CommandTimeout='30']
DECLARE @result int;
EXEC @result = sp_releaseapplock @Resource = '__EFMigrationsLock', @LockOwner = 'Session';
SELECT @result
2026-06-12 11:15:37.878 +01:00 [INF] Executed DbCommand (6ms) [Parameters=[], CommandType='"Text"', CommandTimeout='30']
SELECT CASE
    WHEN EXISTS (
        SELECT 1
        FROM [Veiculos] AS [v]) THEN CAST(1 AS bit)
    ELSE CAST(0 AS bit)
END
2026-06-12 11:15:37.893 +01:00 [INF] Executed DbCommand (2ms) [Parameters=[], CommandType='"Text"', CommandTimeout='30']
SELECT CASE
    WHEN EXISTS (
        SELECT 1
        FROM [RegistosManutencao] AS [r]) THEN CAST(1 AS bit)
    ELSE CAST(0 AS bit)
END
2026-06-12 11:15:37.958 +01:00 [INF] Executed DbCommand (1ms) [Parameters=[], CommandType='"Text"', CommandTimeout='30']
SELECT 1
2026-06-12 11:15:38.027 +01:00 [INF] Executed DbCommand (64ms) [Parameters=[], CommandType='"Text"', CommandTimeout='30']

IF EXISTS
    (SELECT *
     FROM [sys].[objects] o
     WHERE [o].[type] = 'U'
     AND [o].[is_ms_shipped] = 0
     AND NOT EXISTS (SELECT *
         FROM [sys].[extended_properties] AS [ep]
         WHERE [ep].[major_id] = [o].[object_id]
             AND [ep].[minor_id] = 0
             AND [ep].[class] = 1
             AND [ep].[name] = N'microsoft_database_tools_support'
    )
)
SELECT 1 ELSE SELECT 0
2026-06-12 11:15:38.032 +01:00 [INF] Executed DbCommand (1ms) [Parameters=[], CommandType='"Text"', CommandTimeout='30']
SELECT CASE
    WHEN EXISTS (
        SELECT 1
        FROM [Veiculos] AS [v]) THEN CAST(1 AS bit)
    ELSE CAST(0 AS bit)
END
2026-06-12 11:15:38.044 +01:00 [INF] Executed DbCommand (4ms) [Parameters=[], CommandType='"Text"', CommandTimeout='30']
SELECT CASE
    WHEN EXISTS (
        SELECT 1
        FROM [Viagens] AS [v]) THEN CAST(1 AS bit)
    ELSE CAST(0 AS bit)
END
2026-06-12 11:15:38.545 +01:00 [INF] User profile is available. Using 'C:\Users\harri\AppData\Local\ASP.NET\DataProtection-Keys' as key repository and Windows DPAPI to encrypt keys at rest.
2026-06-12 11:15:39.145 +01:00 [INF] Now listening on: https://localhost:7231
2026-06-12 11:15:39.149 +01:00 [INF] Now listening on: http://localhost:5256
2026-06-12 11:15:39.497 +01:00 [INF] Application started. Press Ctrl+C to shut down.
2026-06-12 11:15:39.499 +01:00 [INF] Hosting environment: Development
2026-06-12 11:15:39.500 +01:00 [INF] Content root path: C:\Users\harri\OneDrive\Escritorio\Visual Studio\GestoreDeFrotas\Src
2026-06-12 11:17:07.864 +01:00 [INF] Request starting HTTP/2 GET https://localhost:7231/swagger/index.html - null null
2026-06-12 11:17:08.219 +01:00 [INF] Request finished HTTP/2 GET https://localhost:7231/swagger/index.html - 200 null text/html;charset=utf-8 370.9429ms
2026-06-12 11:17:08.256 +01:00 [INF] Request starting HTTP/2 GET https://localhost:7231/swagger/index.js - null null
2026-06-12 11:17:08.256 +01:00 [INF] Request starting HTTP/2 GET https://localhost:7231/_framework/aspnetcore-browser-refresh.js - null null
2026-06-12 11:17:08.288 +01:00 [INF] Request starting HTTP/2 GET https://localhost:7231/_vs/browserLink - null null
2026-06-12 11:17:08.290 +01:00 [INF] Request finished HTTP/2 GET https://localhost:7231/swagger/index.js - 200 null application/javascript;charset=utf-8 33.7642ms
2026-06-12 11:17:08.338 +01:00 [INF] Request finished HTTP/2 GET https://localhost:7231/_framework/aspnetcore-browser-refresh.js - 200 14935 application/javascript; charset=utf-8 81.6692ms
2026-06-12 11:17:08.424 +01:00 [INF] Request finished HTTP/2 GET https://localhost:7231/_vs/browserLink - 200 null text/javascript; charset=UTF-8 136.1137ms
2026-06-12 11:17:10.101 +01:00 [INF] Request starting HTTP/2 GET https://localhost:7231/swagger/v1/swagger.json - null null
2026-06-12 11:17:10.239 +01:00 [INF] Request finished HTTP/2 GET https://localhost:7231/swagger/v1/swagger.json - 200 null application/json;charset=utf-8 137.5017ms
2026-06-12 11:17:32.535 +01:00 [INF] Request starting HTTP/2 POST https://localhost:7231/api/auth/teste-token?cargo=Admin - null 0
2026-06-12 11:17:32.697 +01:00 [INF] Executing endpoint 'HTTP: POST /api/auth/teste-token'
2026-06-12 11:17:32.783 +01:00 [INF] Setting HTTP status code 200.
2026-06-12 11:17:32.788 +01:00 [INF] Writing value of type '<>f__AnonymousType21`1' as Json.
2026-06-12 11:17:32.793 +01:00 [INF] Executed endpoint 'HTTP: POST /api/auth/teste-token'
2026-06-12 11:17:32.826 +01:00 [INF] Request finished HTTP/2 POST https://localhost:7231/api/auth/teste-token?cargo=Admin - 200 null application/json; charset=utf-8 290.6346ms
2026-06-12 11:18:23.994 +01:00 [INF] Request starting HTTP/2 POST https://localhost:7231/api/Viagens/iniciar/36 - null 0
2026-06-12 11:18:24.066 +01:00 [INF] Executing endpoint 'GestoreDeFrotas.Controllers.ViagensController.IniciarViagem (GestoreDeFrotas)'
2026-06-12 11:18:24.109 +01:00 [INF] Route matched with {action = "IniciarViagem", controller = "Viagens"}. Executing controller action with signature System.Threading.Tasks.Task`1[Microsoft.AspNetCore.Mvc.IActionResult] IniciarViagem(Int32, System.String) on controller GestoreDeFrotas.Controllers.ViagensController (GestoreDeFrotas).
2026-06-12 11:18:24.426 +01:00 [INF] Executed DbCommand (76ms) [Parameters=[@__p_0='?' (DbType = Int32)], CommandType='"Text"', CommandTimeout='30']
SELECT TOP(1) [v].[Id], [v].[Ano], [v].[CategoriaUsuario], [v].[CondutorHabitualId], [v].[Cor], [v].[DataProximaIpo], [v].[EstaAtivo], [v].[Estado], [v].[IntervaloManutencaoKm], [v].[KmAtual], [v].[Marca], [v].[Matricula], [v].[Modelo], [v].[TecnicoResponsavelId], [v].[UltimaManutencaoData], [v].[UltimaManutencaoKm]
FROM [Veiculos] AS [v]
WHERE [v].[Id] = @__p_0
2026-06-12 11:18:24.575 +01:00 [INF] Executed DbCommand (7ms) [Parameters=[@__veiculoId_0='?' (DbType = Int32)], CommandType='"Text"', CommandTimeout='30']
SELECT CASE
    WHEN EXISTS (
        SELECT 1
        FROM [Viagens] AS [v]
        WHERE [v].[VeiculoId] = @__veiculoId_0 AND [v].[EstaAtiva] = CAST(1 AS bit)) THEN CAST(1 AS bit)
    ELSE CAST(0 AS bit)
END
2026-06-12 11:18:24.633 +01:00 [INF] Executed DbCommand (16ms) [Parameters=[@__veiculoId_0='?' (DbType = Int32)], CommandType='"Text"', CommandTimeout='30']
SELECT TOP(1) [v].[KmFinais]
FROM [Viagens] AS [v]
WHERE [v].[VeiculoId] = @__veiculoId_0 AND [v].[KmFinais] IS NOT NULL
ORDER BY [v].[DataFim] DESC
2026-06-12 11:18:24.856 +01:00 [INF] Executed DbCommand (33ms) [Parameters=[@p1='?' (DbType = Int32), @p0='?' (Size = 4000), @p2='?' (Size = 4000), @p3='?' (Size = 4000), @p4='?' (DbType = DateTime2), @p5='?' (DbType = DateTime2), @p6='?' (DbType = DateTime2), @p7='?' (DbType = Boolean), @p8='?' (DbType = Int32), @p9='?' (DbType = Int32), @p10='?' (Size = 4000), @p11='?' (DbType = Boolean), @p12='?' (Size = 4000), @p13='?' (Size = 4000), @p14='?' (DbType = Int32)], CommandType='"Text"', CommandTimeout='30']
SET NOCOUNT ON;
UPDATE [Veiculos] SET [Estado] = @p0
OUTPUT 1
WHERE [Id] = @p1;
INSERT INTO [Viagens] ([CondutorPrincipalId], [CondutorSecundarioId], [DataFim], [DataInicio], [DataLimitePrevista], [EstaAtiva], [KmFinais], [KmIniciais], [ObservacoesEntrega], [PediuProrrogacao], [TecnicoLevantamentoId], [TecnicoRecebimentoId], [VeiculoId])
OUTPUT INSERTED.[Id]
VALUES (@p2, @p3, @p4, @p5, @p6, @p7, @p8, @p9, @p10, @p11, @p12, @p13, @p14);
2026-06-12 11:18:24.911 +01:00 [INF] Executing OkObjectResult, writing value of type 'GestoreDeFrotas.Models.Viagem'.
2026-06-12 11:18:24.958 +01:00 [INF] Executed action GestoreDeFrotas.Controllers.ViagensController.IniciarViagem (GestoreDeFrotas) in 840.5712ms
2026-06-12 11:18:24.960 +01:00 [INF] Executed endpoint 'GestoreDeFrotas.Controllers.ViagensController.IniciarViagem (GestoreDeFrotas)'
2026-06-12 11:18:24.968 +01:00 [INF] Request finished HTTP/2 POST https://localhost:7231/api/Viagens/iniciar/36 - 200 null application/json; charset=utf-8 973.9076ms
2026-06-12 11:19:03.324 +01:00 [INF] Request starting HTTP/2 POST https://localhost:7231/api/Viagens/finalizar/10 - application/json 54
2026-06-12 11:19:03.343 +01:00 [INF] Executing endpoint 'GestoreDeFrotas.Controllers.ViagensController.FinalizarViagem (GestoreDeFrotas)'
2026-06-12 11:19:03.351 +01:00 [INF] Route matched with {action = "FinalizarViagem", controller = "Viagens"}. Executing controller action with signature System.Threading.Tasks.Task`1[Microsoft.AspNetCore.Mvc.IActionResult] FinalizarViagem(Int32, GestoreDeFrotas.Controllers.FinalizarViagemDto) on controller GestoreDeFrotas.Controllers.ViagensController (GestoreDeFrotas).
2026-06-12 11:19:03.417 +01:00 [INF] Executed DbCommand (3ms) [Parameters=[@__p_0='?' (DbType = Int32)], CommandType='"Text"', CommandTimeout='30']
SELECT TOP(1) [v].[Id], [v].[CondutorPrincipalId], [v].[CondutorSecundarioId], [v].[DataFim], [v].[DataInicio], [v].[DataLimitePrevista], [v].[EstaAtiva], [v].[KmFinais], [v].[KmIniciais], [v].[ObservacoesEntrega], [v].[PediuProrrogacao], [v].[TecnicoLevantamentoId], [v].[TecnicoRecebimentoId], [v].[VeiculoId]
FROM [Viagens] AS [v]
WHERE [v].[Id] = @__p_0
2026-06-12 11:19:03.428 +01:00 [INF] Executed DbCommand (2ms) [Parameters=[@__p_0='?' (DbType = Int32)], CommandType='"Text"', CommandTimeout='30']
SELECT TOP(1) [v].[Id], [v].[Ano], [v].[CategoriaUsuario], [v].[CondutorHabitualId], [v].[Cor], [v].[DataProximaIpo], [v].[EstaAtivo], [v].[Estado], [v].[IntervaloManutencaoKm], [v].[KmAtual], [v].[Marca], [v].[Matricula], [v].[Modelo], [v].[TecnicoResponsavelId], [v].[UltimaManutencaoData], [v].[UltimaManutencaoKm]
FROM [Veiculos] AS [v]
WHERE [v].[Id] = @__p_0
2026-06-12 11:19:03.445 +01:00 [INF] Executed DbCommand (2ms) [Parameters=[@__veiculoId_Value_0='?' (DbType = Int32)], CommandType='"Text"', CommandTimeout='30']
SELECT TOP(1) [v].[Id], [v].[Ano], [v].[CategoriaUsuario], [v].[CondutorHabitualId], [v].[Cor], [v].[DataProximaIpo], [v].[EstaAtivo], [v].[Estado], [v].[IntervaloManutencaoKm], [v].[KmAtual], [v].[Marca], [v].[Matricula], [v].[Modelo], [v].[TecnicoResponsavelId], [v].[UltimaManutencaoData], [v].[UltimaManutencaoKm]
FROM [Veiculos] AS [v]
WHERE [v].[Id] = @__veiculoId_Value_0
2026-06-12 11:19:03.483 +01:00 [INF] Executed DbCommand (7ms) [Parameters=[@p0='?' (DbType = DateTime2), @p1='?' (Size = 4000), @p2='?' (Size = 4000), @p3='?' (DbType = Boolean), @p4='?' (Size = 4000), @p5='?' (DbType = Int32), @p7='?' (DbType = Int32), @p6='?' (Size = 4000), @p12='?' (DbType = Int32), @p8='?' (DbType = DateTime2), @p9='?' (DbType = Boolean), @p10='?' (DbType = Int32), @p11='?' (Size = 4000)], CommandType='"Text"', CommandTimeout='30']
SET NOCOUNT ON;
INSERT INTO [Notificacoes] ([DataCriacao], [DestinatarioId], [Grau], [Lida], [Mensagem], [VeiculoId])
OUTPUT INSERTED.[Id]
VALUES (@p0, @p1, @p2, @p3, @p4, @p5);
UPDATE [Veiculos] SET [Estado] = @p6
OUTPUT 1
WHERE [Id] = @p7;
UPDATE [Viagens] SET [DataFim] = @p8, [EstaAtiva] = @p9, [KmFinais] = @p10, [ObservacoesEntrega] = @p11
OUTPUT 1
WHERE [Id] = @p12;
2026-06-12 11:19:03.500 +01:00 [INF] Executed DbCommand (6ms) [Parameters=[@p0='?' (DbType = DateTime2), @p1='?' (Size = 4000), @p2='?' (Size = 4000), @p3='?' (DbType = Boolean), @p4='?' (Size = 4000), @p5='?' (DbType = Int32)], CommandType='"Text"', CommandTimeout='30']
SET IMPLICIT_TRANSACTIONS OFF;
SET NOCOUNT ON;
INSERT INTO [Notificacoes] ([DataCriacao], [DestinatarioId], [Grau], [Lida], [Mensagem], [VeiculoId])
OUTPUT INSERTED.[Id]
VALUES (@p0, @p1, @p2, @p3, @p4, @p5);
2026-06-12 11:19:03.507 +01:00 [INF] Executing OkObjectResult, writing value of type '<>f__AnonymousType4`1[[System.String, System.Private.CoreLib, Version=9.0.0.0, Culture=neutral, PublicKeyToken=7cec85d7bea7798e]]'.
2026-06-12 11:19:03.509 +01:00 [INF] Executed action GestoreDeFrotas.Controllers.ViagensController.FinalizarViagem (GestoreDeFrotas) in 153.4404ms
2026-06-12 11:19:03.511 +01:00 [INF] Executed endpoint 'GestoreDeFrotas.Controllers.ViagensController.FinalizarViagem (GestoreDeFrotas)'
2026-06-12 11:19:03.517 +01:00 [INF] Request finished HTTP/2 POST https://localhost:7231/api/Viagens/finalizar/10 - 200 null application/json; charset=utf-8 193.0132ms
2026-06-12 11:19:15.337 +01:00 [INF] Request starting HTTP/2 GET https://localhost:7231/api/vehicles/36/historico-pdf - null null
2026-06-12 11:19:15.353 +01:00 [INF] Executing endpoint 'GestoreDeFrotas.Controllers.VeiculosController.ExportarHistoricoPdf (GestoreDeFrotas)'
2026-06-12 11:19:15.359 +01:00 [INF] Route matched with {action = "ExportarHistoricoPdf", controller = "Veiculos"}. Executing controller action with signature System.Threading.Tasks.Task`1[Microsoft.AspNetCore.Mvc.IActionResult] ExportarHistoricoPdf(Int32) on controller GestoreDeFrotas.Controllers.VeiculosController (GestoreDeFrotas).
2026-06-12 11:19:15.395 +01:00 [INF] Executed DbCommand (2ms) [Parameters=[@__p_0='?' (DbType = Int32)], CommandType='"Text"', CommandTimeout='30']
SELECT TOP(1) [v].[Id], [v].[Ano], [v].[CategoriaUsuario], [v].[CondutorHabitualId], [v].[Cor], [v].[DataProximaIpo], [v].[EstaAtivo], [v].[Estado], [v].[IntervaloManutencaoKm], [v].[KmAtual], [v].[Marca], [v].[Matricula], [v].[Modelo], [v].[TecnicoResponsavelId], [v].[UltimaManutencaoData], [v].[UltimaManutencaoKm]
FROM [Veiculos] AS [v]
WHERE [v].[Id] = @__p_0
2026-06-12 11:19:15.410 +01:00 [INF] Executed DbCommand (2ms) [Parameters=[@__id_0='?' (DbType = Int32)], CommandType='"Text"', CommandTimeout='30']
SELECT [v].[Id], [v].[CondutorPrincipalId], [v].[CondutorSecundarioId], [v].[DataFim], [v].[DataInicio], [v].[DataLimitePrevista], [v].[EstaAtiva], [v].[KmFinais], [v].[KmIniciais], [v].[ObservacoesEntrega], [v].[PediuProrrogacao], [v].[TecnicoLevantamentoId], [v].[TecnicoRecebimentoId], [v].[VeiculoId]
FROM [Viagens] AS [v]
WHERE [v].[VeiculoId] = @__id_0
ORDER BY [v].[DataInicio] DESC
2026-06-12 11:19:15.439 +01:00 [INF] Executed DbCommand (15ms) [Parameters=[@__id_0='?' (DbType = Int32)], CommandType='"Text"', CommandTimeout='30']
SELECT [a].[Id], [a].[Combustivel], [a].[ConsumoMedio], [a].[CustoTotal], [a].[Data], [a].[FaturaPath], [a].[KmAtual], [a].[KmPorLitro], [a].[Litros], [a].[Posto], [a].[PrecoPorLitro], [a].[VeiculoId]
FROM [Abastecimentos] AS [a]
WHERE [a].[VeiculoId] = @__id_0
ORDER BY [a].[Data] DESC
2026-06-12 11:19:17.007 +01:00 [INF] Executing FileStreamResult, sending file with download name 'Historico_Veiculo_R4-MX-ZN_20260612.pdf' ...
2026-06-12 11:19:17.026 +01:00 [INF] Executed action GestoreDeFrotas.Controllers.VeiculosController.ExportarHistoricoPdf (GestoreDeFrotas) in 1664.6398ms
2026-06-12 11:19:17.028 +01:00 [INF] Executed endpoint 'GestoreDeFrotas.Controllers.VeiculosController.ExportarHistoricoPdf (GestoreDeFrotas)'
2026-06-12 11:19:17.029 +01:00 [INF] Request finished HTTP/2 GET https://localhost:7231/api/vehicles/36/historico-pdf - 200 57925 application/pdf 1692.4434ms
2026-06-12 11:24:07.017 +01:00 [INF] Application is shutting down...
2026-06-12 11:33:04.793 +01:00 [INF] Executed DbCommand (39ms) [Parameters=[], CommandType='"Text"', CommandTimeout='30']
SELECT 1
2026-06-12 11:33:04.960 +01:00 [INF] Acquiring an exclusive lock for migration application. See https://aka.ms/efcore-docs-migrations-lock for more information if this takes too long.
2026-06-12 11:33:05.035 +01:00 [INF] Executed DbCommand (64ms) [Parameters=[], CommandType='"Text"', CommandTimeout='30']
DECLARE @result int;
EXEC @result = sp_getapplock @Resource = '__EFMigrationsLock', @LockOwner = 'Session', @LockMode = 'Exclusive';
SELECT @result
2026-06-12 11:33:05.200 +01:00 [INF] Executed DbCommand (8ms) [Parameters=[], CommandType='"Text"', CommandTimeout='30']
IF OBJECT_ID(N'[__EFMigrationsHistory]') IS NULL
BEGIN
    CREATE TABLE [__EFMigrationsHistory] (
        [MigrationId] nvarchar(150) NOT NULL,
        [ProductVersion] nvarchar(32) NOT NULL,
        CONSTRAINT [PK___EFMigrationsHistory] PRIMARY KEY ([MigrationId])
    );
END;
2026-06-12 11:33:05.218 +01:00 [INF] Executed DbCommand (1ms) [Parameters=[], CommandType='"Text"', CommandTimeout='30']
SELECT 1
2026-06-12 11:33:05.230 +01:00 [INF] Executed DbCommand (1ms) [Parameters=[], CommandType='"Text"', CommandTimeout='30']
SELECT OBJECT_ID(N'[__EFMigrationsHistory]');
2026-06-12 11:33:05.259 +01:00 [INF] Executed DbCommand (15ms) [Parameters=[], CommandType='"Text"', CommandTimeout='30']
SELECT [MigrationId], [ProductVersion]
FROM [__EFMigrationsHistory]
ORDER BY [MigrationId];
2026-06-12 11:33:05.273 +01:00 [INF] No migrations were applied. The database is already up to date.
2026-06-12 11:33:05.283 +01:00 [INF] Executed DbCommand (6ms) [Parameters=[], CommandType='"Text"', CommandTimeout='30']
DECLARE @result int;
EXEC @result = sp_releaseapplock @Resource = '__EFMigrationsLock', @LockOwner = 'Session';
SELECT @result
2026-06-12 11:33:08.098 +01:00 [INF] Executed DbCommand (23ms) [Parameters=[], CommandType='"Text"', CommandTimeout='30']
SELECT CASE
    WHEN EXISTS (
        SELECT 1
        FROM [Veiculos] AS [v]) THEN CAST(1 AS bit)
    ELSE CAST(0 AS bit)
END
2026-06-12 11:33:08.145 +01:00 [INF] Executed DbCommand (8ms) [Parameters=[], CommandType='"Text"', CommandTimeout='30']
SELECT CASE
    WHEN EXISTS (
        SELECT 1
        FROM [RegistosManutencao] AS [r]) THEN CAST(1 AS bit)
    ELSE CAST(0 AS bit)
END
2026-06-12 11:33:08.338 +01:00 [INF] Executed DbCommand (1ms) [Parameters=[], CommandType='"Text"', CommandTimeout='30']
SELECT 1
2026-06-12 11:33:08.418 +01:00 [INF] Executed DbCommand (75ms) [Parameters=[], CommandType='"Text"', CommandTimeout='30']

IF EXISTS
    (SELECT *
     FROM [sys].[objects] o
     WHERE [o].[type] = 'U'
     AND [o].[is_ms_shipped] = 0
     AND NOT EXISTS (SELECT *
         FROM [sys].[extended_properties] AS [ep]
         WHERE [ep].[major_id] = [o].[object_id]
             AND [ep].[minor_id] = 0
             AND [ep].[class] = 1
             AND [ep].[name] = N'microsoft_database_tools_support'
    )
)
SELECT 1 ELSE SELECT 0
2026-06-12 11:33:08.428 +01:00 [INF] Executed DbCommand (1ms) [Parameters=[], CommandType='"Text"', CommandTimeout='30']
SELECT CASE
    WHEN EXISTS (
        SELECT 1
        FROM [Veiculos] AS [v]) THEN CAST(1 AS bit)
    ELSE CAST(0 AS bit)
END
2026-06-12 11:33:08.445 +01:00 [INF] Executed DbCommand (5ms) [Parameters=[], CommandType='"Text"', CommandTimeout='30']
SELECT CASE
    WHEN EXISTS (
        SELECT 1
        FROM [Viagens] AS [v]) THEN CAST(1 AS bit)
    ELSE CAST(0 AS bit)
END
2026-06-12 11:33:08.815 +01:00 [INF] User profile is available. Using 'C:\Users\harri\AppData\Local\ASP.NET\DataProtection-Keys' as key repository and Windows DPAPI to encrypt keys at rest.
2026-06-12 11:33:10.474 +01:00 [INF] Now listening on: https://localhost:7231
2026-06-12 11:33:10.480 +01:00 [INF] Now listening on: http://localhost:5256
2026-06-12 11:33:11.165 +01:00 [INF] Application started. Press Ctrl+C to shut down.
2026-06-12 11:33:11.175 +01:00 [INF] Hosting environment: Development
2026-06-12 11:33:11.180 +01:00 [INF] Content root path: C:\Users\harri\OneDrive\Escritorio\Visual Studio\GestoreDeFrotas\Src
2026-06-12 11:35:15.143 +01:00 [INF] Request starting HTTP/2 GET https://localhost:7231/swagger/index.html - null null
2026-06-12 11:35:16.118 +01:00 [INF] Request finished HTTP/2 GET https://localhost:7231/swagger/index.html - 200 null text/html;charset=utf-8 1002.7911ms
2026-06-12 11:35:16.156 +01:00 [INF] Request starting HTTP/2 GET https://localhost:7231/_framework/aspnetcore-browser-refresh.js - null null
2026-06-12 11:35:16.156 +01:00 [INF] Request starting HTTP/2 GET https://localhost:7231/swagger/index.js - null null
2026-06-12 11:35:16.215 +01:00 [INF] Request starting HTTP/2 GET https://localhost:7231/_vs/browserLink - null null
2026-06-12 11:35:16.242 +01:00 [INF] Request finished HTTP/2 GET https://localhost:7231/swagger/index.js - 200 null application/javascript;charset=utf-8 86.1543ms
2026-06-12 11:35:16.263 +01:00 [INF] Request finished HTTP/2 GET https://localhost:7231/_framework/aspnetcore-browser-refresh.js - 200 14935 application/javascript; charset=utf-8 107.3854ms
2026-06-12 11:35:16.376 +01:00 [INF] Request finished HTTP/2 GET https://localhost:7231/_vs/browserLink - 200 null text/javascript; charset=UTF-8 160.9708ms
2026-06-12 11:35:19.187 +01:00 [INF] Request starting HTTP/2 GET https://localhost:7231/swagger/v1/swagger.json - null null
2026-06-12 11:35:19.335 +01:00 [INF] Request finished HTTP/2 GET https://localhost:7231/swagger/v1/swagger.json - 200 null application/json;charset=utf-8 147.734ms
2026-06-12 11:40:29.455 +01:00 [INF] Request starting HTTP/2 POST https://localhost:7231/api/auth/teste-token?cargo=Admin - null 0
2026-06-12 11:40:29.702 +01:00 [INF] Executing endpoint 'HTTP: POST /api/auth/teste-token'
2026-06-12 11:40:29.893 +01:00 [INF] Setting HTTP status code 200.
2026-06-12 11:40:29.905 +01:00 [INF] Writing value of type '<>f__AnonymousType21`1' as Json.
2026-06-12 11:40:29.916 +01:00 [INF] Executed endpoint 'HTTP: POST /api/auth/teste-token'
2026-06-12 11:40:29.938 +01:00 [INF] Request finished HTTP/2 POST https://localhost:7231/api/auth/teste-token?cargo=Admin - 200 null application/json; charset=utf-8 482.7069ms
2026-06-12 11:40:59.838 +01:00 [INF] Request starting HTTP/2 POST https://localhost:7231/api/Viagens/iniciar/36 - null 0
2026-06-12 11:41:00.238 +01:00 [INF] Executing endpoint 'GestoreDeFrotas.Controllers.ViagensController.IniciarViagem (GestoreDeFrotas)'
2026-06-12 11:41:00.363 +01:00 [INF] Route matched with {action = "IniciarViagem", controller = "Viagens"}. Executing controller action with signature System.Threading.Tasks.Task`1[Microsoft.AspNetCore.Mvc.IActionResult] IniciarViagem(Int32, System.String) on controller GestoreDeFrotas.Controllers.ViagensController (GestoreDeFrotas).
2026-06-12 11:41:01.355 +01:00 [INF] Executed DbCommand (150ms) [Parameters=[@__p_0='?' (DbType = Int32)], CommandType='"Text"', CommandTimeout='30']
SELECT TOP(1) [v].[Id], [v].[Ano], [v].[CategoriaUsuario], [v].[CondutorHabitualId], [v].[Cor], [v].[DataProximaIpo], [v].[EstaAtivo], [v].[Estado], [v].[IntervaloManutencaoKm], [v].[KmAtual], [v].[Marca], [v].[Matricula], [v].[Modelo], [v].[TecnicoResponsavelId], [v].[UltimaManutencaoData], [v].[UltimaManutencaoKm]
FROM [Veiculos] AS [v]
WHERE [v].[Id] = @__p_0
2026-06-12 11:41:01.827 +01:00 [INF] Executed DbCommand (16ms) [Parameters=[@__veiculoId_0='?' (DbType = Int32)], CommandType='"Text"', CommandTimeout='30']
SELECT CASE
    WHEN EXISTS (
        SELECT 1
        FROM [Viagens] AS [v]
        WHERE [v].[VeiculoId] = @__veiculoId_0 AND [v].[EstaAtiva] = CAST(1 AS bit)) THEN CAST(1 AS bit)
    ELSE CAST(0 AS bit)
END
2026-06-12 11:41:01.945 +01:00 [INF] Executed DbCommand (10ms) [Parameters=[@__veiculoId_0='?' (DbType = Int32)], CommandType='"Text"', CommandTimeout='30']
SELECT TOP(1) [v].[KmFinais]
FROM [Viagens] AS [v]
WHERE [v].[VeiculoId] = @__veiculoId_0 AND [v].[KmFinais] IS NOT NULL
ORDER BY [v].[DataFim] DESC
2026-06-12 11:41:02.558 +01:00 [INF] Executed DbCommand (21ms) [Parameters=[@p1='?' (DbType = Int32), @p0='?' (Size = 4000), @p2='?' (Size = 4000), @p3='?' (Size = 4000), @p4='?' (DbType = DateTime2), @p5='?' (DbType = DateTime2), @p6='?' (DbType = DateTime2), @p7='?' (DbType = Boolean), @p8='?' (DbType = Int32), @p9='?' (DbType = Int32), @p10='?' (Size = 4000), @p11='?' (DbType = Boolean), @p12='?' (Size = 4000), @p13='?' (Size = 4000), @p14='?' (DbType = Int32)], CommandType='"Text"', CommandTimeout='30']
SET NOCOUNT ON;
UPDATE [Veiculos] SET [Estado] = @p0
OUTPUT 1
WHERE [Id] = @p1;
INSERT INTO [Viagens] ([CondutorPrincipalId], [CondutorSecundarioId], [DataFim], [DataInicio], [DataLimitePrevista], [EstaAtiva], [KmFinais], [KmIniciais], [ObservacoesEntrega], [PediuProrrogacao], [TecnicoLevantamentoId], [TecnicoRecebimentoId], [VeiculoId])
OUTPUT INSERTED.[Id]
VALUES (@p2, @p3, @p4, @p5, @p6, @p7, @p8, @p9, @p10, @p11, @p12, @p13, @p14);
2026-06-12 11:41:02.763 +01:00 [INF] Executing OkObjectResult, writing value of type 'GestoreDeFrotas.Models.Viagem'.
2026-06-12 11:41:02.852 +01:00 [INF] Executed action GestoreDeFrotas.Controllers.ViagensController.IniciarViagem (GestoreDeFrotas) in 2463.5158ms
2026-06-12 11:41:02.863 +01:00 [INF] Executed endpoint 'GestoreDeFrotas.Controllers.ViagensController.IniciarViagem (GestoreDeFrotas)'
2026-06-12 11:41:02.915 +01:00 [INF] Request finished HTTP/2 POST https://localhost:7231/api/Viagens/iniciar/36 - 200 null application/json; charset=utf-8 3077.2314ms
2026-06-12 11:41:41.002 +01:00 [INF] Request starting HTTP/2 POST https://localhost:7231/api/Viagens/finalizar/11 - application/json 55
2026-06-12 11:41:41.071 +01:00 [INF] Executing endpoint 'GestoreDeFrotas.Controllers.ViagensController.FinalizarViagem (GestoreDeFrotas)'
2026-06-12 11:41:41.082 +01:00 [INF] Route matched with {action = "FinalizarViagem", controller = "Viagens"}. Executing controller action with signature System.Threading.Tasks.Task`1[Microsoft.AspNetCore.Mvc.IActionResult] FinalizarViagem(Int32, GestoreDeFrotas.Controllers.FinalizarViagemDto) on controller GestoreDeFrotas.Controllers.ViagensController (GestoreDeFrotas).
2026-06-12 11:41:41.162 +01:00 [INF] Executed DbCommand (5ms) [Parameters=[@__p_0='?' (DbType = Int32)], CommandType='"Text"', CommandTimeout='30']
SELECT TOP(1) [v].[Id], [v].[CondutorPrincipalId], [v].[CondutorSecundarioId], [v].[DataFim], [v].[DataInicio], [v].[DataLimitePrevista], [v].[EstaAtiva], [v].[KmFinais], [v].[KmIniciais], [v].[ObservacoesEntrega], [v].[PediuProrrogacao], [v].[TecnicoLevantamentoId], [v].[TecnicoRecebimentoId], [v].[VeiculoId]
FROM [Viagens] AS [v]
WHERE [v].[Id] = @__p_0
2026-06-12 11:41:41.187 +01:00 [INF] Executed DbCommand (5ms) [Parameters=[@__p_0='?' (DbType = Int32)], CommandType='"Text"', CommandTimeout='30']
SELECT TOP(1) [v].[Id], [v].[Ano], [v].[CategoriaUsuario], [v].[CondutorHabitualId], [v].[Cor], [v].[DataProximaIpo], [v].[EstaAtivo], [v].[Estado], [v].[IntervaloManutencaoKm], [v].[KmAtual], [v].[Marca], [v].[Matricula], [v].[Modelo], [v].[TecnicoResponsavelId], [v].[UltimaManutencaoData], [v].[UltimaManutencaoKm]
FROM [Veiculos] AS [v]
WHERE [v].[Id] = @__p_0
2026-06-12 11:41:41.250 +01:00 [INF] Executed DbCommand (5ms) [Parameters=[@__veiculoId_Value_0='?' (DbType = Int32)], CommandType='"Text"', CommandTimeout='30']
SELECT TOP(1) [v].[Id], [v].[Ano], [v].[CategoriaUsuario], [v].[CondutorHabitualId], [v].[Cor], [v].[DataProximaIpo], [v].[EstaAtivo], [v].[Estado], [v].[IntervaloManutencaoKm], [v].[KmAtual], [v].[Marca], [v].[Matricula], [v].[Modelo], [v].[TecnicoResponsavelId], [v].[UltimaManutencaoData], [v].[UltimaManutencaoKm]
FROM [Veiculos] AS [v]
WHERE [v].[Id] = @__veiculoId_Value_0
2026-06-12 11:41:41.361 +01:00 [INF] Executed DbCommand (50ms) [Parameters=[@p0='?' (DbType = DateTime2), @p1='?' (Size = 4000), @p2='?' (Size = 4000), @p3='?' (DbType = Boolean), @p4='?' (Size = 4000), @p5='?' (DbType = Int32), @p7='?' (DbType = Int32), @p6='?' (Size = 4000), @p12='?' (DbType = Int32), @p8='?' (DbType = DateTime2), @p9='?' (DbType = Boolean), @p10='?' (DbType = Int32), @p11='?' (Size = 4000)], CommandType='"Text"', CommandTimeout='30']
SET NOCOUNT ON;
INSERT INTO [Notificacoes] ([DataCriacao], [DestinatarioId], [Grau], [Lida], [Mensagem], [VeiculoId])
OUTPUT INSERTED.[Id]
VALUES (@p0, @p1, @p2, @p3, @p4, @p5);
UPDATE [Veiculos] SET [Estado] = @p6
OUTPUT 1
WHERE [Id] = @p7;
UPDATE [Viagens] SET [DataFim] = @p8, [EstaAtiva] = @p9, [KmFinais] = @p10, [ObservacoesEntrega] = @p11
OUTPUT 1
WHERE [Id] = @p12;
2026-06-12 11:41:41.441 +01:00 [INF] Executed DbCommand (12ms) [Parameters=[@p0='?' (DbType = DateTime2), @p1='?' (Size = 4000), @p2='?' (Size = 4000), @p3='?' (DbType = Boolean), @p4='?' (Size = 4000), @p5='?' (DbType = Int32)], CommandType='"Text"', CommandTimeout='30']
SET IMPLICIT_TRANSACTIONS OFF;
SET NOCOUNT ON;
INSERT INTO [Notificacoes] ([DataCriacao], [DestinatarioId], [Grau], [Lida], [Mensagem], [VeiculoId])
OUTPUT INSERTED.[Id]
VALUES (@p0, @p1, @p2, @p3, @p4, @p5);
2026-06-12 11:41:41.457 +01:00 [INF] Executing OkObjectResult, writing value of type '<>f__AnonymousType4`1[[System.String, System.Private.CoreLib, Version=9.0.0.0, Culture=neutral, PublicKeyToken=7cec85d7bea7798e]]'.
2026-06-12 11:41:41.467 +01:00 [INF] Executed action GestoreDeFrotas.Controllers.ViagensController.FinalizarViagem (GestoreDeFrotas) in 380.5816ms
2026-06-12 11:41:41.471 +01:00 [INF] Executed endpoint 'GestoreDeFrotas.Controllers.ViagensController.FinalizarViagem (GestoreDeFrotas)'
2026-06-12 11:41:41.476 +01:00 [INF] Request finished HTTP/2 POST https://localhost:7231/api/Viagens/finalizar/11 - 200 null application/json; charset=utf-8 474.2863ms
2026-06-12 11:41:55.020 +01:00 [INF] Request starting HTTP/2 GET https://localhost:7231/api/vehicles/36/historico-pdf - null null
2026-06-12 11:41:55.038 +01:00 [INF] Executing endpoint 'GestoreDeFrotas.Controllers.VeiculosController.ExportarHistoricoPdf (GestoreDeFrotas)'
2026-06-12 11:41:55.059 +01:00 [INF] Route matched with {action = "ExportarHistoricoPdf", controller = "Veiculos"}. Executing controller action with signature System.Threading.Tasks.Task`1[Microsoft.AspNetCore.Mvc.IActionResult] ExportarHistoricoPdf(Int32) on controller GestoreDeFrotas.Controllers.VeiculosController (GestoreDeFrotas).
2026-06-12 11:41:55.165 +01:00 [INF] Executed DbCommand (13ms) [Parameters=[@__p_0='?' (DbType = Int32)], CommandType='"Text"', CommandTimeout='30']
SELECT TOP(1) [v].[Id], [v].[Ano], [v].[CategoriaUsuario], [v].[CondutorHabitualId], [v].[Cor], [v].[DataProximaIpo], [v].[EstaAtivo], [v].[Estado], [v].[IntervaloManutencaoKm], [v].[KmAtual], [v].[Marca], [v].[Matricula], [v].[Modelo], [v].[TecnicoResponsavelId], [v].[UltimaManutencaoData], [v].[UltimaManutencaoKm]
FROM [Veiculos] AS [v]
WHERE [v].[Id] = @__p_0
2026-06-12 11:41:55.216 +01:00 [INF] Executed DbCommand (7ms) [Parameters=[@__id_0='?' (DbType = Int32)], CommandType='"Text"', CommandTimeout='30']
SELECT [v].[Id], [v].[CondutorPrincipalId], [v].[CondutorSecundarioId], [v].[DataFim], [v].[DataInicio], [v].[DataLimitePrevista], [v].[EstaAtiva], [v].[KmFinais], [v].[KmIniciais], [v].[ObservacoesEntrega], [v].[PediuProrrogacao], [v].[TecnicoLevantamentoId], [v].[TecnicoRecebimentoId], [v].[VeiculoId]
FROM [Viagens] AS [v]
WHERE [v].[VeiculoId] = @__id_0
ORDER BY [v].[DataInicio] DESC
2026-06-12 11:41:55.273 +01:00 [INF] Executed DbCommand (28ms) [Parameters=[@__id_0='?' (DbType = Int32)], CommandType='"Text"', CommandTimeout='30']
SELECT [a].[Id], [a].[Combustivel], [a].[ConsumoMedio], [a].[CustoTotal], [a].[Data], [a].[FaturaPath], [a].[KmAtual], [a].[KmPorLitro], [a].[Litros], [a].[Posto], [a].[PrecoPorLitro], [a].[VeiculoId]
FROM [Abastecimentos] AS [a]
WHERE [a].[VeiculoId] = @__id_0
ORDER BY [a].[Data] DESC
2026-06-12 11:41:58.678 +01:00 [INF] Executing FileStreamResult, sending file with download name 'Historico_Veiculo_R4-MX-ZN_20260612.pdf' ...
2026-06-12 11:41:58.791 +01:00 [INF] Executed action GestoreDeFrotas.Controllers.VeiculosController.ExportarHistoricoPdf (GestoreDeFrotas) in 3719.583ms
2026-06-12 11:41:58.798 +01:00 [INF] Executed endpoint 'GestoreDeFrotas.Controllers.VeiculosController.ExportarHistoricoPdf (GestoreDeFrotas)'
2026-06-12 11:41:58.803 +01:00 [INF] Request finished HTTP/2 GET https://localhost:7231/api/vehicles/36/historico-pdf - 200 58845 application/pdf 3783.3961ms
2026-06-12 11:42:40.533 +01:00 [INF] Request starting HTTP/2 GET https://localhost:7231/api/Abastecimentos - null null
2026-06-12 11:42:40.554 +01:00 [INF] Executing endpoint 'GestoreDeFrotas.Controllers.AbastecimentosController.GetAll (GestoreDeFrotas)'
2026-06-12 11:42:40.592 +01:00 [INF] Route matched with {action = "GetAll", controller = "Abastecimentos"}. Executing controller action with signature System.Threading.Tasks.Task`1[Microsoft.AspNetCore.Mvc.IActionResult] GetAll() on controller GestoreDeFrotas.Controllers.AbastecimentosController (GestoreDeFrotas).
2026-06-12 11:42:40.930 +01:00 [INF] Executed DbCommand (22ms) [Parameters=[], CommandType='"Text"', CommandTimeout='30']
SELECT [a].[Id], [a].[Combustivel], [a].[ConsumoMedio], [a].[CustoTotal], [a].[Data], [a].[FaturaPath], [a].[KmAtual], [a].[KmPorLitro], [a].[Litros], [a].[Posto], [a].[PrecoPorLitro], [a].[VeiculoId], [v].[Id], [v].[Ano], [v].[CategoriaUsuario], [v].[CondutorHabitualId], [v].[Cor], [v].[DataProximaIpo], [v].[EstaAtivo], [v].[Estado], [v].[IntervaloManutencaoKm], [v].[KmAtual], [v].[Marca], [v].[Matricula], [v].[Modelo], [v].[TecnicoResponsavelId], [v].[UltimaManutencaoData], [v].[UltimaManutencaoKm]
FROM [Abastecimentos] AS [a]
INNER JOIN [Veiculos] AS [v] ON [a].[VeiculoId] = [v].[Id]
ORDER BY [a].[Data] DESC
2026-06-12 11:42:41.102 +01:00 [INF] Executing OkObjectResult, writing value of type 'System.Collections.Generic.List`1[[GestoreDeFrotas.Models.Abastecimento, GestoreDeFrotas, Version=1.0.0.0, Culture=neutral, PublicKeyToken=null]]'.
2026-06-12 11:42:41.170 +01:00 [INF] Executed action GestoreDeFrotas.Controllers.AbastecimentosController.GetAll (GestoreDeFrotas) in 566.5611ms
2026-06-12 11:42:41.217 +01:00 [INF] Executed endpoint 'GestoreDeFrotas.Controllers.AbastecimentosController.GetAll (GestoreDeFrotas)'
2026-06-12 11:42:41.220 +01:00 [INF] Request finished HTTP/2 GET https://localhost:7231/api/Abastecimentos - 200 null application/json; charset=utf-8 687.2511ms
2026-06-12 11:42:51.437 +01:00 [INF] Request starting HTTP/2 GET https://localhost:7231/api/Abastecimentos/veiculo/36 - null null
2026-06-12 11:42:51.557 +01:00 [INF] Executing endpoint 'GestoreDeFrotas.Controllers.AbastecimentosController.GetByVeiculo (GestoreDeFrotas)'
2026-06-12 11:42:51.588 +01:00 [INF] Route matched with {action = "GetByVeiculo", controller = "Abastecimentos"}. Executing controller action with signature System.Threading.Tasks.Task`1[Microsoft.AspNetCore.Mvc.IActionResult] GetByVeiculo(Int32) on controller GestoreDeFrotas.Controllers.AbastecimentosController (GestoreDeFrotas).
2026-06-12 11:42:51.634 +01:00 [INF] Executed DbCommand (6ms) [Parameters=[@__veiculoId_0='?' (DbType = Int32)], CommandType='"Text"', CommandTimeout='30']
SELECT [a].[Id], [a].[Combustivel], [a].[ConsumoMedio], [a].[CustoTotal], [a].[Data], [a].[FaturaPath], [a].[KmAtual], [a].[KmPorLitro], [a].[Litros], [a].[Posto], [a].[PrecoPorLitro], [a].[VeiculoId]
FROM [Abastecimentos] AS [a]
WHERE [a].[VeiculoId] = @__veiculoId_0
ORDER BY [a].[Data] DESC
2026-06-12 11:42:51.648 +01:00 [INF] Executing OkObjectResult, writing value of type 'System.Collections.Generic.List`1[[GestoreDeFrotas.Models.Abastecimento, GestoreDeFrotas, Version=1.0.0.0, Culture=neutral, PublicKeyToken=null]]'.
2026-06-12 11:42:51.652 +01:00 [INF] Executed action GestoreDeFrotas.Controllers.AbastecimentosController.GetByVeiculo (GestoreDeFrotas) in 45.6428ms
2026-06-12 11:42:51.659 +01:00 [INF] Executed endpoint 'GestoreDeFrotas.Controllers.AbastecimentosController.GetByVeiculo (GestoreDeFrotas)'
2026-06-12 11:42:51.664 +01:00 [INF] Request finished HTTP/2 GET https://localhost:7231/api/Abastecimentos/veiculo/36 - 200 null application/json; charset=utf-8 226.9673ms
2026-06-12 11:43:42.718 +01:00 [INF] Request starting HTTP/2 POST https://localhost:7231/api/Abastecimentos - application/json 748
2026-06-12 11:43:42.750 +01:00 [INF] Executing endpoint 'GestoreDeFrotas.Controllers.AbastecimentosController.Create (GestoreDeFrotas)'
2026-06-12 11:43:42.780 +01:00 [INF] Route matched with {action = "Create", controller = "Abastecimentos"}. Executing controller action with signature System.Threading.Tasks.Task`1[Microsoft.AspNetCore.Mvc.IActionResult] Create(GestoreDeFrotas.Models.Abastecimento) on controller GestoreDeFrotas.Controllers.AbastecimentosController (GestoreDeFrotas).
2026-06-12 11:43:42.865 +01:00 [INF] Executing BadRequestObjectResult, writing value of type 'Microsoft.AspNetCore.Mvc.ValidationProblemDetails'.
2026-06-12 11:43:42.926 +01:00 [INF] Executed action GestoreDeFrotas.Controllers.AbastecimentosController.Create (GestoreDeFrotas) in 121.6337ms
2026-06-12 11:43:42.970 +01:00 [INF] Executed endpoint 'GestoreDeFrotas.Controllers.AbastecimentosController.Create (GestoreDeFrotas)'
2026-06-12 11:43:43.027 +01:00 [INF] Executed DbCommand (39ms) [Parameters=[@p0='?' (DbType = DateTime2), @p1='?' (Size = 4000), @p2='?' (Size = 4000), @p3='?' (DbType = Boolean), @p4='?' (Size = 4000), @p5='?' (DbType = Int32)], CommandType='"Text"', CommandTimeout='30']
SET IMPLICIT_TRANSACTIONS OFF;
SET NOCOUNT ON;
INSERT INTO [Notificacoes] ([DataCriacao], [DestinatarioId], [Grau], [Lida], [Mensagem], [VeiculoId])
OUTPUT INSERTED.[Id]
VALUES (@p0, @p1, @p2, @p3, @p4, @p5);
2026-06-12 11:43:43.118 +01:00 [INF] Executed DbCommand (26ms) [Parameters=[@p0='?' (DbType = DateTime2), @p1='?' (Size = 4000), @p2='?' (Size = 4000), @p3='?' (Size = 4000), @p4='?' (DbType = Int32), @p5='?' (Size = 4000)], CommandType='"Text"', CommandTimeout='30']
SET IMPLICIT_TRANSACTIONS OFF;
SET NOCOUNT ON;
INSERT INTO [LogsSistema] ([Data], [Descricao], [MetodoHttp], [Rota], [StatusCode], [Utilizador])
OUTPUT INSERTED.[Id]
VALUES (@p0, @p1, @p2, @p3, @p4, @p5);
2026-06-12 11:43:43.152 +01:00 [INF] Request finished HTTP/2 POST https://localhost:7231/api/Abastecimentos - 400 null application/problem+json; charset=utf-8 433.8135ms
2026-06-12 11:44:07.527 +01:00 [INF] Request starting HTTP/2 GET https://localhost:7231/api/Dashboard/veiculos-em-uso - null null
2026-06-12 11:44:07.669 +01:00 [INF] Executing endpoint 'GestoreDeFrotas.Controllers.DashboardController.ObterVeiculosEmUso (GestoreDeFrotas)'
2026-06-12 11:44:07.703 +01:00 [INF] Route matched with {action = "ObterVeiculosEmUso", controller = "Dashboard"}. Executing controller action with signature System.Threading.Tasks.Task`1[Microsoft.AspNetCore.Mvc.IActionResult] ObterVeiculosEmUso() on controller GestoreDeFrotas.Controllers.DashboardController (GestoreDeFrotas).
2026-06-12 11:44:07.766 +01:00 [INF] Executed DbCommand (10ms) [Parameters=[], CommandType='"Text"', CommandTimeout='30']
SELECT [v].[Id] AS [ViagemId], [v].[VeiculoId], [v0].[Matricula], [v0].[Marca] + N' ' + [v0].[Modelo] AS [ModeloInfo], [v].[CondutorPrincipalId] AS [CondutorPrincipal], [v].[CondutorSecundarioId] AS [CondutorSecundario], [v].[DataInicio] AS [DataInicioReal], [v].[DataLimitePrevista] AS [DataPrazoPrevisto], [v].[PediuProrrogacao]
FROM [Viagens] AS [v]
INNER JOIN [Veiculos] AS [v0] ON [v].[VeiculoId] = [v0].[Id]
WHERE [v].[EstaAtiva] = CAST(1 AS bit)
ORDER BY [v].[DataInicio]
2026-06-12 11:44:07.779 +01:00 [INF] Executing OkObjectResult, writing value of type 'System.Collections.Generic.List`1[[<>f__AnonymousType34`11[[System.Int32, System.Private.CoreLib, Version=9.0.0.0, Culture=neutral, PublicKeyToken=7cec85d7bea7798e],[System.Int32, System.Private.CoreLib, Version=9.0.0.0, Culture=neutral, PublicKeyToken=7cec85d7bea7798e],[System.String, System.Private.CoreLib, Version=9.0.0.0, Culture=neutral, PublicKeyToken=7cec85d7bea7798e],[System.String, System.Private.CoreLib, Version=9.0.0.0, Culture=neutral, PublicKeyToken=7cec85d7bea7798e],[System.String, System.Private.CoreLib, Version=9.0.0.0, Culture=neutral, PublicKeyToken=7cec85d7bea7798e],[System.String, System.Private.CoreLib, Version=9.0.0.0, Culture=neutral, PublicKeyToken=7cec85d7bea7798e],[System.DateTime, System.Private.CoreLib, Version=9.0.0.0, Culture=neutral, PublicKeyToken=7cec85d7bea7798e],[System.DateTime, System.Private.CoreLib, Version=9.0.0.0, Culture=neutral, PublicKeyToken=7cec85d7bea7798e],[System.Double, System.Private.CoreLib, Version=9.0.0.0, Culture=neutral, PublicKeyToken=7cec85d7bea7798e],[System.Boolean, System.Private.CoreLib, Version=9.0.0.0, Culture=neutral, PublicKeyToken=7cec85d7bea7798e],[System.Boolean, System.Private.CoreLib, Version=9.0.0.0, Culture=neutral, PublicKeyToken=7cec85d7bea7798e]], GestoreDeFrotas, Version=1.0.0.0, Culture=neutral, PublicKeyToken=null]]'.
2026-06-12 11:44:07.799 +01:00 [INF] Executed action GestoreDeFrotas.Controllers.DashboardController.ObterVeiculosEmUso (GestoreDeFrotas) in 87.9527ms
2026-06-12 11:44:07.898 +01:00 [INF] Executed endpoint 'GestoreDeFrotas.Controllers.DashboardController.ObterVeiculosEmUso (GestoreDeFrotas)'
2026-06-12 11:44:07.910 +01:00 [INF] Request finished HTTP/2 GET https://localhost:7231/api/Dashboard/veiculos-em-uso - 200 null application/json; charset=utf-8 383.5316ms
2026-06-12 11:44:24.669 +01:00 [INF] Request starting HTTP/2 GET https://localhost:7231/api/Dashboard/resumo - null null
2026-06-12 11:44:24.681 +01:00 [INF] Executing endpoint 'GestoreDeFrotas.Controllers.DashboardController.ObterResumoGeral (GestoreDeFrotas)'
2026-06-12 11:44:24.692 +01:00 [INF] Route matched with {action = "ObterResumoGeral", controller = "Dashboard"}. Executing controller action with signature System.Threading.Tasks.Task`1[Microsoft.AspNetCore.Mvc.IActionResult] ObterResumoGeral() on controller GestoreDeFrotas.Controllers.DashboardController (GestoreDeFrotas).
2026-06-12 11:44:24.743 +01:00 [INF] Executed DbCommand (7ms) [Parameters=[], CommandType='"Text"', CommandTimeout='30']
SELECT COUNT(*)
FROM [Veiculos] AS [v]
2026-06-12 11:44:24.770 +01:00 [INF] Executed DbCommand (3ms) [Parameters=[], CommandType='"Text"', CommandTimeout='30']
SELECT COUNT(*)
FROM [Veiculos] AS [v]
WHERE [v].[Estado] = N'Disponível'
2026-06-12 11:44:24.832 +01:00 [INF] Executed DbCommand (1ms) [Parameters=[], CommandType='"Text"', CommandTimeout='30']
SELECT COUNT(*)
FROM [Veiculos] AS [v]
WHERE [v].[Estado] = N'Alugado'
2026-06-12 11:44:24.849 +01:00 [INF] Executed DbCommand (1ms) [Parameters=[], CommandType='"Text"', CommandTimeout='30']
SELECT COUNT(*)
FROM [Veiculos] AS [v]
WHERE [v].[Estado] = N'Em Manutenção'
2026-06-12 11:44:24.874 +01:00 [INF] Executed DbCommand (11ms) [Parameters=[], CommandType='"Text"', CommandTimeout='30']
SELECT COUNT(*)
FROM [Abastecimentos] AS [a]
2026-06-12 11:44:24.919 +01:00 [INF] Executed DbCommand (6ms) [Parameters=[], CommandType='"Text"', CommandTimeout='30']
SELECT COALESCE(SUM([a].[CustoTotal]), 0.0E0)
FROM [Abastecimentos] AS [a]
2026-06-12 11:44:24.950 +01:00 [INF] Executed DbCommand (5ms) [Parameters=[@__inicioMes_0='?' (DbType = DateTime2)], CommandType='"Text"', CommandTimeout='30']
SELECT COALESCE(SUM([a].[CustoTotal]), 0.0E0)
FROM [Abastecimentos] AS [a]
WHERE [a].[Data] >= @__inicioMes_0
2026-06-12 11:44:24.992 +01:00 [INF] Executed DbCommand (23ms) [Parameters=[], CommandType='"Text"', CommandTimeout='30']
SELECT COUNT(*)
FROM [RegistosManutencao] AS [r]
2026-06-12 11:44:25.043 +01:00 [INF] Executed DbCommand (8ms) [Parameters=[], CommandType='"Text"', CommandTimeout='30']
SELECT COALESCE(SUM([r].[Custo]), 0.0)
FROM [RegistosManutencao] AS [r]
2026-06-12 11:44:25.073 +01:00 [INF] Executed DbCommand (5ms) [Parameters=[@__inicioMes_0='?' (DbType = DateTime2)], CommandType='"Text"', CommandTimeout='30']
SELECT COALESCE(SUM([r].[Custo]), 0.0)
FROM [RegistosManutencao] AS [r]
WHERE [r].[Data] >= @__inicioMes_0
2026-06-12 11:44:25.115 +01:00 [INF] Executed DbCommand (25ms) [Parameters=[], CommandType='"Text"', CommandTimeout='30']
SELECT COUNT(*)
FROM [DocumentosVeiculos] AS [d]
2026-06-12 11:44:25.166 +01:00 [INF] Executed DbCommand (9ms) [Parameters=[@__hoje_0='?' (DbType = DateTime2)], CommandType='"Text"', CommandTimeout='30']
SELECT COUNT(*)
FROM [DocumentosVeiculos] AS [d]
WHERE [d].[DataValidade] IS NOT NULL AND [d].[DataValidade] < @__hoje_0
2026-06-12 11:44:25.213 +01:00 [INF] Executed DbCommand (15ms) [Parameters=[], CommandType='"Text"', CommandTimeout='30']
SELECT CASE
    WHEN EXISTS (
        SELECT 1
        FROM [Veiculos] AS [v]) THEN CAST(1 AS bit)
    ELSE CAST(0 AS bit)
END
2026-06-12 11:44:25.290 +01:00 [INF] Executed DbCommand (6ms) [Parameters=[], CommandType='"Text"', CommandTimeout='30']
SELECT AVG(CAST([v].[KmAtual] AS float))
FROM [Veiculos] AS [v]
2026-06-12 11:44:25.297 +01:00 [INF] Executing OkObjectResult, writing value of type '<>f__AnonymousType31`13[[System.Int32, System.Private.CoreLib, Version=9.0.0.0, Culture=neutral, PublicKeyToken=7cec85d7bea7798e],[System.Int32, System.Private.CoreLib, Version=9.0.0.0, Culture=neutral, PublicKeyToken=7cec85d7bea7798e],[System.Int32, System.Private.CoreLib, Version=9.0.0.0, Culture=neutral, PublicKeyToken=7cec85d7bea7798e],[System.Int32, System.Private.CoreLib, Version=9.0.0.0, Culture=neutral, PublicKeyToken=7cec85d7bea7798e],[System.Int32, System.Private.CoreLib, Version=9.0.0.0, Culture=neutral, PublicKeyToken=7cec85d7bea7798e],[System.Double, System.Private.CoreLib, Version=9.0.0.0, Culture=neutral, PublicKeyToken=7cec85d7bea7798e],[System.Double, System.Private.CoreLib, Version=9.0.0.0, Culture=neutral, PublicKeyToken=7cec85d7bea7798e],[System.Int32, System.Private.CoreLib, Version=9.0.0.0, Culture=neutral, PublicKeyToken=7cec85d7bea7798e],[System.Decimal, System.Private.CoreLib, Version=9.0.0.0, Culture=neutral, PublicKeyToken=7cec85d7bea7798e],[System.Decimal, System.Private.CoreLib, Version=9.0.0.0, Culture=neutral, PublicKeyToken=7cec85d7bea7798e],[System.Int32, System.Private.CoreLib, Version=9.0.0.0, Culture=neutral, PublicKeyToken=7cec85d7bea7798e],[System.Int32, System.Private.CoreLib, Version=9.0.0.0, Culture=neutral, PublicKeyToken=7cec85d7bea7798e],[System.Double, System.Private.CoreLib, Version=9.0.0.0, Culture=neutral, PublicKeyToken=7cec85d7bea7798e]]'.
2026-06-12 11:44:25.326 +01:00 [INF] Executed action GestoreDeFrotas.Controllers.DashboardController.ObterResumoGeral (GestoreDeFrotas) in 628.8306ms
2026-06-12 11:44:25.330 +01:00 [INF] Executed endpoint 'GestoreDeFrotas.Controllers.DashboardController.ObterResumoGeral (GestoreDeFrotas)'
2026-06-12 11:44:25.337 +01:00 [INF] Request finished HTTP/2 GET https://localhost:7231/api/Dashboard/resumo - 200 null application/json; charset=utf-8 667.4256ms
2026-06-12 11:44:36.887 +01:00 [INF] Request starting HTTP/2 GET https://localhost:7231/api/Dashboard/alertas-ipo - null null
2026-06-12 11:44:37.003 +01:00 [INF] Executing endpoint 'GestoreDeFrotas.Controllers.DashboardController.ObterAlertasIpo (GestoreDeFrotas)'
2026-06-12 11:44:37.034 +01:00 [INF] Route matched with {action = "ObterAlertasIpo", controller = "Dashboard"}. Executing controller action with signature System.Threading.Tasks.Task`1[Microsoft.AspNetCore.Mvc.IActionResult] ObterAlertasIpo() on controller GestoreDeFrotas.Controllers.DashboardController (GestoreDeFrotas).
2026-06-12 11:44:37.099 +01:00 [INF] Executed DbCommand (34ms) [Parameters=[@__dataLimiteAlerta_0='?' (DbType = DateTime2)], CommandType='"Text"', CommandTimeout='30']
SELECT [v].[Id] AS [VeiculoId], [v].[Matricula], [v].[Marca] + N' ' + [v].[Modelo] AS [DescricaoVeiculo], [v].[Estado], [v].[DataProximaIpo] AS [DataLimiteIpo]
FROM [Veiculos] AS [v]
WHERE [v].[EstaAtivo] = CAST(1 AS bit) AND [v].[DataProximaIpo] IS NOT NULL AND [v].[DataProximaIpo] <= @__dataLimiteAlerta_0
ORDER BY [v].[DataProximaIpo]
2026-06-12 11:44:37.115 +01:00 [INF] Executing OkObjectResult, writing value of type 'System.Collections.Generic.List`1[[<>f__AnonymousType36`7[[System.Int32, System.Private.CoreLib, Version=9.0.0.0, Culture=neutral, PublicKeyToken=7cec85d7bea7798e],[System.String, System.Private.CoreLib, Version=9.0.0.0, Culture=neutral, PublicKeyToken=7cec85d7bea7798e],[System.String, System.Private.CoreLib, Version=9.0.0.0, Culture=neutral, PublicKeyToken=7cec85d7bea7798e],[System.String, System.Private.CoreLib, Version=9.0.0.0, Culture=neutral, PublicKeyToken=7cec85d7bea7798e],[System.Nullable`1[[System.DateTime, System.Private.CoreLib, Version=9.0.0.0, Culture=neutral, PublicKeyToken=7cec85d7bea7798e]], System.Private.CoreLib, Version=9.0.0.0, Culture=neutral, PublicKeyToken=7cec85d7bea7798e],[System.Int32, System.Private.CoreLib, Version=9.0.0.0, Culture=neutral, PublicKeyToken=7cec85d7bea7798e],[System.String, System.Private.CoreLib, Version=9.0.0.0, Culture=neutral, PublicKeyToken=7cec85d7bea7798e]], GestoreDeFrotas, Version=1.0.0.0, Culture=neutral, PublicKeyToken=null]]'.
2026-06-12 11:44:37.133 +01:00 [INF] Executed action GestoreDeFrotas.Controllers.DashboardController.ObterAlertasIpo (GestoreDeFrotas) in 85.7164ms
2026-06-12 11:44:37.170 +01:00 [INF] Executed endpoint 'GestoreDeFrotas.Controllers.DashboardController.ObterAlertasIpo (GestoreDeFrotas)'
2026-06-12 11:44:37.179 +01:00 [INF] Request finished HTTP/2 GET https://localhost:7231/api/Dashboard/alertas-ipo - 200 null application/json; charset=utf-8 291.4771ms
2026-06-12 11:44:46.250 +01:00 [INF] Request starting HTTP/2 GET https://localhost:7231/api/documentos/expirados - null null
2026-06-12 11:44:46.262 +01:00 [INF] Executing endpoint 'GestoreDeFrotas.Controllers.DocumentosController.ObterDocumentosExpirados (GestoreDeFrotas)'
2026-06-12 11:44:46.279 +01:00 [INF] Route matched with {action = "ObterDocumentosExpirados", controller = "Documentos"}. Executing controller action with signature System.Threading.Tasks.Task`1[Microsoft.AspNetCore.Mvc.IActionResult] ObterDocumentosExpirados() on controller GestoreDeFrotas.Controllers.DocumentosController (GestoreDeFrotas).
2026-06-12 11:44:46.320 +01:00 [INF] Executed DbCommand (6ms) [Parameters=[@__daquiA30Dias_0='?' (DbType = DateTime2)], CommandType='"Text"', CommandTimeout='30']
SELECT [d].[Id], [d].[CaminhoFicheiro], [d].[DataUpload], [d].[DataValidade], [d].[NomeFicheiroOriginal], [d].[TipoDocumento], [d].[VeiculoId]
FROM [DocumentosVeiculos] AS [d]
WHERE [d].[DataValidade] IS NOT NULL AND [d].[DataValidade] <= @__daquiA30Dias_0
ORDER BY [d].[DataValidade]
2026-06-12 11:44:46.357 +01:00 [INF] Executing OkObjectResult, writing value of type 'System.Collections.Generic.List`1[[GestoreDeFrotas.Models.DocumentoVeiculo, GestoreDeFrotas, Version=1.0.0.0, Culture=neutral, PublicKeyToken=null]]'.
2026-06-12 11:44:46.370 +01:00 [INF] Executed action GestoreDeFrotas.Controllers.DocumentosController.ObterDocumentosExpirados (GestoreDeFrotas) in 84.5451ms
2026-06-12 11:44:46.384 +01:00 [INF] Executed endpoint 'GestoreDeFrotas.Controllers.DocumentosController.ObterDocumentosExpirados (GestoreDeFrotas)'
2026-06-12 11:44:46.391 +01:00 [INF] Request finished HTTP/2 GET https://localhost:7231/api/documentos/expirados - 200 null application/json; charset=utf-8 141.9583ms
2026-06-12 11:45:01.508 +01:00 [INF] Request starting HTTP/2 GET https://localhost:7231/api/documentos/veiculo/36 - null null
2026-06-12 11:45:01.517 +01:00 [INF] Executing endpoint 'GestoreDeFrotas.Controllers.DocumentosController.ObterDocumentosPorVeiculo (GestoreDeFrotas)'
2026-06-12 11:45:01.543 +01:00 [INF] Route matched with {action = "ObterDocumentosPorVeiculo", controller = "Documentos"}. Executing controller action with signature System.Threading.Tasks.Task`1[Microsoft.AspNetCore.Mvc.IActionResult] ObterDocumentosPorVeiculo(Int32) on controller GestoreDeFrotas.Controllers.DocumentosController (GestoreDeFrotas).
2026-06-12 11:45:01.578 +01:00 [INF] Executed DbCommand (12ms) [Parameters=[@__veiculoId_0='?' (DbType = Int32)], CommandType='"Text"', CommandTimeout='30']
SELECT [d].[Id], [d].[CaminhoFicheiro], [d].[DataUpload], [d].[DataValidade], [d].[NomeFicheiroOriginal], [d].[TipoDocumento], [d].[VeiculoId]
FROM [DocumentosVeiculos] AS [d]
WHERE [d].[VeiculoId] = @__veiculoId_0
ORDER BY [d].[DataUpload] DESC
2026-06-12 11:45:01.586 +01:00 [INF] Executing OkObjectResult, writing value of type 'System.Collections.Generic.List`1[[GestoreDeFrotas.Models.DocumentoVeiculo, GestoreDeFrotas, Version=1.0.0.0, Culture=neutral, PublicKeyToken=null]]'.
2026-06-12 11:45:01.594 +01:00 [INF] Executed action GestoreDeFrotas.Controllers.DocumentosController.ObterDocumentosPorVeiculo (GestoreDeFrotas) in 46.4715ms
2026-06-12 11:45:01.598 +01:00 [INF] Executed endpoint 'GestoreDeFrotas.Controllers.DocumentosController.ObterDocumentosPorVeiculo (GestoreDeFrotas)'
2026-06-12 11:45:01.601 +01:00 [INF] Request finished HTTP/2 GET https://localhost:7231/api/documentos/veiculo/36 - 200 null application/json; charset=utf-8 93.3239ms
2026-06-12 11:45:10.225 +01:00 [INF] Request starting HTTP/2 GET https://localhost:7231/api/documentos/36/download - null null
2026-06-12 11:45:10.235 +01:00 [INF] Executing endpoint 'GestoreDeFrotas.Controllers.DocumentosController.DescarregarDocumento (GestoreDeFrotas)'
2026-06-12 11:45:10.245 +01:00 [INF] Route matched with {action = "DescarregarDocumento", controller = "Documentos"}. Executing controller action with signature System.Threading.Tasks.Task`1[Microsoft.AspNetCore.Mvc.IActionResult] DescarregarDocumento(Int32) on controller GestoreDeFrotas.Controllers.DocumentosController (GestoreDeFrotas).
2026-06-12 11:45:10.300 +01:00 [INF] Executed DbCommand (29ms) [Parameters=[@__p_0='?' (DbType = Int32)], CommandType='"Text"', CommandTimeout='30']
SELECT TOP(1) [d].[Id], [d].[CaminhoFicheiro], [d].[DataUpload], [d].[DataValidade], [d].[NomeFicheiroOriginal], [d].[TipoDocumento], [d].[VeiculoId]
FROM [DocumentosVeiculos] AS [d]
WHERE [d].[Id] = @__p_0
2026-06-12 11:45:10.311 +01:00 [INF] Executing NotFoundObjectResult, writing value of type 'System.String'.
2026-06-12 11:45:10.315 +01:00 [INF] Executed action GestoreDeFrotas.Controllers.DocumentosController.DescarregarDocumento (GestoreDeFrotas) in 65.2495ms
2026-06-12 11:45:10.329 +01:00 [INF] Executed endpoint 'GestoreDeFrotas.Controllers.DocumentosController.DescarregarDocumento (GestoreDeFrotas)'
2026-06-12 11:45:10.334 +01:00 [INF] Request finished HTTP/2 GET https://localhost:7231/api/documentos/36/download - 404 null text/plain; charset=utf-8 108.85ms
2026-06-12 11:45:22.155 +01:00 [INF] Request starting HTTP/2 GET https://localhost:7231/api/Estatisticas/resumo-geral - null null
2026-06-12 11:45:22.168 +01:00 [INF] Executing endpoint 'GestoreDeFrotas.Controllers.EstatisticasController.GetResumoGeral (GestoreDeFrotas)'
2026-06-12 11:45:22.181 +01:00 [INF] Route matched with {action = "GetResumoGeral", controller = "Estatisticas"}. Executing controller action with signature System.Threading.Tasks.Task`1[Microsoft.AspNetCore.Mvc.IActionResult] GetResumoGeral() on controller GestoreDeFrotas.Controllers.EstatisticasController (GestoreDeFrotas).
2026-06-12 11:45:22.200 +01:00 [INF] Executed DbCommand (4ms) [Parameters=[], CommandType='"Text"', CommandTimeout='30']
SELECT COUNT(*)
FROM [Veiculos] AS [v]
2026-06-12 11:45:22.237 +01:00 [INF] Executed DbCommand (8ms) [Parameters=[], CommandType='"Text"', CommandTimeout='30']
SELECT COALESCE(SUM(CAST([r].[Custo] AS float)), 0.0E0)
FROM [RegistosManutencao] AS [r]
2026-06-12 11:45:22.285 +01:00 [INF] Executed DbCommand (9ms) [Parameters=[], CommandType='"Text"', CommandTimeout='30']
SELECT COALESCE(SUM([a].[CustoTotal]), 0.0E0)
FROM [Abastecimentos] AS [a]
2026-06-12 11:45:22.294 +01:00 [INF] Executing OkObjectResult, writing value of type '<>f__AnonymousType2`3[[System.Int32, System.Private.CoreLib, Version=9.0.0.0, Culture=neutral, PublicKeyToken=7cec85d7bea7798e],[System.Double, System.Private.CoreLib, Version=9.0.0.0, Culture=neutral, PublicKeyToken=7cec85d7bea7798e],[<>f__AnonymousType3`2[[System.Double, System.Private.CoreLib, Version=9.0.0.0, Culture=neutral, PublicKeyToken=7cec85d7bea7798e],[System.Double, System.Private.CoreLib, Version=9.0.0.0, Culture=neutral, PublicKeyToken=7cec85d7bea7798e]], GestoreDeFrotas, Version=1.0.0.0, Culture=neutral, PublicKeyToken=null]]'.
2026-06-12 11:45:22.309 +01:00 [INF] Executed action GestoreDeFrotas.Controllers.EstatisticasController.GetResumoGeral (GestoreDeFrotas) in 118.468ms
2026-06-12 11:45:22.418 +01:00 [INF] Executed endpoint 'GestoreDeFrotas.Controllers.EstatisticasController.GetResumoGeral (GestoreDeFrotas)'
2026-06-12 11:45:22.430 +01:00 [INF] Request finished HTTP/2 GET https://localhost:7231/api/Estatisticas/resumo-geral - 200 null application/json; charset=utf-8 274.6197ms
2026-06-12 11:45:37.251 +01:00 [INF] Request starting HTTP/2 GET https://localhost:7231/api/logs - null null
2026-06-12 11:45:37.258 +01:00 [INF] Executing endpoint 'GestoreDeFrotas.Controllers.LogsController.GetLogs (GestoreDeFrotas)'
2026-06-12 11:45:37.304 +01:00 [INF] Route matched with {action = "GetLogs", controller = "Logs"}. Executing controller action with signature System.Threading.Tasks.Task`1[Microsoft.AspNetCore.Mvc.IActionResult] GetLogs() on controller GestoreDeFrotas.Controllers.LogsController (GestoreDeFrotas).
2026-06-12 11:45:37.441 +01:00 [INF] Executed DbCommand (29ms) [Parameters=[@__p_0='?' (DbType = Int32)], CommandType='"Text"', CommandTimeout='30']
SELECT TOP(@__p_0) [l].[Id], [l].[Data], [l].[Descricao], [l].[MetodoHttp], [l].[Rota], [l].[StatusCode], [l].[Utilizador]
FROM [LogsSistema] AS [l]
ORDER BY [l].[Data] DESC
2026-06-12 11:45:37.469 +01:00 [INF] Executing OkObjectResult, writing value of type 'System.Collections.Generic.List`1[[GestoreDeFrotas.Models.LogSistema, GestoreDeFrotas, Version=1.0.0.0, Culture=neutral, PublicKeyToken=null]]'.
2026-06-12 11:45:37.481 +01:00 [INF] Executed action GestoreDeFrotas.Controllers.LogsController.GetLogs (GestoreDeFrotas) in 104.4477ms
2026-06-12 11:45:37.483 +01:00 [INF] Executed endpoint 'GestoreDeFrotas.Controllers.LogsController.GetLogs (GestoreDeFrotas)'
2026-06-12 11:45:37.490 +01:00 [INF] Request finished HTTP/2 GET https://localhost:7231/api/logs - 200 null application/json; charset=utf-8 239.5694ms
2026-06-12 11:45:50.506 +01:00 [INF] Request starting HTTP/2 GET https://localhost:7231/api/maintenance - null null
2026-06-12 11:45:50.553 +01:00 [INF] Executing endpoint 'GestaoDeFrotas.Controllers.ManutencaoController.GetAll (GestoreDeFrotas)'
2026-06-12 11:45:50.676 +01:00 [INF] Route matched with {action = "GetAll", controller = "Manutencao"}. Executing controller action with signature System.Threading.Tasks.Task`1[Microsoft.AspNetCore.Mvc.IActionResult] GetAll() on controller GestaoDeFrotas.Controllers.ManutencaoController (GestoreDeFrotas).
2026-06-12 11:45:50.733 +01:00 [INF] Executed DbCommand (4ms) [Parameters=[], CommandType='"Text"', CommandTimeout='30']
SELECT [r].[Id], [r].[Custo], [r].[Data], [r].[Descricao], [r].[Km], [r].[RealizadoPor], [r].[VeiculoId]
FROM [RegistosManutencao] AS [r]
2026-06-12 11:45:50.769 +01:00 [INF] Executing OkObjectResult, writing value of type 'System.Collections.Generic.List`1[[GestoreDeFrotas.Models.RegistoManutencao, GestoreDeFrotas, Version=1.0.0.0, Culture=neutral, PublicKeyToken=null]]'.
2026-06-12 11:45:50.779 +01:00 [INF] Executed action GestaoDeFrotas.Controllers.ManutencaoController.GetAll (GestoreDeFrotas) in 92.0923ms
2026-06-12 11:45:50.785 +01:00 [INF] Executed endpoint 'GestaoDeFrotas.Controllers.ManutencaoController.GetAll (GestoreDeFrotas)'
2026-06-12 11:45:50.789 +01:00 [INF] Request finished HTTP/2 GET https://localhost:7231/api/maintenance - 200 null application/json; charset=utf-8 282.8617ms
2026-06-12 11:46:10.441 +01:00 [INF] Request starting HTTP/2 GET https://localhost:7231/api/maintenance/estado - null null
2026-06-12 11:46:10.452 +01:00 [INF] Executing endpoint 'GestaoDeFrotas.Controllers.ManutencaoController.Estado (GestoreDeFrotas)'
2026-06-12 11:46:10.465 +01:00 [INF] Route matched with {action = "Estado", controller = "Manutencao"}. Executing controller action with signature System.Threading.Tasks.Task`1[Microsoft.AspNetCore.Mvc.IActionResult] Estado() on controller GestaoDeFrotas.Controllers.ManutencaoController (GestoreDeFrotas).
2026-06-12 11:46:10.497 +01:00 [INF] Executed DbCommand (5ms) [Parameters=[], CommandType='"Text"', CommandTimeout='30']
SELECT [v].[Id], [v].[Ano], [v].[CategoriaUsuario], [v].[CondutorHabitualId], [v].[Cor], [v].[DataProximaIpo], [v].[EstaAtivo], [v].[Estado], [v].[IntervaloManutencaoKm], [v].[KmAtual], [v].[Marca], [v].[Matricula], [v].[Modelo], [v].[TecnicoResponsavelId], [v].[UltimaManutencaoData], [v].[UltimaManutencaoKm]
FROM [Veiculos] AS [v]
2026-06-12 11:46:10.507 +01:00 [INF] Executing OkObjectResult, writing value of type 'System.Collections.Generic.List`1[[System.Object, System.Private.CoreLib, Version=9.0.0.0, Culture=neutral, PublicKeyToken=7cec85d7bea7798e]]'.
2026-06-12 11:46:10.552 +01:00 [INF] Executed action GestaoDeFrotas.Controllers.ManutencaoController.Estado (GestoreDeFrotas) in 78.2857ms
2026-06-12 11:46:10.558 +01:00 [INF] Executed endpoint 'GestaoDeFrotas.Controllers.ManutencaoController.Estado (GestoreDeFrotas)'
2026-06-12 11:47:02.712 +01:00 [INF] Executed DbCommand (71ms) [Parameters=[], CommandType='"Text"', CommandTimeout='30']
SELECT 1
2026-06-12 11:47:02.906 +01:00 [INF] Acquiring an exclusive lock for migration application. See https://aka.ms/efcore-docs-migrations-lock for more information if this takes too long.
2026-06-12 11:47:02.964 +01:00 [INF] Executed DbCommand (42ms) [Parameters=[], CommandType='"Text"', CommandTimeout='30']
DECLARE @result int;
EXEC @result = sp_getapplock @Resource = '__EFMigrationsLock', @LockOwner = 'Session', @LockMode = 'Exclusive';
SELECT @result
2026-06-12 11:47:03.190 +01:00 [INF] Executed DbCommand (23ms) [Parameters=[], CommandType='"Text"', CommandTimeout='30']
IF OBJECT_ID(N'[__EFMigrationsHistory]') IS NULL
BEGIN
    CREATE TABLE [__EFMigrationsHistory] (
        [MigrationId] nvarchar(150) NOT NULL,
        [ProductVersion] nvarchar(32) NOT NULL,
        CONSTRAINT [PK___EFMigrationsHistory] PRIMARY KEY ([MigrationId])
    );
END;
2026-06-12 11:47:03.225 +01:00 [INF] Executed DbCommand (1ms) [Parameters=[], CommandType='"Text"', CommandTimeout='30']
SELECT 1
2026-06-12 11:47:03.232 +01:00 [INF] Executed DbCommand (1ms) [Parameters=[], CommandType='"Text"', CommandTimeout='30']
SELECT OBJECT_ID(N'[__EFMigrationsHistory]');
2026-06-12 11:47:03.259 +01:00 [INF] Executed DbCommand (19ms) [Parameters=[], CommandType='"Text"', CommandTimeout='30']
SELECT [MigrationId], [ProductVersion]
FROM [__EFMigrationsHistory]
ORDER BY [MigrationId];
2026-06-12 11:47:03.284 +01:00 [INF] No migrations were applied. The database is already up to date.
2026-06-12 11:47:03.292 +01:00 [INF] Executed DbCommand (4ms) [Parameters=[], CommandType='"Text"', CommandTimeout='30']
DECLARE @result int;
EXEC @result = sp_releaseapplock @Resource = '__EFMigrationsLock', @LockOwner = 'Session';
SELECT @result
2026-06-12 11:47:04.072 +01:00 [INF] Executed DbCommand (33ms) [Parameters=[], CommandType='"Text"', CommandTimeout='30']
SELECT CASE
    WHEN EXISTS (
        SELECT 1
        FROM [Veiculos] AS [v]) THEN CAST(1 AS bit)
    ELSE CAST(0 AS bit)
END
2026-06-12 11:47:04.123 +01:00 [INF] Executed DbCommand (22ms) [Parameters=[], CommandType='"Text"', CommandTimeout='30']
SELECT CASE
    WHEN EXISTS (
        SELECT 1
        FROM [RegistosManutencao] AS [r]) THEN CAST(1 AS bit)
    ELSE CAST(0 AS bit)
END
2026-06-12 11:47:04.239 +01:00 [INF] Executed DbCommand (1ms) [Parameters=[], CommandType='"Text"', CommandTimeout='30']
SELECT 1
2026-06-12 11:47:04.330 +01:00 [INF] Executed DbCommand (75ms) [Parameters=[], CommandType='"Text"', CommandTimeout='30']

IF EXISTS
    (SELECT *
     FROM [sys].[objects] o
     WHERE [o].[type] = 'U'
     AND [o].[is_ms_shipped] = 0
     AND NOT EXISTS (SELECT *
         FROM [sys].[extended_properties] AS [ep]
         WHERE [ep].[major_id] = [o].[object_id]
             AND [ep].[minor_id] = 0
             AND [ep].[class] = 1
             AND [ep].[name] = N'microsoft_database_tools_support'
    )
)
SELECT 1 ELSE SELECT 0
2026-06-12 11:47:04.351 +01:00 [INF] Executed DbCommand (9ms) [Parameters=[], CommandType='"Text"', CommandTimeout='30']
SELECT CASE
    WHEN EXISTS (
        SELECT 1
        FROM [Veiculos] AS [v]) THEN CAST(1 AS bit)
    ELSE CAST(0 AS bit)
END
2026-06-12 11:47:04.381 +01:00 [INF] Executed DbCommand (11ms) [Parameters=[], CommandType='"Text"', CommandTimeout='30']
SELECT CASE
    WHEN EXISTS (
        SELECT 1
        FROM [Viagens] AS [v]) THEN CAST(1 AS bit)
    ELSE CAST(0 AS bit)
END
2026-06-12 11:47:04.832 +01:00 [INF] User profile is available. Using 'C:\Users\harri\AppData\Local\ASP.NET\DataProtection-Keys' as key repository and Windows DPAPI to encrypt keys at rest.
2026-06-12 11:47:05.857 +01:00 [INF] Now listening on: https://localhost:7231
2026-06-12 11:47:05.860 +01:00 [INF] Now listening on: http://localhost:5256
2026-06-12 11:47:06.267 +01:00 [INF] Application started. Press Ctrl+C to shut down.
2026-06-12 11:47:06.300 +01:00 [INF] Hosting environment: Development
2026-06-12 11:47:06.303 +01:00 [INF] Content root path: C:\Users\harri\OneDrive\Escritorio\Visual Studio\GestoreDeFrotas\Src
2026-06-12 12:06:15.434 +01:00 [INF] Request starting HTTP/2 GET https://localhost:7231/api/maintenance/estado - null null
2026-06-12 12:06:15.712 +01:00 [INF] Executing endpoint 'GestaoDeFrotas.Controllers.ManutencaoController.Estado (GestoreDeFrotas)'
2026-06-12 12:06:15.750 +01:00 [INF] Route matched with {action = "Estado", controller = "Manutencao"}. Executing controller action with signature System.Threading.Tasks.Task`1[Microsoft.AspNetCore.Mvc.IActionResult] Estado() on controller GestaoDeFrotas.Controllers.ManutencaoController (GestoreDeFrotas).
2026-06-12 12:06:17.651 +01:00 [INF] Executed DbCommand (45ms) [Parameters=[], CommandType='"Text"', CommandTimeout='30']
SELECT [v].[Id], [v].[Ano], [v].[CategoriaUsuario], [v].[CondutorHabitualId], [v].[Cor], [v].[DataProximaIpo], [v].[EstaAtivo], [v].[Estado], [v].[IntervaloManutencaoKm], [v].[KmAtual], [v].[Marca], [v].[Matricula], [v].[Modelo], [v].[TecnicoResponsavelId], [v].[UltimaManutencaoData], [v].[UltimaManutencaoKm]
FROM [Veiculos] AS [v]
2026-06-12 12:06:17.764 +01:00 [INF] Executing OkObjectResult, writing value of type 'System.Collections.Generic.List`1[[System.Object, System.Private.CoreLib, Version=9.0.0.0, Culture=neutral, PublicKeyToken=7cec85d7bea7798e]]'.
2026-06-12 12:06:17.814 +01:00 [INF] Executed action GestaoDeFrotas.Controllers.ManutencaoController.Estado (GestoreDeFrotas) in 2058.5225ms
2026-06-12 12:06:17.819 +01:00 [INF] Executed endpoint 'GestaoDeFrotas.Controllers.ManutencaoController.Estado (GestoreDeFrotas)'
2026-06-12 12:09:01.463 +01:00 [INF] Executed DbCommand (80ms) [Parameters=[], CommandType='"Text"', CommandTimeout='30']
SELECT 1
2026-06-12 12:09:01.592 +01:00 [INF] Acquiring an exclusive lock for migration application. See https://aka.ms/efcore-docs-migrations-lock for more information if this takes too long.
2026-06-12 12:09:01.762 +01:00 [INF] Executed DbCommand (161ms) [Parameters=[], CommandType='"Text"', CommandTimeout='30']
DECLARE @result int;
EXEC @result = sp_getapplock @Resource = '__EFMigrationsLock', @LockOwner = 'Session', @LockMode = 'Exclusive';
SELECT @result
2026-06-12 12:09:01.934 +01:00 [INF] Executed DbCommand (29ms) [Parameters=[], CommandType='"Text"', CommandTimeout='30']
IF OBJECT_ID(N'[__EFMigrationsHistory]') IS NULL
BEGIN
    CREATE TABLE [__EFMigrationsHistory] (
        [MigrationId] nvarchar(150) NOT NULL,
        [ProductVersion] nvarchar(32) NOT NULL,
        CONSTRAINT [PK___EFMigrationsHistory] PRIMARY KEY ([MigrationId])
    );
END;
2026-06-12 12:09:01.950 +01:00 [INF] Executed DbCommand (1ms) [Parameters=[], CommandType='"Text"', CommandTimeout='30']
SELECT 1
2026-06-12 12:09:01.957 +01:00 [INF] Executed DbCommand (3ms) [Parameters=[], CommandType='"Text"', CommandTimeout='30']
SELECT OBJECT_ID(N'[__EFMigrationsHistory]');
2026-06-12 12:09:01.984 +01:00 [INF] Executed DbCommand (20ms) [Parameters=[], CommandType='"Text"', CommandTimeout='30']
SELECT [MigrationId], [ProductVersion]
FROM [__EFMigrationsHistory]
ORDER BY [MigrationId];
2026-06-12 12:09:02.004 +01:00 [INF] Applying migration '20260612110839_UpdateVehicleModels'.
2026-06-12 12:09:02.116 +01:00 [INF] Executed DbCommand (96ms) [Parameters=[], CommandType='"Text"', CommandTimeout='30']
INSERT INTO [__EFMigrationsHistory] ([MigrationId], [ProductVersion])
VALUES (N'20260612110839_UpdateVehicleModels', N'9.0.16');
2026-06-12 12:09:02.129 +01:00 [INF] Executed DbCommand (8ms) [Parameters=[], CommandType='"Text"', CommandTimeout='30']
DECLARE @result int;
EXEC @result = sp_releaseapplock @Resource = '__EFMigrationsLock', @LockOwner = 'Session';
SELECT @result
2026-06-12 12:09:02.614 +01:00 [INF] Executed DbCommand (46ms) [Parameters=[], CommandType='"Text"', CommandTimeout='30']
SELECT CASE
    WHEN EXISTS (
        SELECT 1
        FROM [Veiculos] AS [v]) THEN CAST(1 AS bit)
    ELSE CAST(0 AS bit)
END
2026-06-12 12:09:02.637 +01:00 [INF] Executed DbCommand (5ms) [Parameters=[], CommandType='"Text"', CommandTimeout='30']
SELECT CASE
    WHEN EXISTS (
        SELECT 1
        FROM [RegistosManutencao] AS [r]) THEN CAST(1 AS bit)
    ELSE CAST(0 AS bit)
END
2026-06-12 12:09:02.738 +01:00 [INF] Executed DbCommand (1ms) [Parameters=[], CommandType='"Text"', CommandTimeout='30']
SELECT 1
2026-06-12 12:09:02.928 +01:00 [INF] Executed DbCommand (186ms) [Parameters=[], CommandType='"Text"', CommandTimeout='30']

IF EXISTS
    (SELECT *
     FROM [sys].[objects] o
     WHERE [o].[type] = 'U'
     AND [o].[is_ms_shipped] = 0
     AND NOT EXISTS (SELECT *
         FROM [sys].[extended_properties] AS [ep]
         WHERE [ep].[major_id] = [o].[object_id]
             AND [ep].[minor_id] = 0
             AND [ep].[class] = 1
             AND [ep].[name] = N'microsoft_database_tools_support'
    )
)
SELECT 1 ELSE SELECT 0
2026-06-12 12:09:02.939 +01:00 [INF] Executed DbCommand (4ms) [Parameters=[], CommandType='"Text"', CommandTimeout='30']
SELECT CASE
    WHEN EXISTS (
        SELECT 1
        FROM [Veiculos] AS [v]) THEN CAST(1 AS bit)
    ELSE CAST(0 AS bit)
END
2026-06-12 12:09:02.953 +01:00 [INF] Executed DbCommand (4ms) [Parameters=[], CommandType='"Text"', CommandTimeout='30']
SELECT CASE
    WHEN EXISTS (
        SELECT 1
        FROM [Viagens] AS [v]) THEN CAST(1 AS bit)
    ELSE CAST(0 AS bit)
END
2026-06-12 12:09:03.181 +01:00 [INF] User profile is available. Using 'C:\Users\harri\AppData\Local\ASP.NET\DataProtection-Keys' as key repository and Windows DPAPI to encrypt keys at rest.
2026-06-12 12:09:03.431 +01:00 [INF] Now listening on: http://localhost:5256
2026-06-12 12:09:03.437 +01:00 [INF] Application started. Press Ctrl+C to shut down.
2026-06-12 12:09:03.441 +01:00 [INF] Hosting environment: Development
2026-06-12 12:09:03.443 +01:00 [INF] Content root path: C:\Users\harri\OneDrive\Escritorio\Visual Studio\GestoreDeFrotas\Src
2026-06-12 12:09:22.172 +01:00 [INF] Application is shutting down...
2026-06-12 12:09:32.986 +01:00 [INF] Executed DbCommand (20ms) [Parameters=[], CommandType='"Text"', CommandTimeout='30']
SELECT 1
2026-06-12 12:09:33.066 +01:00 [INF] Acquiring an exclusive lock for migration application. See https://aka.ms/efcore-docs-migrations-lock for more information if this takes too long.
2026-06-12 12:09:33.122 +01:00 [INF] Executed DbCommand (50ms) [Parameters=[], CommandType='"Text"', CommandTimeout='30']
DECLARE @result int;
EXEC @result = sp_getapplock @Resource = '__EFMigrationsLock', @LockOwner = 'Session', @LockMode = 'Exclusive';
SELECT @result
2026-06-12 12:09:33.212 +01:00 [INF] Executed DbCommand (19ms) [Parameters=[], CommandType='"Text"', CommandTimeout='30']
IF OBJECT_ID(N'[__EFMigrationsHistory]') IS NULL
BEGIN
    CREATE TABLE [__EFMigrationsHistory] (
        [MigrationId] nvarchar(150) NOT NULL,
        [ProductVersion] nvarchar(32) NOT NULL,
        CONSTRAINT [PK___EFMigrationsHistory] PRIMARY KEY ([MigrationId])
    );
END;
2026-06-12 12:09:33.227 +01:00 [INF] Executed DbCommand (0ms) [Parameters=[], CommandType='"Text"', CommandTimeout='30']
SELECT 1
2026-06-12 12:09:33.234 +01:00 [INF] Executed DbCommand (1ms) [Parameters=[], CommandType='"Text"', CommandTimeout='30']
SELECT OBJECT_ID(N'[__EFMigrationsHistory]');
2026-06-12 12:09:33.270 +01:00 [INF] Executed DbCommand (31ms) [Parameters=[], CommandType='"Text"', CommandTimeout='30']
SELECT [MigrationId], [ProductVersion]
FROM [__EFMigrationsHistory]
ORDER BY [MigrationId];
2026-06-12 12:09:33.280 +01:00 [INF] No migrations were applied. The database is already up to date.
2026-06-12 12:09:33.288 +01:00 [INF] Executed DbCommand (2ms) [Parameters=[], CommandType='"Text"', CommandTimeout='30']
DECLARE @result int;
EXEC @result = sp_releaseapplock @Resource = '__EFMigrationsLock', @LockOwner = 'Session';
SELECT @result
2026-06-12 12:09:33.610 +01:00 [INF] Executed DbCommand (6ms) [Parameters=[], CommandType='"Text"', CommandTimeout='30']
SELECT CASE
    WHEN EXISTS (
        SELECT 1
        FROM [Veiculos] AS [v]) THEN CAST(1 AS bit)
    ELSE CAST(0 AS bit)
END
2026-06-12 12:09:33.627 +01:00 [INF] Executed DbCommand (2ms) [Parameters=[], CommandType='"Text"', CommandTimeout='30']
SELECT CASE
    WHEN EXISTS (
        SELECT 1
        FROM [RegistosManutencao] AS [r]) THEN CAST(1 AS bit)
    ELSE CAST(0 AS bit)
END
2026-06-12 12:09:33.687 +01:00 [INF] Executed DbCommand (1ms) [Parameters=[], CommandType='"Text"', CommandTimeout='30']
SELECT 1
2026-06-12 12:09:33.741 +01:00 [INF] Executed DbCommand (49ms) [Parameters=[], CommandType='"Text"', CommandTimeout='30']

IF EXISTS
    (SELECT *
     FROM [sys].[objects] o
     WHERE [o].[type] = 'U'
     AND [o].[is_ms_shipped] = 0
     AND NOT EXISTS (SELECT *
         FROM [sys].[extended_properties] AS [ep]
         WHERE [ep].[major_id] = [o].[object_id]
             AND [ep].[minor_id] = 0
             AND [ep].[class] = 1
             AND [ep].[name] = N'microsoft_database_tools_support'
    )
)
SELECT 1 ELSE SELECT 0
2026-06-12 12:09:33.751 +01:00 [INF] Executed DbCommand (5ms) [Parameters=[], CommandType='"Text"', CommandTimeout='30']
SELECT CASE
    WHEN EXISTS (
        SELECT 1
        FROM [Veiculos] AS [v]) THEN CAST(1 AS bit)
    ELSE CAST(0 AS bit)
END
2026-06-12 12:09:33.761 +01:00 [INF] Executed DbCommand (3ms) [Parameters=[], CommandType='"Text"', CommandTimeout='30']
SELECT CASE
    WHEN EXISTS (
        SELECT 1
        FROM [Viagens] AS [v]) THEN CAST(1 AS bit)
    ELSE CAST(0 AS bit)
END
2026-06-12 12:09:33.867 +01:00 [INF] User profile is available. Using 'C:\Users\harri\AppData\Local\ASP.NET\DataProtection-Keys' as key repository and Windows DPAPI to encrypt keys at rest.
2026-06-12 12:09:33.990 +01:00 [INF] Now listening on: http://localhost:5256
2026-06-12 12:09:33.995 +01:00 [INF] Application started. Press Ctrl+C to shut down.
2026-06-12 12:09:33.999 +01:00 [INF] Hosting environment: Development
2026-06-12 12:09:34.017 +01:00 [INF] Content root path: C:\Users\harri\OneDrive\Escritorio\Visual Studio\GestoreDeFrotas\Src
2026-06-12 12:10:15.596 +01:00 [INF] Application is shutting down...
2026-06-12 12:19:16.881 +01:00 [INF] Executed DbCommand (24ms) [Parameters=[], CommandType='"Text"', CommandTimeout='30']
SELECT 1
2026-06-12 12:19:16.942 +01:00 [INF] Acquiring an exclusive lock for migration application. See https://aka.ms/efcore-docs-migrations-lock for more information if this takes too long.
2026-06-12 12:19:17.242 +01:00 [INF] Executed DbCommand (294ms) [Parameters=[], CommandType='"Text"', CommandTimeout='30']
DECLARE @result int;
EXEC @result = sp_getapplock @Resource = '__EFMigrationsLock', @LockOwner = 'Session', @LockMode = 'Exclusive';
SELECT @result
2026-06-12 12:19:17.346 +01:00 [INF] Executed DbCommand (23ms) [Parameters=[], CommandType='"Text"', CommandTimeout='30']
IF OBJECT_ID(N'[__EFMigrationsHistory]') IS NULL
BEGIN
    CREATE TABLE [__EFMigrationsHistory] (
        [MigrationId] nvarchar(150) NOT NULL,
        [ProductVersion] nvarchar(32) NOT NULL,
        CONSTRAINT [PK___EFMigrationsHistory] PRIMARY KEY ([MigrationId])
    );
END;
2026-06-12 12:19:17.357 +01:00 [INF] Executed DbCommand (0ms) [Parameters=[], CommandType='"Text"', CommandTimeout='30']
SELECT 1
2026-06-12 12:19:17.362 +01:00 [INF] Executed DbCommand (1ms) [Parameters=[], CommandType='"Text"', CommandTimeout='30']
SELECT OBJECT_ID(N'[__EFMigrationsHistory]');
2026-06-12 12:19:17.511 +01:00 [INF] Executed DbCommand (144ms) [Parameters=[], CommandType='"Text"', CommandTimeout='30']
SELECT [MigrationId], [ProductVersion]
FROM [__EFMigrationsHistory]
ORDER BY [MigrationId];
2026-06-12 12:19:17.524 +01:00 [INF] Applying migration '20260612111829_AtualizarModelosManutencao'.
2026-06-12 12:19:17.544 +01:00 [INF] Executed DbCommand (2ms) [Parameters=[], CommandType='"Text"', CommandTimeout='30']
INSERT INTO [__EFMigrationsHistory] ([MigrationId], [ProductVersion])
VALUES (N'20260612111829_AtualizarModelosManutencao', N'9.0.16');
2026-06-12 12:19:17.624 +01:00 [INF] Executed DbCommand (55ms) [Parameters=[], CommandType='"Text"', CommandTimeout='30']
DECLARE @result int;
EXEC @result = sp_releaseapplock @Resource = '__EFMigrationsLock', @LockOwner = 'Session';
SELECT @result
2026-06-12 15:44:58.161 +01:00 [INF] Executed DbCommand (32ms) [Parameters=[], CommandType='"Text"', CommandTimeout='30']
SELECT 1
2026-06-12 15:44:58.262 +01:00 [INF] Acquiring an exclusive lock for migration application. See https://aka.ms/efcore-docs-migrations-lock for more information if this takes too long.
2026-06-12 15:44:58.313 +01:00 [INF] Executed DbCommand (43ms) [Parameters=[], CommandType='"Text"', CommandTimeout='30']
DECLARE @result int;
EXEC @result = sp_getapplock @Resource = '__EFMigrationsLock', @LockOwner = 'Session', @LockMode = 'Exclusive';
SELECT @result
2026-06-12 15:44:58.428 +01:00 [INF] Executed DbCommand (3ms) [Parameters=[], CommandType='"Text"', CommandTimeout='30']
=======
2026-06-12 14:18:35.796 +01:00 [INF] Executed DbCommand (2ms) [Parameters=[], CommandType='"Text"', CommandTimeout='30']
INSERT INTO [__EFMigrationsHistory] ([MigrationId], [ProductVersion])
VALUES (N'20260612093204_PermitirDestinatarioOpcional', N'9.0.16');
2026-06-12 14:18:35.803 +01:00 [INF] Applying migration '20260612094435_PontoMarcar'.
2026-06-12 14:18:35.818 +01:00 [INF] Executed DbCommand (3ms) [Parameters=[], CommandType='"Text"', CommandTimeout='30']
INSERT INTO [__EFMigrationsHistory] ([MigrationId], [ProductVersion])
VALUES (N'20260612094435_PontoMarcar', N'9.0.16');
2026-06-12 14:18:35.824 +01:00 [INF] Applying migration '20260612110839_UpdateVehicleModels'.
2026-06-12 14:18:35.839 +01:00 [INF] Executed DbCommand (2ms) [Parameters=[], CommandType='"Text"', CommandTimeout='30']
INSERT INTO [__EFMigrationsHistory] ([MigrationId], [ProductVersion])
VALUES (N'20260612110839_UpdateVehicleModels', N'9.0.16');
2026-06-12 14:18:35.845 +01:00 [INF] Applying migration '20260612111829_AtualizarModelosManutencao'.
2026-06-12 14:18:35.865 +01:00 [INF] Executed DbCommand (2ms) [Parameters=[], CommandType='"Text"', CommandTimeout='30']
INSERT INTO [__EFMigrationsHistory] ([MigrationId], [ProductVersion])
VALUES (N'20260612111829_AtualizarModelosManutencao', N'9.0.16');
2026-06-12 14:18:35.874 +01:00 [INF] Applying migration '20260612131545_LimpezaCodigo'.
2026-06-12 14:18:35.889 +01:00 [INF] Executed DbCommand (1ms) [Parameters=[], CommandType='"Text"', CommandTimeout='30']
INSERT INTO [__EFMigrationsHistory] ([MigrationId], [ProductVersion])
VALUES (N'20260612131545_LimpezaCodigo', N'9.0.16');
2026-06-12 14:18:35.934 +01:00 [INF] Executed DbCommand (26ms) [Parameters=[], CommandType='"Text"', CommandTimeout='30']
DECLARE @result int;
EXEC @result = sp_releaseapplock @Resource = '__EFMigrationsLock', @LockOwner = 'Session';
SELECT @result
2026-06-12 14:18:52.724 +01:00 [INF] Executed DbCommand (45ms) [Parameters=[], CommandType='"Text"', CommandTimeout='30']
SELECT 1
2026-06-12 14:18:52.877 +01:00 [INF] Acquiring an exclusive lock for migration application. See https://aka.ms/efcore-docs-migrations-lock for more information if this takes too long.
2026-06-12 14:18:52.939 +01:00 [INF] Executed DbCommand (54ms) [Parameters=[], CommandType='"Text"', CommandTimeout='30']
DECLARE @result int;
EXEC @result = sp_getapplock @Resource = '__EFMigrationsLock', @LockOwner = 'Session', @LockMode = 'Exclusive';
SELECT @result
2026-06-12 14:18:53.204 +01:00 [INF] Executed DbCommand (97ms) [Parameters=[], CommandType='"Text"', CommandTimeout='30']
>>>>>>> 6bb5cd578a5a39f2036ef9d03d05b62c1b93443e
IF OBJECT_ID(N'[__EFMigrationsHistory]') IS NULL
BEGIN
    CREATE TABLE [__EFMigrationsHistory] (
        [MigrationId] nvarchar(150) NOT NULL,
        [ProductVersion] nvarchar(32) NOT NULL,
        CONSTRAINT [PK___EFMigrationsHistory] PRIMARY KEY ([MigrationId])
    );
END;
<<<<<<< HEAD
2026-06-12 15:44:58.443 +01:00 [INF] Executed DbCommand (1ms) [Parameters=[], CommandType='"Text"', CommandTimeout='30']
SELECT 1
2026-06-12 15:44:58.446 +01:00 [INF] Executed DbCommand (1ms) [Parameters=[], CommandType='"Text"', CommandTimeout='30']
SELECT OBJECT_ID(N'[__EFMigrationsHistory]');
2026-06-12 15:44:58.465 +01:00 [INF] Executed DbCommand (13ms) [Parameters=[], CommandType='"Text"', CommandTimeout='30']
SELECT [MigrationId], [ProductVersion]
FROM [__EFMigrationsHistory]
ORDER BY [MigrationId];
2026-06-12 15:44:58.477 +01:00 [INF] No migrations were applied. The database is already up to date.
2026-06-12 15:44:58.486 +01:00 [INF] Executed DbCommand (7ms) [Parameters=[], CommandType='"Text"', CommandTimeout='30']
DECLARE @result int;
EXEC @result = sp_releaseapplock @Resource = '__EFMigrationsLock', @LockOwner = 'Session';
SELECT @result
2026-06-12 15:44:58.871 +01:00 [INF] Executed DbCommand (8ms) [Parameters=[], CommandType='"Text"', CommandTimeout='30']
=======
2026-06-12 14:18:53.219 +01:00 [INF] Executed DbCommand (0ms) [Parameters=[], CommandType='"Text"', CommandTimeout='30']
SELECT 1
2026-06-12 14:18:53.223 +01:00 [INF] Executed DbCommand (1ms) [Parameters=[], CommandType='"Text"', CommandTimeout='30']
SELECT OBJECT_ID(N'[__EFMigrationsHistory]');
2026-06-12 14:18:53.234 +01:00 [INF] Executed DbCommand (5ms) [Parameters=[], CommandType='"Text"', CommandTimeout='30']
SELECT [MigrationId], [ProductVersion]
FROM [__EFMigrationsHistory]
ORDER BY [MigrationId];
2026-06-12 14:18:53.249 +01:00 [INF] No migrations were applied. The database is already up to date.
2026-06-12 14:18:53.256 +01:00 [INF] Executed DbCommand (5ms) [Parameters=[], CommandType='"Text"', CommandTimeout='30']
DECLARE @result int;
EXEC @result = sp_releaseapplock @Resource = '__EFMigrationsLock', @LockOwner = 'Session';
SELECT @result
2026-06-12 14:18:53.727 +01:00 [INF] Executed DbCommand (16ms) [Parameters=[], CommandType='"Text"', CommandTimeout='30']
>>>>>>> 6bb5cd578a5a39f2036ef9d03d05b62c1b93443e
SELECT CASE
    WHEN EXISTS (
        SELECT 1
        FROM [Veiculos] AS [v]) THEN CAST(1 AS bit)
    ELSE CAST(0 AS bit)
END
<<<<<<< HEAD
2026-06-12 15:44:58.883 +01:00 [INF] Executed DbCommand (3ms) [Parameters=[], CommandType='"Text"', CommandTimeout='30']
=======
2026-06-12 14:18:53.745 +01:00 [INF] Executed DbCommand (4ms) [Parameters=[], CommandType='"Text"', CommandTimeout='30']
>>>>>>> 6bb5cd578a5a39f2036ef9d03d05b62c1b93443e
SELECT CASE
    WHEN EXISTS (
        SELECT 1
        FROM [RegistosManutencao] AS [r]) THEN CAST(1 AS bit)
    ELSE CAST(0 AS bit)
END
<<<<<<< HEAD
2026-06-12 15:44:58.996 +01:00 [INF] Executed DbCommand (1ms) [Parameters=[], CommandType='"Text"', CommandTimeout='30']
SELECT 1
2026-06-12 15:44:59.061 +01:00 [INF] Executed DbCommand (62ms) [Parameters=[], CommandType='"Text"', CommandTimeout='30']
=======
2026-06-12 14:18:53.853 +01:00 [INF] Executed DbCommand (7ms) [Parameters=[], CommandType='"Text"', CommandTimeout='30']
SELECT 1
2026-06-12 14:18:54.002 +01:00 [INF] Executed DbCommand (120ms) [Parameters=[], CommandType='"Text"', CommandTimeout='30']
>>>>>>> 6bb5cd578a5a39f2036ef9d03d05b62c1b93443e

IF EXISTS
    (SELECT *
     FROM [sys].[objects] o
     WHERE [o].[type] = 'U'
     AND [o].[is_ms_shipped] = 0
     AND NOT EXISTS (SELECT *
         FROM [sys].[extended_properties] AS [ep]
         WHERE [ep].[major_id] = [o].[object_id]
             AND [ep].[minor_id] = 0
             AND [ep].[class] = 1
             AND [ep].[name] = N'microsoft_database_tools_support'
    )
)
SELECT 1 ELSE SELECT 0
<<<<<<< HEAD
2026-06-12 15:44:59.066 +01:00 [INF] Executed DbCommand (0ms) [Parameters=[], CommandType='"Text"', CommandTimeout='30']
=======
2026-06-12 14:18:54.014 +01:00 [INF] Executed DbCommand (3ms) [Parameters=[], CommandType='"Text"', CommandTimeout='30']
>>>>>>> 6bb5cd578a5a39f2036ef9d03d05b62c1b93443e
SELECT CASE
    WHEN EXISTS (
        SELECT 1
        FROM [Veiculos] AS [v]) THEN CAST(1 AS bit)
    ELSE CAST(0 AS bit)
END
<<<<<<< HEAD
2026-06-12 15:44:59.076 +01:00 [INF] Executed DbCommand (3ms) [Parameters=[], CommandType='"Text"', CommandTimeout='30']
=======
2026-06-12 14:18:54.127 +01:00 [INF] Executed DbCommand (101ms) [Parameters=[], CommandType='"Text"', CommandTimeout='30']
>>>>>>> 6bb5cd578a5a39f2036ef9d03d05b62c1b93443e
SELECT CASE
    WHEN EXISTS (
        SELECT 1
        FROM [Viagens] AS [v]) THEN CAST(1 AS bit)
    ELSE CAST(0 AS bit)
END
<<<<<<< HEAD
2026-06-12 15:44:59.355 +01:00 [INF] User profile is available. Using 'C:\Users\harri\AppData\Local\ASP.NET\DataProtection-Keys' as key repository and Windows DPAPI to encrypt keys at rest.
2026-06-12 15:45:00.051 +01:00 [INF] Now listening on: https://localhost:7231
2026-06-12 15:45:00.052 +01:00 [INF] Now listening on: http://localhost:5256
2026-06-12 15:45:00.153 +01:00 [INF] Application started. Press Ctrl+C to shut down.
2026-06-12 15:45:00.159 +01:00 [INF] Hosting environment: Development
2026-06-12 15:45:00.161 +01:00 [INF] Content root path: C:\Users\harri\OneDrive\Escritorio\Visual Studio\GestoreDeFrotas\Src
2026-06-12 15:45:28.988 +01:00 [INF] Request starting HTTP/2 GET https://localhost:7231/swagger/index.html - null null
2026-06-12 15:45:29.405 +01:00 [INF] Request finished HTTP/2 GET https://localhost:7231/swagger/index.html - 200 null text/html;charset=utf-8 436.6311ms
2026-06-12 15:45:29.445 +01:00 [INF] Request starting HTTP/2 GET https://localhost:7231/swagger/index.js - null null
2026-06-12 15:45:29.459 +01:00 [INF] Request finished HTTP/2 GET https://localhost:7231/swagger/index.js - 200 null application/javascript;charset=utf-8 13.5262ms
2026-06-12 15:45:30.061 +01:00 [INF] Request starting HTTP/2 GET https://localhost:7231/_framework/aspnetcore-browser-refresh.js - null null
2026-06-12 15:45:30.061 +01:00 [INF] Request starting HTTP/2 GET https://localhost:7231/_vs/browserLink - null null
2026-06-12 15:45:30.084 +01:00 [INF] Request finished HTTP/2 GET https://localhost:7231/_framework/aspnetcore-browser-refresh.js - 200 14935 application/javascript; charset=utf-8 23.1361ms
2026-06-12 15:45:30.146 +01:00 [INF] Request finished HTTP/2 GET https://localhost:7231/_vs/browserLink - 200 null text/javascript; charset=UTF-8 85.4114ms
2026-06-12 15:45:31.711 +01:00 [INF] Request starting HTTP/2 GET https://localhost:7231/swagger/v1/swagger.json - null null
2026-06-12 15:45:31.759 +01:00 [INF] Request finished HTTP/2 GET https://localhost:7231/swagger/v1/swagger.json - 200 null application/json;charset=utf-8 48.1033ms
2026-06-12 15:46:07.112 +01:00 [INF] Request starting HTTP/2 POST https://localhost:7231/api/auth/teste-token?cargo=Admin - null 0
2026-06-12 15:46:07.303 +01:00 [INF] Executing endpoint 'HTTP: POST /api/auth/teste-token'
2026-06-12 15:46:07.398 +01:00 [INF] Setting HTTP status code 200.
2026-06-12 15:46:07.404 +01:00 [INF] Writing value of type '<>f__AnonymousType22`1' as Json.
2026-06-12 15:46:07.409 +01:00 [INF] Executed endpoint 'HTTP: POST /api/auth/teste-token'
2026-06-12 15:46:07.444 +01:00 [INF] Request finished HTTP/2 POST https://localhost:7231/api/auth/teste-token?cargo=Admin - 200 null application/json; charset=utf-8 333.7009ms
2026-06-12 15:47:02.012 +01:00 [INF] Request starting HTTP/2 GET https://localhost:7231/api/vehicles/36/historico-pdf - null null
2026-06-12 15:47:02.127 +01:00 [INF] Executing endpoint 'GestoreDeFrotas.Controllers.VeiculosController.ExportarHistoricoPdf (GestoreDeFrotas)'
2026-06-12 15:47:02.181 +01:00 [INF] Route matched with {action = "ExportarHistoricoPdf", controller = "Veiculos"}. Executing controller action with signature System.Threading.Tasks.Task`1[Microsoft.AspNetCore.Mvc.IActionResult] ExportarHistoricoPdf(Int32) on controller GestoreDeFrotas.Controllers.VeiculosController (GestoreDeFrotas).
2026-06-12 15:47:02.489 +01:00 [INF] Executed DbCommand (71ms) [Parameters=[@__p_0='?' (DbType = Int32)], CommandType='"Text"', CommandTimeout='30']
SELECT TOP(1) [v].[Id], [v].[Ano], [v].[CategoriaUsuario], [v].[CondutorHabitualId], [v].[Cor], [v].[DataProximaIpo], [v].[EstaAtivo], [v].[Estado], [v].[IntervaloManutencaoKm], [v].[KmAtual], [v].[Marca], [v].[Matricula], [v].[Modelo], [v].[TecnicoResponsavelId], [v].[UltimaManutencaoData], [v].[UltimaManutencaoKm]
FROM [Veiculos] AS [v]
WHERE [v].[Id] = @__p_0
2026-06-12 15:47:02.610 +01:00 [INF] Executed DbCommand (4ms) [Parameters=[@__id_0='?' (DbType = Int32)], CommandType='"Text"', CommandTimeout='30']
SELECT [v].[Id], [v].[CondutorPrincipalId], [v].[CondutorSecundarioId], [v].[DataFim], [v].[DataInicio], [v].[DataLimitePrevista], [v].[EstaAtiva], [v].[KmFinais], [v].[KmIniciais], [v].[ObservacoesEntrega], [v].[PediuProrrogacao], [v].[TecnicoLevantamentoId], [v].[TecnicoRecebimentoId], [v].[VeiculoId]
FROM [Viagens] AS [v]
WHERE [v].[VeiculoId] = @__id_0
ORDER BY [v].[DataInicio] DESC
2026-06-12 15:47:02.653 +01:00 [INF] Executed DbCommand (8ms) [Parameters=[@__id_0='?' (DbType = Int32)], CommandType='"Text"', CommandTimeout='30']
SELECT [a].[Id], [a].[Combustivel], [a].[ConsumoMedio], [a].[CustoTotal], [a].[Data], [a].[FaturaPath], [a].[KmAtual], [a].[KmPorLitro], [a].[Litros], [a].[Posto], [a].[PrecoPorLitro], [a].[VeiculoId]
FROM [Abastecimentos] AS [a]
WHERE [a].[VeiculoId] = @__id_0
ORDER BY [a].[Data] DESC
2026-06-12 15:47:04.206 +01:00 [INF] Executing FileStreamResult, sending file with download name 'Historico_Veiculo_R4-MX-ZN_20260612.pdf' ...
2026-06-12 15:47:04.232 +01:00 [INF] Executed action GestoreDeFrotas.Controllers.VeiculosController.ExportarHistoricoPdf (GestoreDeFrotas) in 2043.9144ms
2026-06-12 15:47:04.235 +01:00 [INF] Executed endpoint 'GestoreDeFrotas.Controllers.VeiculosController.ExportarHistoricoPdf (GestoreDeFrotas)'
2026-06-12 15:47:04.242 +01:00 [INF] Request finished HTTP/2 GET https://localhost:7231/api/vehicles/36/historico-pdf - 200 58845 application/pdf 2230.6279ms
2026-06-12 15:50:25.106 +01:00 [INF] Request starting HTTP/2 POST https://localhost:7231/api/Viagens/verificar-atrasos - null 0
2026-06-12 15:50:25.112 +01:00 [INF] Executing endpoint 'GestoreDeFrotas.Controllers.ViagensController.VerificarAtrasos (GestoreDeFrotas)'
2026-06-12 15:50:25.117 +01:00 [INF] Route matched with {action = "VerificarAtrasos", controller = "Viagens"}. Executing controller action with signature System.Threading.Tasks.Task`1[Microsoft.AspNetCore.Mvc.IActionResult] VerificarAtrasos() on controller GestoreDeFrotas.Controllers.ViagensController (GestoreDeFrotas).
2026-06-12 15:50:25.154 +01:00 [INF] Executed DbCommand (6ms) [Parameters=[@__agora_0='?' (DbType = DateTime2)], CommandType='"Text"', CommandTimeout='30']
SELECT [v].[Id], [v].[CondutorPrincipalId], [v].[CondutorSecundarioId], [v].[DataFim], [v].[DataInicio], [v].[DataLimitePrevista], [v].[EstaAtiva], [v].[KmFinais], [v].[KmIniciais], [v].[ObservacoesEntrega], [v].[PediuProrrogacao], [v].[TecnicoLevantamentoId], [v].[TecnicoRecebimentoId], [v].[VeiculoId]
FROM [Viagens] AS [v]
WHERE [v].[EstaAtiva] = CAST(1 AS bit) AND @__agora_0 > [v].[DataLimitePrevista]
2026-06-12 15:50:25.196 +01:00 [INF] Executed DbCommand (20ms) [Parameters=[@__viagem_CondutorPrincipalId_0='?' (Size = 4000)], CommandType='"Text"', CommandTimeout='30']
SELECT CASE
    WHEN EXISTS (
        SELECT 1
        FROM [Notificacoes] AS [n]
        WHERE [n].[DestinatarioId] = @__viagem_CondutorPrincipalId_0 AND [n].[Lida] = CAST(0 AS bit) AND [n].[Mensagem] LIKE N'%Excedeu o tempo limite%') THEN CAST(1 AS bit)
    ELSE CAST(0 AS bit)
END
2026-06-12 15:50:25.206 +01:00 [INF] Executed DbCommand (2ms) [Parameters=[@__p_0='?' (DbType = Int32)], CommandType='"Text"', CommandTimeout='30']
SELECT TOP(1) [v].[Id], [v].[Ano], [v].[CategoriaUsuario], [v].[CondutorHabitualId], [v].[Cor], [v].[DataProximaIpo], [v].[EstaAtivo], [v].[Estado], [v].[IntervaloManutencaoKm], [v].[KmAtual], [v].[Marca], [v].[Matricula], [v].[Modelo], [v].[TecnicoResponsavelId], [v].[UltimaManutencaoData], [v].[UltimaManutencaoKm]
FROM [Veiculos] AS [v]
WHERE [v].[Id] = @__p_0
2026-06-12 15:50:25.364 +01:00 [INF] Executed DbCommand (3ms) [Parameters=[@p0='?' (DbType = DateTime2), @p1='?' (Size = 4000), @p2='?' (Size = 4000), @p3='?' (DbType = Boolean), @p4='?' (Size = 4000), @p5='?' (DbType = Int32)], CommandType='"Text"', CommandTimeout='30']
SET IMPLICIT_TRANSACTIONS OFF;
SET NOCOUNT ON;
INSERT INTO [Notificacoes] ([DataCriacao], [DestinatarioId], [Grau], [Lida], [Mensagem], [VeiculoId])
OUTPUT INSERTED.[Id]
VALUES (@p0, @p1, @p2, @p3, @p4, @p5);
2026-06-12 15:50:25.401 +01:00 [INF] Executing OkObjectResult, writing value of type '<>f__AnonymousType4`1[[System.String, System.Private.CoreLib, Version=9.0.0.0, Culture=neutral, PublicKeyToken=7cec85d7bea7798e]]'.
2026-06-12 15:50:25.414 +01:00 [INF] Executed action GestoreDeFrotas.Controllers.ViagensController.VerificarAtrasos (GestoreDeFrotas) in 294.8909ms
2026-06-12 15:50:25.416 +01:00 [INF] Executed endpoint 'GestoreDeFrotas.Controllers.ViagensController.VerificarAtrasos (GestoreDeFrotas)'
2026-06-12 15:50:25.418 +01:00 [INF] Request finished HTTP/2 POST https://localhost:7231/api/Viagens/verificar-atrasos - 200 null application/json; charset=utf-8 338.9167ms
2026-06-12 15:54:56.728 +01:00 [INF] Request starting HTTP/2 POST https://localhost:7231/api/Viagens/iniciar/36?condutorSecundarioId=Aaa - null 0
2026-06-12 15:54:56.752 +01:00 [INF] Executing endpoint 'GestoreDeFrotas.Controllers.ViagensController.IniciarViagem (GestoreDeFrotas)'
2026-06-12 15:54:56.757 +01:00 [INF] Route matched with {action = "IniciarViagem", controller = "Viagens"}. Executing controller action with signature System.Threading.Tasks.Task`1[Microsoft.AspNetCore.Mvc.IActionResult] IniciarViagem(Int32, System.String) on controller GestoreDeFrotas.Controllers.ViagensController (GestoreDeFrotas).
2026-06-12 15:54:56.917 +01:00 [INF] Executed DbCommand (22ms) [Parameters=[@__p_0='?' (DbType = Int32)], CommandType='"Text"', CommandTimeout='30']
SELECT TOP(1) [v].[Id], [v].[Ano], [v].[CategoriaUsuario], [v].[CondutorHabitualId], [v].[Cor], [v].[DataProximaIpo], [v].[EstaAtivo], [v].[Estado], [v].[IntervaloManutencaoKm], [v].[KmAtual], [v].[Marca], [v].[Matricula], [v].[Modelo], [v].[TecnicoResponsavelId], [v].[UltimaManutencaoData], [v].[UltimaManutencaoKm]
FROM [Veiculos] AS [v]
WHERE [v].[Id] = @__p_0
2026-06-12 15:54:56.929 +01:00 [INF] Executed DbCommand (5ms) [Parameters=[@__veiculoId_0='?' (DbType = Int32)], CommandType='"Text"', CommandTimeout='30']
SELECT CASE
    WHEN EXISTS (
        SELECT 1
        FROM [Viagens] AS [v]
        WHERE [v].[VeiculoId] = @__veiculoId_0 AND [v].[EstaAtiva] = CAST(1 AS bit)) THEN CAST(1 AS bit)
    ELSE CAST(0 AS bit)
END
2026-06-12 15:54:56.952 +01:00 [INF] Executed DbCommand (3ms) [Parameters=[@__veiculoId_0='?' (DbType = Int32)], CommandType='"Text"', CommandTimeout='30']
SELECT TOP(1) [v].[KmFinais]
FROM [Viagens] AS [v]
WHERE [v].[VeiculoId] = @__veiculoId_0 AND [v].[KmFinais] IS NOT NULL
ORDER BY [v].[DataFim] DESC
2026-06-12 15:54:56.970 +01:00 [INF] Executed DbCommand (3ms) [Parameters=[@p1='?' (DbType = Int32), @p0='?' (Size = 4000), @p2='?' (Size = 4000), @p3='?' (Size = 4000), @p4='?' (DbType = DateTime2), @p5='?' (DbType = DateTime2), @p6='?' (DbType = DateTime2), @p7='?' (DbType = Boolean), @p8='?' (DbType = Int32), @p9='?' (DbType = Int32), @p10='?' (Size = 4000), @p11='?' (DbType = Boolean), @p12='?' (Size = 4000), @p13='?' (Size = 4000), @p14='?' (DbType = Int32)], CommandType='"Text"', CommandTimeout='30']
SET NOCOUNT ON;
UPDATE [Veiculos] SET [Estado] = @p0
OUTPUT 1
WHERE [Id] = @p1;
INSERT INTO [Viagens] ([CondutorPrincipalId], [CondutorSecundarioId], [DataFim], [DataInicio], [DataLimitePrevista], [EstaAtiva], [KmFinais], [KmIniciais], [ObservacoesEntrega], [PediuProrrogacao], [TecnicoLevantamentoId], [TecnicoRecebimentoId], [VeiculoId])
OUTPUT INSERTED.[Id]
VALUES (@p2, @p3, @p4, @p5, @p6, @p7, @p8, @p9, @p10, @p11, @p12, @p13, @p14);
2026-06-12 15:54:56.988 +01:00 [INF] Executing OkObjectResult, writing value of type 'GestoreDeFrotas.Models.Viagem'.
2026-06-12 15:54:57.007 +01:00 [INF] Executed action GestoreDeFrotas.Controllers.ViagensController.IniciarViagem (GestoreDeFrotas) in 248.4956ms
2026-06-12 15:54:57.008 +01:00 [INF] Executed endpoint 'GestoreDeFrotas.Controllers.ViagensController.IniciarViagem (GestoreDeFrotas)'
2026-06-12 15:54:57.011 +01:00 [INF] Request finished HTTP/2 POST https://localhost:7231/api/Viagens/iniciar/36?condutorSecundarioId=Aaa - 200 null application/json; charset=utf-8 282.6262ms
2026-06-12 15:56:04.525 +01:00 [INF] Request starting HTTP/2 POST https://localhost:7231/api/Viagens/finalizar/36 - application/json 53
2026-06-12 15:56:04.541 +01:00 [INF] Executing endpoint 'GestoreDeFrotas.Controllers.ViagensController.FinalizarViagem (GestoreDeFrotas)'
2026-06-12 15:56:04.550 +01:00 [INF] Route matched with {action = "FinalizarViagem", controller = "Viagens"}. Executing controller action with signature System.Threading.Tasks.Task`1[Microsoft.AspNetCore.Mvc.IActionResult] FinalizarViagem(Int32, GestoreDeFrotas.Controllers.FinalizarViagemDto) on controller GestoreDeFrotas.Controllers.ViagensController (GestoreDeFrotas).
2026-06-12 15:56:04.609 +01:00 [INF] Executed DbCommand (2ms) [Parameters=[@__p_0='?' (DbType = Int32)], CommandType='"Text"', CommandTimeout='30']
SELECT TOP(1) [v].[Id], [v].[CondutorPrincipalId], [v].[CondutorSecundarioId], [v].[DataFim], [v].[DataInicio], [v].[DataLimitePrevista], [v].[EstaAtiva], [v].[KmFinais], [v].[KmIniciais], [v].[ObservacoesEntrega], [v].[PediuProrrogacao], [v].[TecnicoLevantamentoId], [v].[TecnicoRecebimentoId], [v].[VeiculoId]
FROM [Viagens] AS [v]
WHERE [v].[Id] = @__p_0
2026-06-12 15:56:04.993 +01:00 [INF] Executing BadRequestObjectResult, writing value of type '<>f__AnonymousType4`1[[System.String, System.Private.CoreLib, Version=9.0.0.0, Culture=neutral, PublicKeyToken=7cec85d7bea7798e]]'.
2026-06-12 15:56:04.995 +01:00 [INF] Executed action GestoreDeFrotas.Controllers.ViagensController.FinalizarViagem (GestoreDeFrotas) in 443.0724ms
2026-06-12 15:56:05.001 +01:00 [INF] Executed endpoint 'GestoreDeFrotas.Controllers.ViagensController.FinalizarViagem (GestoreDeFrotas)'
2026-06-12 15:56:05.012 +01:00 [INF] Executed DbCommand (6ms) [Parameters=[@p0='?' (DbType = DateTime2), @p1='?' (Size = 4000), @p2='?' (Size = 4000), @p3='?' (DbType = Boolean), @p4='?' (Size = 4000), @p5='?' (DbType = Int32)], CommandType='"Text"', CommandTimeout='30']
SET IMPLICIT_TRANSACTIONS OFF;
SET NOCOUNT ON;
INSERT INTO [Notificacoes] ([DataCriacao], [DestinatarioId], [Grau], [Lida], [Mensagem], [VeiculoId])
OUTPUT INSERTED.[Id]
VALUES (@p0, @p1, @p2, @p3, @p4, @p5);
2026-06-12 15:56:05.041 +01:00 [INF] Executed DbCommand (5ms) [Parameters=[@p0='?' (DbType = DateTime2), @p1='?' (Size = 4000), @p2='?' (Size = 4000), @p3='?' (Size = 4000), @p4='?' (DbType = Int32), @p5='?' (Size = 4000)], CommandType='"Text"', CommandTimeout='30']
SET IMPLICIT_TRANSACTIONS OFF;
SET NOCOUNT ON;
INSERT INTO [LogsSistema] ([Data], [Descricao], [MetodoHttp], [Rota], [StatusCode], [Utilizador])
OUTPUT INSERTED.[Id]
VALUES (@p0, @p1, @p2, @p3, @p4, @p5);
2026-06-12 15:56:05.047 +01:00 [INF] Request finished HTTP/2 POST https://localhost:7231/api/Viagens/finalizar/36 - 400 null application/json; charset=utf-8 582.3616ms
2026-06-12 15:56:20.107 +01:00 [INF] Request starting HTTP/2 GET https://localhost:7231/api/vehicles/36/historico-pdf - null null
2026-06-12 15:56:20.117 +01:00 [INF] Executing endpoint 'GestoreDeFrotas.Controllers.VeiculosController.ExportarHistoricoPdf (GestoreDeFrotas)'
2026-06-12 15:56:20.119 +01:00 [INF] Route matched with {action = "ExportarHistoricoPdf", controller = "Veiculos"}. Executing controller action with signature System.Threading.Tasks.Task`1[Microsoft.AspNetCore.Mvc.IActionResult] ExportarHistoricoPdf(Int32) on controller GestoreDeFrotas.Controllers.VeiculosController (GestoreDeFrotas).
2026-06-12 15:56:20.127 +01:00 [INF] Executed DbCommand (2ms) [Parameters=[@__p_0='?' (DbType = Int32)], CommandType='"Text"', CommandTimeout='30']
SELECT TOP(1) [v].[Id], [v].[Ano], [v].[CategoriaUsuario], [v].[CondutorHabitualId], [v].[Cor], [v].[DataProximaIpo], [v].[EstaAtivo], [v].[Estado], [v].[IntervaloManutencaoKm], [v].[KmAtual], [v].[Marca], [v].[Matricula], [v].[Modelo], [v].[TecnicoResponsavelId], [v].[UltimaManutencaoData], [v].[UltimaManutencaoKm]
FROM [Veiculos] AS [v]
WHERE [v].[Id] = @__p_0
2026-06-12 15:56:20.132 +01:00 [INF] Executed DbCommand (2ms) [Parameters=[@__id_0='?' (DbType = Int32)], CommandType='"Text"', CommandTimeout='30']
SELECT [v].[Id], [v].[CondutorPrincipalId], [v].[CondutorSecundarioId], [v].[DataFim], [v].[DataInicio], [v].[DataLimitePrevista], [v].[EstaAtiva], [v].[KmFinais], [v].[KmIniciais], [v].[ObservacoesEntrega], [v].[PediuProrrogacao], [v].[TecnicoLevantamentoId], [v].[TecnicoRecebimentoId], [v].[VeiculoId]
FROM [Viagens] AS [v]
WHERE [v].[VeiculoId] = @__id_0
ORDER BY [v].[DataInicio] DESC
2026-06-12 15:56:20.162 +01:00 [INF] Executed DbCommand (26ms) [Parameters=[@__id_0='?' (DbType = Int32)], CommandType='"Text"', CommandTimeout='30']
SELECT [a].[Id], [a].[Combustivel], [a].[ConsumoMedio], [a].[CustoTotal], [a].[Data], [a].[FaturaPath], [a].[KmAtual], [a].[KmPorLitro], [a].[Litros], [a].[Posto], [a].[PrecoPorLitro], [a].[VeiculoId]
FROM [Abastecimentos] AS [a]
WHERE [a].[VeiculoId] = @__id_0
ORDER BY [a].[Data] DESC
2026-06-12 15:56:20.190 +01:00 [INF] Executing FileStreamResult, sending file with download name 'Historico_Veiculo_R4-MX-ZN_20260612.pdf' ...
2026-06-12 15:56:20.198 +01:00 [INF] Executed action GestoreDeFrotas.Controllers.VeiculosController.ExportarHistoricoPdf (GestoreDeFrotas) in 74.3538ms
2026-06-12 15:56:20.200 +01:00 [INF] Executed endpoint 'GestoreDeFrotas.Controllers.VeiculosController.ExportarHistoricoPdf (GestoreDeFrotas)'
2026-06-12 15:56:20.202 +01:00 [INF] Request finished HTTP/2 GET https://localhost:7231/api/vehicles/36/historico-pdf - 200 59850 application/pdf 94.6516ms
2026-06-12 15:56:59.496 +01:00 [INF] Request starting HTTP/2 GET https://localhost:7231/api/maintenance/estado - null null
2026-06-12 15:56:59.516 +01:00 [INF] Executing endpoint 'GestaoDeFrotas.Controllers.ManutencaoController.Estado (GestoreDeFrotas)'
2026-06-12 15:56:59.520 +01:00 [INF] Route matched with {action = "Estado", controller = "Manutencao"}. Executing controller action with signature System.Threading.Tasks.Task`1[Microsoft.AspNetCore.Mvc.IActionResult] Estado() on controller GestaoDeFrotas.Controllers.ManutencaoController (GestoreDeFrotas).
2026-06-12 15:56:59.559 +01:00 [INF] Executed DbCommand (3ms) [Parameters=[], CommandType='"Text"', CommandTimeout='30']
SELECT [v].[Id], [v].[Ano], [v].[CategoriaUsuario], [v].[CondutorHabitualId], [v].[Cor], [v].[DataProximaIpo], [v].[EstaAtivo], [v].[Estado], [v].[IntervaloManutencaoKm], [v].[KmAtual], [v].[Marca], [v].[Matricula], [v].[Modelo], [v].[TecnicoResponsavelId], [v].[UltimaManutencaoData], [v].[UltimaManutencaoKm]
FROM [Veiculos] AS [v]
2026-06-12 15:56:59.563 +01:00 [INF] Executing OkObjectResult, writing value of type 'System.Collections.Generic.List`1[[System.Object, System.Private.CoreLib, Version=9.0.0.0, Culture=neutral, PublicKeyToken=7cec85d7bea7798e]]'.
2026-06-12 15:56:59.581 +01:00 [INF] Executed action GestaoDeFrotas.Controllers.ManutencaoController.Estado (GestoreDeFrotas) in 58.5188ms
2026-06-12 15:56:59.583 +01:00 [INF] Executed endpoint 'GestaoDeFrotas.Controllers.ManutencaoController.Estado (GestoreDeFrotas)'
2026-06-12 15:56:59.584 +01:00 [INF] Request finished HTTP/2 GET https://localhost:7231/api/maintenance/estado - 200 null application/json; charset=utf-8 88.4725ms
2026-06-12 16:00:17.333 +01:00 [INF] Application is shutting down...
=======
2026-06-12 14:18:54.436 +01:00 [INF] User profile is available. Using 'C:\Users\migro\AppData\Local\ASP.NET\DataProtection-Keys' as key repository and Windows DPAPI to encrypt keys at rest.
2026-06-12 14:18:55.150 +01:00 [INF] Now listening on: https://localhost:7231
2026-06-12 14:18:55.152 +01:00 [INF] Now listening on: http://localhost:5256
2026-06-12 14:18:55.301 +01:00 [INF] Application started. Press Ctrl+C to shut down.
2026-06-12 14:18:55.304 +01:00 [INF] Hosting environment: Development
2026-06-12 14:18:55.306 +01:00 [INF] Content root path: C:\Users\migro\OneDrive\Documents\GitHub\GestaoFrotaa\Src
2026-06-12 14:19:20.533 +01:00 [INF] Request starting HTTP/2 GET https://localhost:7231/swagger/index.html - null null
2026-06-12 14:19:21.193 +01:00 [INF] Request finished HTTP/2 GET https://localhost:7231/swagger/index.html - 200 null text/html;charset=utf-8 664.6245ms
2026-06-12 14:19:21.546 +01:00 [INF] Request starting HTTP/2 GET https://localhost:7231/swagger/index.js - null null
2026-06-12 14:19:21.714 +01:00 [INF] Request starting HTTP/2 GET https://localhost:7231/_framework/aspnetcore-browser-refresh.js - null null
2026-06-12 14:19:21.721 +01:00 [INF] Request starting HTTP/2 GET https://localhost:7231/_vs/browserLink - null null
2026-06-12 14:19:21.761 +01:00 [INF] Request finished HTTP/2 GET https://localhost:7231/swagger/index.js - 200 null application/javascript;charset=utf-8 215.2236ms
2026-06-12 14:19:21.892 +01:00 [INF] Request finished HTTP/2 GET https://localhost:7231/_framework/aspnetcore-browser-refresh.js - 200 16515 application/javascript; charset=utf-8 178.4628ms
2026-06-12 14:19:21.995 +01:00 [INF] Request finished HTTP/2 GET https://localhost:7231/_vs/browserLink - 200 null text/javascript; charset=UTF-8 273.943ms
2026-06-12 14:19:22.555 +01:00 [INF] Request starting HTTP/2 GET https://localhost:7231/swagger/v1/swagger.json - null null
2026-06-12 14:19:22.819 +01:00 [INF] Request finished HTTP/2 GET https://localhost:7231/swagger/v1/swagger.json - 200 null application/json;charset=utf-8 264.4181ms
>>>>>>> 6bb5cd578a5a39f2036ef9d03d05b62c1b93443e
