2026-05-29 10:34:39.134 +01:00 [INF] Executed DbCommand (59ms) [Parameters=[], CommandType='"Text"', CommandTimeout='30']
SELECT 1
2026-05-29 10:34:39.348 +01:00 [INF] Acquiring an exclusive lock for migration application. See https://aka.ms/efcore-docs-migrations-lock for more information if this takes too long.
2026-05-29 10:34:39.539 +01:00 [INF] Executed DbCommand (159ms) [Parameters=[], CommandType='"Text"', CommandTimeout='30']
DECLARE @result int;
EXEC @result = sp_getapplock @Resource = '__EFMigrationsLock', @LockOwner = 'Session', @LockMode = 'Exclusive';
SELECT @result
2026-05-29 10:34:39.999 +01:00 [INF] Executed DbCommand (345ms) [Parameters=[], CommandType='"Text"', CommandTimeout='30']
IF OBJECT_ID(N'[__EFMigrationsHistory]') IS NULL
BEGIN
    CREATE TABLE [__EFMigrationsHistory] (
        [MigrationId] nvarchar(150) NOT NULL,
        [ProductVersion] nvarchar(32) NOT NULL,
        CONSTRAINT [PK___EFMigrationsHistory] PRIMARY KEY ([MigrationId])
    );
END;
2026-05-29 10:34:40.050 +01:00 [INF] Executed DbCommand (3ms) [Parameters=[], CommandType='"Text"', CommandTimeout='30']
SELECT 1
2026-05-29 10:34:40.115 +01:00 [INF] Executed DbCommand (8ms) [Parameters=[], CommandType='"Text"', CommandTimeout='30']
SELECT OBJECT_ID(N'[__EFMigrationsHistory]');
2026-05-29 10:34:40.171 +01:00 [INF] Executed DbCommand (11ms) [Parameters=[], CommandType='"Text"', CommandTimeout='30']
SELECT [MigrationId], [ProductVersion]
FROM [__EFMigrationsHistory]
ORDER BY [MigrationId];
2026-05-29 10:34:40.215 +01:00 [INF] No migrations were applied. The database is already up to date.
2026-05-29 10:34:40.238 +01:00 [INF] Executed DbCommand (13ms) [Parameters=[], CommandType='"Text"', CommandTimeout='30']
DECLARE @result int;
EXEC @result = sp_releaseapplock @Resource = '__EFMigrationsLock', @LockOwner = 'Session';
SELECT @result
2026-05-29 10:34:40.880 +01:00 [INF] Executed DbCommand (36ms) [Parameters=[], CommandType='"Text"', CommandTimeout='30']
SELECT CASE
    WHEN EXISTS (
        SELECT 1
        FROM [Veiculos] AS [v]) THEN CAST(1 AS bit)
    ELSE CAST(0 AS bit)
END
2026-05-29 10:34:40.900 +01:00 [INF] Executed DbCommand (7ms) [Parameters=[], CommandType='"Text"', CommandTimeout='30']
SELECT CASE
    WHEN EXISTS (
        SELECT 1
        FROM [RegistosManutencao] AS [r]) THEN CAST(1 AS bit)
    ELSE CAST(0 AS bit)
END
2026-05-29 10:34:41.251 +01:00 [INF] User profile is available. Using 'C:\Users\migro\AppData\Local\ASP.NET\DataProtection-Keys' as key repository and Windows DPAPI to encrypt keys at rest.
2026-05-29 10:34:41.936 +01:00 [INF] Now listening on: https://localhost:7231
2026-05-29 10:34:41.938 +01:00 [INF] Now listening on: http://localhost:5256
2026-05-29 10:34:42.182 +01:00 [INF] Application started. Press Ctrl+C to shut down.
2026-05-29 10:34:42.214 +01:00 [INF] Hosting environment: Development
2026-05-29 10:34:42.216 +01:00 [INF] Content root path: C:\Users\migro\OneDrive\Desktop\codigosM11\gestaofrota\GestoreDeFrotas
2026-05-29 10:35:25.253 +01:00 [INF] Request starting HTTP/2 GET https://localhost:7231/ - null null
2026-05-29 10:35:25.565 +01:00 [INF] ➡️ Request: GET / | User: Anónimo
2026-05-29 10:35:25.673 +01:00 [INF] ⬅️ Response: 404 | Tempo: 112ms
2026-05-29 10:35:25.683 +01:00 [INF] Request finished HTTP/2 GET https://localhost:7231/ - 404 0 null 447.4365ms
2026-05-29 10:35:25.692 +01:00 [INF] Request reached the end of the middleware pipeline without being handled by application code. Request path: GET https://localhost:7231/, Response status code: 404
2026-05-29 10:35:38.545 +01:00 [INF] Request starting HTTP/2 GET https://localhost:7231/swagger/index.html - null null
2026-05-29 10:35:38.740 +01:00 [INF] Request finished HTTP/2 GET https://localhost:7231/swagger/index.html - 200 null text/html;charset=utf-8 195.8713ms
2026-05-29 10:35:38.788 +01:00 [INF] Request starting HTTP/2 GET https://localhost:7231/_framework/aspnetcore-browser-refresh.js - null null
2026-05-29 10:35:38.788 +01:00 [INF] Request starting HTTP/2 GET https://localhost:7231/swagger/index.js - null null
2026-05-29 10:35:38.818 +01:00 [INF] Request finished HTTP/2 GET https://localhost:7231/swagger/index.js - 200 null application/javascript;charset=utf-8 30.4827ms
2026-05-29 10:35:38.839 +01:00 [INF] Request finished HTTP/2 GET https://localhost:7231/_framework/aspnetcore-browser-refresh.js - 200 16515 application/javascript; charset=utf-8 51.6828ms
2026-05-29 10:35:38.892 +01:00 [INF] Request starting HTTP/2 GET https://localhost:7231/_vs/browserLink - null null
2026-05-29 10:35:39.045 +01:00 [INF] Request finished HTTP/2 GET https://localhost:7231/_vs/browserLink - 200 null text/javascript; charset=UTF-8 153.6367ms
2026-05-29 10:35:39.225 +01:00 [INF] Request starting HTTP/2 GET https://localhost:7231/swagger/v1/swagger.json - null null
2026-05-29 10:35:39.338 +01:00 [INF] Request finished HTTP/2 GET https://localhost:7231/swagger/v1/swagger.json - 200 null application/json;charset=utf-8 112.6651ms
2026-05-29 10:35:45.779 +01:00 [INF] Request starting HTTP/2 GET https://localhost:7231/api/logs/teste - null null
2026-05-29 10:35:45.827 +01:00 [INF] ➡️ Request: GET /api/logs/teste | User: Anónimo
2026-05-29 10:35:45.835 +01:00 [INF] Executing endpoint 'GestaoDeFrotas.Controllers.LoggingController.TestarLogs (GestoreDeFrotas)'
2026-05-29 10:35:45.857 +01:00 [INF] Route matched with {action = "TestarLogs", controller = "Logging"}. Executing controller action with signature Microsoft.AspNetCore.Mvc.IActionResult TestarLogs() on controller GestaoDeFrotas.Controllers.LoggingController (GestoreDeFrotas).
2026-05-29 10:35:45.866 +01:00 [INF] Teste de log executado com sucesso.
2026-05-29 10:35:45.882 +01:00 [INF] Executing OkObjectResult, writing value of type '<>f__AnonymousType1`1[[System.String, System.Private.CoreLib, Version=9.0.0.0, Culture=neutral, PublicKeyToken=7cec85d7bea7798e]]'.
2026-05-29 10:35:45.903 +01:00 [INF] Executed action GestaoDeFrotas.Controllers.LoggingController.TestarLogs (GestoreDeFrotas) in 34.7471ms
2026-05-29 10:35:45.905 +01:00 [INF] Executed endpoint 'GestaoDeFrotas.Controllers.LoggingController.TestarLogs (GestoreDeFrotas)'
2026-05-29 10:35:45.907 +01:00 [INF] ⬅️ Response: 200 | Tempo: 81ms
2026-05-29 10:35:45.910 +01:00 [INF] Request finished HTTP/2 GET https://localhost:7231/api/logs/teste - 200 null application/json; charset=utf-8 130.5812ms
2026-05-29 10:36:05.563 +01:00 [INF] Request starting HTTP/2 POST https://localhost:7231/api/auth/teste-token?cargo=Admin - null 0
2026-05-29 10:36:05.569 +01:00 [INF] ➡️ Request: POST /api/auth/teste-token | User: Anónimo
2026-05-29 10:36:05.574 +01:00 [INF] Executing endpoint 'HTTP: POST /api/auth/teste-token'
2026-05-29 10:36:05.674 +01:00 [INF] Setting HTTP status code 200.
2026-05-29 10:36:05.681 +01:00 [INF] Writing value of type '<>f__AnonymousType4`1' as Json.
2026-05-29 10:36:05.685 +01:00 [INF] Executed endpoint 'HTTP: POST /api/auth/teste-token'
2026-05-29 10:36:05.687 +01:00 [INF] ⬅️ Response: 200 | Tempo: 117ms
2026-05-29 10:36:05.689 +01:00 [INF] Request finished HTTP/2 POST https://localhost:7231/api/auth/teste-token?cargo=Admin - 200 null application/json; charset=utf-8 125.5852ms
2026-05-29 10:36:23.959 +01:00 [INF] Request starting HTTP/2 GET https://localhost:7231/api/logs/teste - null null
2026-05-29 10:36:23.964 +01:00 [INF] ➡️ Request: GET /api/logs/teste | User: Anónimo
2026-05-29 10:36:24.046 +01:00 [INF] Executing endpoint 'GestaoDeFrotas.Controllers.LoggingController.TestarLogs (GestoreDeFrotas)'
2026-05-29 10:36:24.049 +01:00 [INF] Route matched with {action = "TestarLogs", controller = "Logging"}. Executing controller action with signature Microsoft.AspNetCore.Mvc.IActionResult TestarLogs() on controller GestaoDeFrotas.Controllers.LoggingController (GestoreDeFrotas).
2026-05-29 10:36:24.052 +01:00 [INF] Teste de log executado com sucesso.
2026-05-29 10:36:24.055 +01:00 [INF] Executing OkObjectResult, writing value of type '<>f__AnonymousType1`1[[System.String, System.Private.CoreLib, Version=9.0.0.0, Culture=neutral, PublicKeyToken=7cec85d7bea7798e]]'.
2026-05-29 10:36:24.061 +01:00 [INF] Executed action GestaoDeFrotas.Controllers.LoggingController.TestarLogs (GestoreDeFrotas) in 7.5014ms
2026-05-29 10:36:24.065 +01:00 [INF] Executed endpoint 'GestaoDeFrotas.Controllers.LoggingController.TestarLogs (GestoreDeFrotas)'
2026-05-29 10:36:24.066 +01:00 [INF] ⬅️ Response: 200 | Tempo: 102ms
2026-05-29 10:36:24.071 +01:00 [INF] Request finished HTTP/2 GET https://localhost:7231/api/logs/teste - 200 null application/json; charset=utf-8 111.7666ms
2026-05-29 10:40:52.583 +01:00 [INF] Executed DbCommand (54ms) [Parameters=[], CommandType='"Text"', CommandTimeout='30']
SELECT 1
2026-05-29 10:40:52.711 +01:00 [INF] Acquiring an exclusive lock for migration application. See https://aka.ms/efcore-docs-migrations-lock for more information if this takes too long.
2026-05-29 10:40:52.817 +01:00 [INF] Executed DbCommand (97ms) [Parameters=[], CommandType='"Text"', CommandTimeout='30']
DECLARE @result int;
EXEC @result = sp_getapplock @Resource = '__EFMigrationsLock', @LockOwner = 'Session', @LockMode = 'Exclusive';
SELECT @result
2026-05-29 10:40:52.950 +01:00 [INF] Executed DbCommand (12ms) [Parameters=[], CommandType='"Text"', CommandTimeout='30']
IF OBJECT_ID(N'[__EFMigrationsHistory]') IS NULL
BEGIN
    CREATE TABLE [__EFMigrationsHistory] (
        [MigrationId] nvarchar(150) NOT NULL,
        [ProductVersion] nvarchar(32) NOT NULL,
        CONSTRAINT [PK___EFMigrationsHistory] PRIMARY KEY ([MigrationId])
    );
END;
2026-05-29 10:40:52.974 +01:00 [INF] Executed DbCommand (1ms) [Parameters=[], CommandType='"Text"', CommandTimeout='30']
SELECT 1
2026-05-29 10:40:52.985 +01:00 [INF] Executed DbCommand (1ms) [Parameters=[], CommandType='"Text"', CommandTimeout='30']
SELECT OBJECT_ID(N'[__EFMigrationsHistory]');
2026-05-29 10:40:53.009 +01:00 [INF] Executed DbCommand (17ms) [Parameters=[], CommandType='"Text"', CommandTimeout='30']
SELECT [MigrationId], [ProductVersion]
FROM [__EFMigrationsHistory]
ORDER BY [MigrationId];
2026-05-29 10:40:53.032 +01:00 [INF] No migrations were applied. The database is already up to date.
2026-05-29 10:40:53.047 +01:00 [INF] Executed DbCommand (5ms) [Parameters=[], CommandType='"Text"', CommandTimeout='30']
DECLARE @result int;
EXEC @result = sp_releaseapplock @Resource = '__EFMigrationsLock', @LockOwner = 'Session';
SELECT @result
2026-05-29 10:40:53.563 +01:00 [INF] Executed DbCommand (34ms) [Parameters=[], CommandType='"Text"', CommandTimeout='30']
SELECT CASE
    WHEN EXISTS (
        SELECT 1
        FROM [Veiculos] AS [v]) THEN CAST(1 AS bit)
    ELSE CAST(0 AS bit)
END
2026-05-29 10:40:53.587 +01:00 [INF] Executed DbCommand (9ms) [Parameters=[], CommandType='"Text"', CommandTimeout='30']
SELECT CASE
    WHEN EXISTS (
        SELECT 1
        FROM [RegistosManutencao] AS [r]) THEN CAST(1 AS bit)
    ELSE CAST(0 AS bit)
END
2026-05-29 10:40:54.033 +01:00 [INF] User profile is available. Using 'C:\Users\migro\AppData\Local\ASP.NET\DataProtection-Keys' as key repository and Windows DPAPI to encrypt keys at rest.
2026-05-29 10:40:55.487 +01:00 [INF] Now listening on: https://localhost:7231
2026-05-29 10:40:55.496 +01:00 [INF] Now listening on: http://localhost:5256
2026-05-29 10:40:55.829 +01:00 [INF] Application started. Press Ctrl+C to shut down.
2026-05-29 10:40:55.840 +01:00 [INF] Hosting environment: Development
2026-05-29 10:40:56.066 +01:00 [INF] Content root path: C:\Users\migro\OneDrive\Desktop\codigosM11\gestaofrota\GestoreDeFrotas
2026-05-29 10:40:59.201 +01:00 [INF] Request starting HTTP/2 GET https://localhost:7231/swagger/index.html - null null
2026-05-29 10:40:59.704 +01:00 [INF] Request finished HTTP/2 GET https://localhost:7231/swagger/index.html - 200 null text/html;charset=utf-8 527.7152ms
2026-05-29 10:40:59.844 +01:00 [INF] Request starting HTTP/2 GET https://localhost:7231/_framework/aspnetcore-browser-refresh.js - null null
2026-05-29 10:40:59.847 +01:00 [INF] Request starting HTTP/2 GET https://localhost:7231/swagger/index.js - null null
2026-05-29 10:40:59.894 +01:00 [INF] Request finished HTTP/2 GET https://localhost:7231/swagger/index.js - 200 null application/javascript;charset=utf-8 47.4947ms
2026-05-29 10:40:59.925 +01:00 [INF] Request finished HTTP/2 GET https://localhost:7231/_framework/aspnetcore-browser-refresh.js - 200 16515 application/javascript; charset=utf-8 80.6766ms
2026-05-29 10:41:00.009 +01:00 [INF] Request starting HTTP/2 GET https://localhost:7231/_vs/browserLink - null null
2026-05-29 10:41:00.191 +01:00 [INF] Request finished HTTP/2 GET https://localhost:7231/_vs/browserLink - 200 null text/javascript; charset=UTF-8 182.28ms
2026-05-29 10:41:00.454 +01:00 [INF] Request starting HTTP/2 GET https://localhost:7231/swagger/v1/swagger.json - null null
2026-05-29 10:41:00.504 +01:00 [INF] Request starting HTTP/2 GET https://localhost:7231/swagger/favicon-32x32.png - null null
2026-05-29 10:41:00.739 +01:00 [INF] Request finished HTTP/2 GET https://localhost:7231/swagger/v1/swagger.json - 200 null application/json;charset=utf-8 284.74ms
2026-05-29 10:41:00.739 +01:00 [INF] Sending file. Request path: '/favicon-32x32.png'. Physical path: 'N/A'
2026-05-29 10:41:00.781 +01:00 [INF] Request finished HTTP/2 GET https://localhost:7231/swagger/favicon-32x32.png - 200 628 image/png 276.6038ms
2026-05-29 10:41:58.051 +01:00 [INF] Request starting HTTP/2 POST https://localhost:7231/api/auth/teste-token?cargo=Admin - null 0
2026-05-29 10:41:58.110 +01:00 [INF] ➡️ Request: POST /api/auth/teste-token | User: Anónimo
2026-05-29 10:41:58.222 +01:00 [INF] Executing endpoint 'HTTP: POST /api/auth/teste-token'
2026-05-29 10:41:58.291 +01:00 [INF] Setting HTTP status code 200.
2026-05-29 10:41:58.302 +01:00 [INF] Writing value of type '<>f__AnonymousType4`1' as Json.
2026-05-29 10:41:58.306 +01:00 [INF] Executed endpoint 'HTTP: POST /api/auth/teste-token'
2026-05-29 10:41:58.308 +01:00 [INF] ⬅️ Response: 200 | Tempo: 202ms
2026-05-29 10:41:58.309 +01:00 [INF] Request finished HTTP/2 POST https://localhost:7231/api/auth/teste-token?cargo=Admin - 200 null application/json; charset=utf-8 258.1269ms
2026-05-29 10:42:26.747 +01:00 [INF] Request starting HTTP/2 GET https://localhost:7231/api/vehicles - null null
2026-05-29 10:42:26.781 +01:00 [INF] ➡️ Request: GET /api/vehicles | User: Anónimo
2026-05-29 10:42:26.831 +01:00 [INF] Executing endpoint 'GestaoDeFrotas.Controllers.VeiculosController.GetAll (GestoreDeFrotas)'
2026-05-29 10:42:26.878 +01:00 [INF] Route matched with {action = "GetAll", controller = "Veiculos"}. Executing controller action with signature System.Threading.Tasks.Task`1[Microsoft.AspNetCore.Mvc.IActionResult] GetAll(System.String, System.String, System.String, System.String, System.String, System.Nullable`1[System.Int32], System.Nullable`1[System.Int32]) on controller GestaoDeFrotas.Controllers.VeiculosController (GestoreDeFrotas).
2026-05-29 10:42:27.152 +01:00 [INF] Executed DbCommand (87ms) [Parameters=[], CommandType='"Text"', CommandTimeout='30']
SELECT [v].[Id], [v].[Ano], [v].[Cor], [v].[Estado], [v].[Marca], [v].[Matricula], [v].[Modelo]
FROM [Veiculos] AS [v]
2026-05-29 10:42:27.244 +01:00 [INF] Executing OkObjectResult, writing value of type 'System.Collections.Generic.List`1[[GestaoDeFrotas.Models.Veiculo, GestoreDeFrotas, Version=1.0.0.0, Culture=neutral, PublicKeyToken=null]]'.
2026-05-29 10:42:27.254 +01:00 [INF] Executed action GestaoDeFrotas.Controllers.VeiculosController.GetAll (GestoreDeFrotas) in 369.6223ms
2026-05-29 10:42:27.256 +01:00 [INF] Executed endpoint 'GestaoDeFrotas.Controllers.VeiculosController.GetAll (GestoreDeFrotas)'
2026-05-29 10:42:27.258 +01:00 [INF] ⬅️ Response: 200 | Tempo: 477ms
2026-05-29 10:42:27.265 +01:00 [INF] Request finished HTTP/2 GET https://localhost:7231/api/vehicles - 200 null application/json; charset=utf-8 518.796ms
2026-05-29 10:42:42.511 +01:00 [INF] Request starting HTTP/2 GET https://localhost:7231/api/vehicles?marca=Mercedes - null null
2026-05-29 10:42:42.516 +01:00 [INF] ➡️ Request: GET /api/vehicles | User: Anónimo
2026-05-29 10:42:42.523 +01:00 [INF] Executing endpoint 'GestaoDeFrotas.Controllers.VeiculosController.GetAll (GestoreDeFrotas)'
2026-05-29 10:42:42.525 +01:00 [INF] Route matched with {action = "GetAll", controller = "Veiculos"}. Executing controller action with signature System.Threading.Tasks.Task`1[Microsoft.AspNetCore.Mvc.IActionResult] GetAll(System.String, System.String, System.String, System.String, System.String, System.Nullable`1[System.Int32], System.Nullable`1[System.Int32]) on controller GestaoDeFrotas.Controllers.VeiculosController (GestoreDeFrotas).
2026-05-29 10:42:42.711 +01:00 [INF] Executed DbCommand (57ms) [Parameters=[@__marca_0_contains='?' (Size = 50)], CommandType='"Text"', CommandTimeout='30']
SELECT [v].[Id], [v].[Ano], [v].[Cor], [v].[Estado], [v].[Marca], [v].[Matricula], [v].[Modelo]
FROM [Veiculos] AS [v]
WHERE [v].[Marca] LIKE @__marca_0_contains ESCAPE N'\'
2026-05-29 10:42:42.716 +01:00 [INF] Executing OkObjectResult, writing value of type 'System.Collections.Generic.List`1[[GestaoDeFrotas.Models.Veiculo, GestoreDeFrotas, Version=1.0.0.0, Culture=neutral, PublicKeyToken=null]]'.
2026-05-29 10:42:42.718 +01:00 [INF] Executed action GestaoDeFrotas.Controllers.VeiculosController.GetAll (GestoreDeFrotas) in 190.1489ms
2026-05-29 10:42:42.719 +01:00 [INF] Executed endpoint 'GestaoDeFrotas.Controllers.VeiculosController.GetAll (GestoreDeFrotas)'
2026-05-29 10:42:42.720 +01:00 [INF] ⬅️ Response: 200 | Tempo: 204ms
2026-05-29 10:42:42.724 +01:00 [INF] Request finished HTTP/2 GET https://localhost:7231/api/vehicles?marca=Mercedes - 200 null application/json; charset=utf-8 212.7022ms
2026-05-29 10:42:59.918 +01:00 [INF] Request starting HTTP/2 GET https://localhost:7231/api/vehicles?estado=Alugado - null null
2026-05-29 10:42:59.928 +01:00 [INF] ➡️ Request: GET /api/vehicles | User: Anónimo
2026-05-29 10:42:59.933 +01:00 [INF] Executing endpoint 'GestaoDeFrotas.Controllers.VeiculosController.GetAll (GestoreDeFrotas)'
2026-05-29 10:42:59.940 +01:00 [INF] Route matched with {action = "GetAll", controller = "Veiculos"}. Executing controller action with signature System.Threading.Tasks.Task`1[Microsoft.AspNetCore.Mvc.IActionResult] GetAll(System.String, System.String, System.String, System.String, System.String, System.Nullable`1[System.Int32], System.Nullable`1[System.Int32]) on controller GestaoDeFrotas.Controllers.VeiculosController (GestoreDeFrotas).
2026-05-29 10:43:00.024 +01:00 [INF] Executed DbCommand (58ms) [Parameters=[@__estado_0='?' (Size = 4000)], CommandType='"Text"', CommandTimeout='30']
SELECT [v].[Id], [v].[Ano], [v].[Cor], [v].[Estado], [v].[Marca], [v].[Matricula], [v].[Modelo]
FROM [Veiculos] AS [v]
WHERE [v].[Estado] = @__estado_0
2026-05-29 10:43:00.028 +01:00 [INF] Executing OkObjectResult, writing value of type 'System.Collections.Generic.List`1[[GestaoDeFrotas.Models.Veiculo, GestoreDeFrotas, Version=1.0.0.0, Culture=neutral, PublicKeyToken=null]]'.
2026-05-29 10:43:00.030 +01:00 [INF] Executed action GestaoDeFrotas.Controllers.VeiculosController.GetAll (GestoreDeFrotas) in 85.2345ms
2026-05-29 10:43:00.032 +01:00 [INF] Executed endpoint 'GestaoDeFrotas.Controllers.VeiculosController.GetAll (GestoreDeFrotas)'
2026-05-29 10:43:00.033 +01:00 [INF] ⬅️ Response: 200 | Tempo: 104ms
2026-05-29 10:43:00.035 +01:00 [INF] Request finished HTTP/2 GET https://localhost:7231/api/vehicles?estado=Alugado - 200 null application/json; charset=utf-8 116.4735ms
2026-05-29 10:43:14.043 +01:00 [INF] Request starting HTTP/2 GET https://localhost:7231/api/vehicles?estado=Indisponivel - null null
2026-05-29 10:43:14.047 +01:00 [INF] ➡️ Request: GET /api/vehicles | User: Anónimo
2026-05-29 10:43:14.050 +01:00 [INF] Executing endpoint 'GestaoDeFrotas.Controllers.VeiculosController.GetAll (GestoreDeFrotas)'
2026-05-29 10:43:14.052 +01:00 [INF] Route matched with {action = "GetAll", controller = "Veiculos"}. Executing controller action with signature System.Threading.Tasks.Task`1[Microsoft.AspNetCore.Mvc.IActionResult] GetAll(System.String, System.String, System.String, System.String, System.String, System.Nullable`1[System.Int32], System.Nullable`1[System.Int32]) on controller GestaoDeFrotas.Controllers.VeiculosController (GestoreDeFrotas).
2026-05-29 10:43:14.073 +01:00 [INF] Executed DbCommand (9ms) [Parameters=[@__estado_0='?' (Size = 4000)], CommandType='"Text"', CommandTimeout='30']
SELECT [v].[Id], [v].[Ano], [v].[Cor], [v].[Estado], [v].[Marca], [v].[Matricula], [v].[Modelo]
FROM [Veiculos] AS [v]
WHERE [v].[Estado] = @__estado_0
2026-05-29 10:43:14.077 +01:00 [INF] Executing OkObjectResult, writing value of type 'System.Collections.Generic.List`1[[GestaoDeFrotas.Models.Veiculo, GestoreDeFrotas, Version=1.0.0.0, Culture=neutral, PublicKeyToken=null]]'.
2026-05-29 10:43:14.079 +01:00 [INF] Executed action GestaoDeFrotas.Controllers.VeiculosController.GetAll (GestoreDeFrotas) in 22.0954ms
2026-05-29 10:43:14.082 +01:00 [INF] Executed endpoint 'GestaoDeFrotas.Controllers.VeiculosController.GetAll (GestoreDeFrotas)'
2026-05-29 10:43:14.082 +01:00 [INF] ⬅️ Response: 200 | Tempo: 35ms
2026-05-29 10:43:14.083 +01:00 [INF] Request finished HTTP/2 GET https://localhost:7231/api/vehicles?estado=Indisponivel - 200 null application/json; charset=utf-8 40.5732ms
2026-05-29 10:43:28.978 +01:00 [INF] Request starting HTTP/2 GET https://localhost:7231/api/vehicles - null null
2026-05-29 10:43:28.989 +01:00 [INF] ➡️ Request: GET /api/vehicles | User: Anónimo
2026-05-29 10:43:28.999 +01:00 [INF] Executing endpoint 'GestaoDeFrotas.Controllers.VeiculosController.GetAll (GestoreDeFrotas)'
2026-05-29 10:43:29.006 +01:00 [INF] Route matched with {action = "GetAll", controller = "Veiculos"}. Executing controller action with signature System.Threading.Tasks.Task`1[Microsoft.AspNetCore.Mvc.IActionResult] GetAll(System.String, System.String, System.String, System.String, System.String, System.Nullable`1[System.Int32], System.Nullable`1[System.Int32]) on controller GestaoDeFrotas.Controllers.VeiculosController (GestoreDeFrotas).
2026-05-29 10:43:29.013 +01:00 [INF] Executed DbCommand (2ms) [Parameters=[], CommandType='"Text"', CommandTimeout='30']
SELECT [v].[Id], [v].[Ano], [v].[Cor], [v].[Estado], [v].[Marca], [v].[Matricula], [v].[Modelo]
FROM [Veiculos] AS [v]
2026-05-29 10:43:29.016 +01:00 [INF] Executing OkObjectResult, writing value of type 'System.Collections.Generic.List`1[[GestaoDeFrotas.Models.Veiculo, GestoreDeFrotas, Version=1.0.0.0, Culture=neutral, PublicKeyToken=null]]'.
2026-05-29 10:43:29.022 +01:00 [INF] Executed action GestaoDeFrotas.Controllers.VeiculosController.GetAll (GestoreDeFrotas) in 13.3939ms
2026-05-29 10:43:29.025 +01:00 [INF] Executed endpoint 'GestaoDeFrotas.Controllers.VeiculosController.GetAll (GestoreDeFrotas)'
2026-05-29 10:43:29.026 +01:00 [INF] ⬅️ Response: 200 | Tempo: 37ms
2026-05-29 10:43:29.029 +01:00 [INF] Request finished HTTP/2 GET https://localhost:7231/api/vehicles - 200 null application/json; charset=utf-8 51.1091ms
2026-05-29 10:43:55.694 +01:00 [INF] Request starting HTTP/2 GET https://localhost:7231/api/vehicles?estado=Em%20Manuten%C3%A7%C3%A3o&anoMin=2022&anoMax=2022 - null null
2026-05-29 10:43:55.738 +01:00 [INF] ➡️ Request: GET /api/vehicles | User: Anónimo
2026-05-29 10:43:55.740 +01:00 [INF] Executing endpoint 'GestaoDeFrotas.Controllers.VeiculosController.GetAll (GestoreDeFrotas)'
2026-05-29 10:43:55.744 +01:00 [INF] Route matched with {action = "GetAll", controller = "Veiculos"}. Executing controller action with signature System.Threading.Tasks.Task`1[Microsoft.AspNetCore.Mvc.IActionResult] GetAll(System.String, System.String, System.String, System.String, System.String, System.Nullable`1[System.Int32], System.Nullable`1[System.Int32]) on controller GestaoDeFrotas.Controllers.VeiculosController (GestoreDeFrotas).
2026-05-29 10:43:55.777 +01:00 [INF] Executed DbCommand (14ms) [Parameters=[@__estado_0='?' (Size = 4000), @__anoMin_Value_1='?' (DbType = Int32), @__anoMax_Value_2='?' (DbType = Int32)], CommandType='"Text"', CommandTimeout='30']
SELECT [v].[Id], [v].[Ano], [v].[Cor], [v].[Estado], [v].[Marca], [v].[Matricula], [v].[Modelo]
FROM [Veiculos] AS [v]
WHERE [v].[Estado] = @__estado_0 AND [v].[Ano] >= @__anoMin_Value_1 AND [v].[Ano] <= @__anoMax_Value_2
2026-05-29 10:43:55.779 +01:00 [INF] Executing OkObjectResult, writing value of type 'System.Collections.Generic.List`1[[GestaoDeFrotas.Models.Veiculo, GestoreDeFrotas, Version=1.0.0.0, Culture=neutral, PublicKeyToken=null]]'.
2026-05-29 10:43:55.781 +01:00 [INF] Executed action GestaoDeFrotas.Controllers.VeiculosController.GetAll (GestoreDeFrotas) in 30.1442ms
2026-05-29 10:43:55.784 +01:00 [INF] Executed endpoint 'GestaoDeFrotas.Controllers.VeiculosController.GetAll (GestoreDeFrotas)'
2026-05-29 10:43:55.785 +01:00 [INF] ⬅️ Response: 200 | Tempo: 47ms
2026-05-29 10:43:55.786 +01:00 [INF] Request finished HTTP/2 GET https://localhost:7231/api/vehicles?estado=Em%20Manuten%C3%A7%C3%A3o&anoMin=2022&anoMax=2022 - 200 null application/json; charset=utf-8 91.2622ms
2026-05-29 11:24:12.552 +01:00 [INF] Executed DbCommand (26ms) [Parameters=[], CommandType='"Text"', CommandTimeout='30']
SELECT 1
2026-05-29 11:24:12.627 +01:00 [INF] Acquiring an exclusive lock for migration application. See https://aka.ms/efcore-docs-migrations-lock for more information if this takes too long.
2026-05-29 11:24:12.673 +01:00 [INF] Executed DbCommand (41ms) [Parameters=[], CommandType='"Text"', CommandTimeout='30']
DECLARE @result int;
EXEC @result = sp_getapplock @Resource = '__EFMigrationsLock', @LockOwner = 'Session', @LockMode = 'Exclusive';
SELECT @result
2026-05-29 11:24:12.740 +01:00 [INF] Executed DbCommand (3ms) [Parameters=[], CommandType='"Text"', CommandTimeout='30']
IF OBJECT_ID(N'[__EFMigrationsHistory]') IS NULL
BEGIN
    CREATE TABLE [__EFMigrationsHistory] (
        [MigrationId] nvarchar(150) NOT NULL,
        [ProductVersion] nvarchar(32) NOT NULL,
        CONSTRAINT [PK___EFMigrationsHistory] PRIMARY KEY ([MigrationId])
    );
END;
2026-05-29 11:24:12.750 +01:00 [INF] Executed DbCommand (1ms) [Parameters=[], CommandType='"Text"', CommandTimeout='30']
SELECT 1
2026-05-29 11:24:12.752 +01:00 [INF] Executed DbCommand (1ms) [Parameters=[], CommandType='"Text"', CommandTimeout='30']
SELECT OBJECT_ID(N'[__EFMigrationsHistory]');
2026-05-29 11:24:12.769 +01:00 [INF] Executed DbCommand (15ms) [Parameters=[], CommandType='"Text"', CommandTimeout='30']
SELECT [MigrationId], [ProductVersion]
FROM [__EFMigrationsHistory]
ORDER BY [MigrationId];
2026-05-29 11:24:12.782 +01:00 [INF] Applying migration '20260529102354_AdicionarModuloAbastecimentos'.
2026-05-29 11:24:12.810 +01:00 [INF] Executed DbCommand (13ms) [Parameters=[], CommandType='"Text"', CommandTimeout='30']
CREATE TABLE [Abastecimentos] (
    [Id] int NOT NULL IDENTITY,
    [VeiculoId] int NOT NULL,
    [Litros] float NOT NULL,
    [PrecoPorLitro] float NOT NULL,
    [CustoTotal] float NOT NULL,
    [KmAtual] int NOT NULL,
    [ConsumoMedio] float NULL,
    [KmPorLitro] float NULL,
    [Combustivel] nvarchar(max) NOT NULL,
    [Posto] nvarchar(max) NOT NULL,
    [Data] datetime2 NOT NULL,
    [FaturaPath] nvarchar(max) NULL,
    CONSTRAINT [PK_Abastecimentos] PRIMARY KEY ([Id]),
    CONSTRAINT [FK_Abastecimentos_Veiculos_VeiculoId] FOREIGN KEY ([VeiculoId]) REFERENCES [Veiculos] ([Id]) ON DELETE CASCADE
);
2026-05-29 11:24:12.812 +01:00 [INF] Executed DbCommand (2ms) [Parameters=[], CommandType='"Text"', CommandTimeout='30']
CREATE INDEX [IX_Abastecimentos_VeiculoId] ON [Abastecimentos] ([VeiculoId]);
2026-05-29 11:24:12.816 +01:00 [INF] Executed DbCommand (4ms) [Parameters=[], CommandType='"Text"', CommandTimeout='30']
INSERT INTO [__EFMigrationsHistory] ([MigrationId], [ProductVersion])
VALUES (N'20260529102354_AdicionarModuloAbastecimentos', N'9.0.16');
2026-05-29 11:24:12.828 +01:00 [INF] Executed DbCommand (6ms) [Parameters=[], CommandType='"Text"', CommandTimeout='30']
DECLARE @result int;
EXEC @result = sp_releaseapplock @Resource = '__EFMigrationsLock', @LockOwner = 'Session';
SELECT @result
2026-05-29 11:25:05.725 +01:00 [INF] Executed DbCommand (25ms) [Parameters=[], CommandType='"Text"', CommandTimeout='30']
SELECT 1
2026-05-29 11:25:05.834 +01:00 [INF] Acquiring an exclusive lock for migration application. See https://aka.ms/efcore-docs-migrations-lock for more information if this takes too long.
2026-05-29 11:25:05.868 +01:00 [INF] Executed DbCommand (27ms) [Parameters=[], CommandType='"Text"', CommandTimeout='30']
DECLARE @result int;
EXEC @result = sp_getapplock @Resource = '__EFMigrationsLock', @LockOwner = 'Session', @LockMode = 'Exclusive';
SELECT @result
2026-05-29 11:25:05.989 +01:00 [INF] Executed DbCommand (4ms) [Parameters=[], CommandType='"Text"', CommandTimeout='30']
IF OBJECT_ID(N'[__EFMigrationsHistory]') IS NULL
BEGIN
    CREATE TABLE [__EFMigrationsHistory] (
        [MigrationId] nvarchar(150) NOT NULL,
        [ProductVersion] nvarchar(32) NOT NULL,
        CONSTRAINT [PK___EFMigrationsHistory] PRIMARY KEY ([MigrationId])
    );
END;
2026-05-29 11:25:06.017 +01:00 [INF] Executed DbCommand (1ms) [Parameters=[], CommandType='"Text"', CommandTimeout='30']
SELECT 1
2026-05-29 11:25:06.021 +01:00 [INF] Executed DbCommand (1ms) [Parameters=[], CommandType='"Text"', CommandTimeout='30']
SELECT OBJECT_ID(N'[__EFMigrationsHistory]');
2026-05-29 11:25:06.049 +01:00 [INF] Executed DbCommand (22ms) [Parameters=[], CommandType='"Text"', CommandTimeout='30']
SELECT [MigrationId], [ProductVersion]
FROM [__EFMigrationsHistory]
ORDER BY [MigrationId];
2026-05-29 11:25:06.070 +01:00 [INF] No migrations were applied. The database is already up to date.
2026-05-29 11:25:06.081 +01:00 [INF] Executed DbCommand (3ms) [Parameters=[], CommandType='"Text"', CommandTimeout='30']
DECLARE @result int;
EXEC @result = sp_releaseapplock @Resource = '__EFMigrationsLock', @LockOwner = 'Session';
SELECT @result
2026-05-29 11:25:06.549 +01:00 [INF] Executed DbCommand (40ms) [Parameters=[], CommandType='"Text"', CommandTimeout='30']
SELECT CASE
    WHEN EXISTS (
        SELECT 1
        FROM [Veiculos] AS [v]) THEN CAST(1 AS bit)
    ELSE CAST(0 AS bit)
END
2026-05-29 11:25:06.561 +01:00 [INF] Executed DbCommand (2ms) [Parameters=[], CommandType='"Text"', CommandTimeout='30']
SELECT CASE
    WHEN EXISTS (
        SELECT 1
        FROM [RegistosManutencao] AS [r]) THEN CAST(1 AS bit)
    ELSE CAST(0 AS bit)
END
2026-05-29 11:25:06.905 +01:00 [INF] User profile is available. Using 'C:\Users\harri\AppData\Local\ASP.NET\DataProtection-Keys' as key repository and Windows DPAPI to encrypt keys at rest.
2026-05-29 11:25:07.735 +01:00 [INF] Now listening on: https://localhost:7231
2026-05-29 11:25:07.737 +01:00 [INF] Now listening on: http://localhost:5256
2026-05-29 11:25:07.928 +01:00 [INF] Application started. Press Ctrl+C to shut down.
2026-05-29 11:25:07.938 +01:00 [INF] Hosting environment: Development
2026-05-29 11:25:07.941 +01:00 [INF] Content root path: C:\Users\harri\OneDrive\Escritorio\Visual Studio\GestoreDeFrotas\GestoreDeFrotas
2026-05-29 11:25:41.245 +01:00 [INF] Request starting HTTP/2 GET https://localhost:7231/swagger/index.html - null null
2026-05-29 11:25:41.637 +01:00 [INF] Request finished HTTP/2 GET https://localhost:7231/swagger/index.html - 200 null text/html;charset=utf-8 403.9684ms
2026-05-29 11:25:41.729 +01:00 [INF] Request starting HTTP/2 GET https://localhost:7231/_framework/aspnetcore-browser-refresh.js - null null
2026-05-29 11:25:41.729 +01:00 [INF] Request starting HTTP/2 GET https://localhost:7231/swagger/index.js - null null
2026-05-29 11:25:41.790 +01:00 [INF] Request finished HTTP/2 GET https://localhost:7231/swagger/index.js - 200 null application/javascript;charset=utf-8 60.5331ms
2026-05-29 11:25:41.810 +01:00 [INF] Request finished HTTP/2 GET https://localhost:7231/_framework/aspnetcore-browser-refresh.js - 200 14935 application/javascript; charset=utf-8 81.3881ms
2026-05-29 11:25:42.689 +01:00 [INF] Request starting HTTP/2 GET https://localhost:7231/_vs/browserLink - null null
2026-05-29 11:25:42.794 +01:00 [INF] Request finished HTTP/2 GET https://localhost:7231/_vs/browserLink - 200 null text/javascript; charset=UTF-8 105.6417ms
2026-05-29 11:25:45.992 +01:00 [INF] Request starting HTTP/2 GET https://localhost:7231/swagger/v1/swagger.json - null null
2026-05-29 11:25:46.046 +01:00 [INF] Request finished HTTP/2 GET https://localhost:7231/swagger/v1/swagger.json - 200 null application/json;charset=utf-8 54.7302ms
2026-05-29 11:25:59.434 +01:00 [INF] Request starting HTTP/2 GET https://localhost:7231/api/logs/teste - null null
2026-05-29 11:25:59.453 +01:00 [INF] ➡️ Request: GET /api/logs/teste | User: Anónimo
2026-05-29 11:25:59.579 +01:00 [INF] Executing endpoint 'GestaoDeFrotas.Controllers.LoggingController.TestarLogs (GestoreDeFrotas)'
2026-05-29 11:25:59.606 +01:00 [INF] Route matched with {action = "TestarLogs", controller = "Logging"}. Executing controller action with signature Microsoft.AspNetCore.Mvc.IActionResult TestarLogs() on controller GestaoDeFrotas.Controllers.LoggingController (GestoreDeFrotas).
2026-05-29 11:25:59.615 +01:00 [INF] Teste de log executado com sucesso.
2026-05-29 11:25:59.628 +01:00 [INF] Executing OkObjectResult, writing value of type '<>f__AnonymousType2`1[[System.String, System.Private.CoreLib, Version=9.0.0.0, Culture=neutral, PublicKeyToken=7cec85d7bea7798e]]'.
2026-05-29 11:25:59.642 +01:00 [INF] Executed action GestaoDeFrotas.Controllers.LoggingController.TestarLogs (GestoreDeFrotas) in 29.7664ms
2026-05-29 11:25:59.644 +01:00 [INF] Executed endpoint 'GestaoDeFrotas.Controllers.LoggingController.TestarLogs (GestoreDeFrotas)'
2026-05-29 11:25:59.645 +01:00 [INF] ⬅️ Response: 200 | Tempo: 198ms
2026-05-29 11:25:59.649 +01:00 [INF] Request finished HTTP/2 GET https://localhost:7231/api/logs/teste - 200 null application/json; charset=utf-8 214.4525ms
2026-05-29 11:26:26.620 +01:00 [INF] Request starting HTTP/2 POST https://localhost:7231/api/auth/teste-token?cargo=Admin - null 0
2026-05-29 11:26:26.625 +01:00 [INF] ➡️ Request: POST /api/auth/teste-token | User: Anónimo
2026-05-29 11:26:26.628 +01:00 [INF] Executing endpoint 'HTTP: POST /api/auth/teste-token'
2026-05-29 11:26:26.721 +01:00 [INF] Setting HTTP status code 200.
2026-05-29 11:26:26.727 +01:00 [INF] Writing value of type '<>f__AnonymousType6`1' as Json.
2026-05-29 11:26:26.734 +01:00 [INF] Executed endpoint 'HTTP: POST /api/auth/teste-token'
2026-05-29 11:26:26.738 +01:00 [INF] ⬅️ Response: 200 | Tempo: 112ms
2026-05-29 11:26:26.745 +01:00 [INF] Request finished HTTP/2 POST https://localhost:7231/api/auth/teste-token?cargo=Admin - 200 null application/json; charset=utf-8 125.061ms
2026-05-29 11:27:05.038 +01:00 [INF] Request starting HTTP/2 GET https://localhost:7231/api/Abastecimentos - null null
2026-05-29 11:27:05.043 +01:00 [INF] ➡️ Request: GET /api/Abastecimentos | User: Anónimo
2026-05-29 11:27:05.752 +01:00 [INF] Executing endpoint 'GestaoDeFrotas.Controllers.AbastecimentosController.GetAll (GestoreDeFrotas)'
2026-05-29 11:27:05.772 +01:00 [INF] Route matched with {action = "GetAll", controller = "Abastecimentos"}. Executing controller action with signature System.Threading.Tasks.Task`1[Microsoft.AspNetCore.Mvc.IActionResult] GetAll() on controller GestaoDeFrotas.Controllers.AbastecimentosController (GestoreDeFrotas).
2026-05-29 11:27:07.408 +01:00 [INF] Executed DbCommand (99ms) [Parameters=[], CommandType='"Text"', CommandTimeout='30']
SELECT [a].[Id], [a].[Combustivel], [a].[ConsumoMedio], [a].[CustoTotal], [a].[Data], [a].[FaturaPath], [a].[KmAtual], [a].[KmPorLitro], [a].[Litros], [a].[Posto], [a].[PrecoPorLitro], [a].[VeiculoId], [v].[Id], [v].[Ano], [v].[Cor], [v].[Estado], [v].[Marca], [v].[Matricula], [v].[Modelo]
FROM [Abastecimentos] AS [a]
INNER JOIN [Veiculos] AS [v] ON [a].[VeiculoId] = [v].[Id]
ORDER BY [a].[Data] DESC
2026-05-29 11:27:07.436 +01:00 [INF] Executing OkObjectResult, writing value of type 'System.Collections.Generic.List`1[[GestaoDeFrotas.Models.Abastecimento, GestoreDeFrotas, Version=1.0.0.0, Culture=neutral, PublicKeyToken=null]]'.
2026-05-29 11:27:07.455 +01:00 [INF] Executed action GestaoDeFrotas.Controllers.AbastecimentosController.GetAll (GestoreDeFrotas) in 1680.0421ms
2026-05-29 11:27:07.459 +01:00 [INF] Executed endpoint 'GestaoDeFrotas.Controllers.AbastecimentosController.GetAll (GestoreDeFrotas)'
2026-05-29 11:27:07.464 +01:00 [INF] ⬅️ Response: 200 | Tempo: 2420ms
2026-05-29 11:27:07.473 +01:00 [INF] Request finished HTTP/2 GET https://localhost:7231/api/Abastecimentos - 200 null application/json; charset=utf-8 2435.2013ms
2026-05-29 11:27:20.799 +01:00 [INF] Request starting HTTP/2 POST https://localhost:7231/api/Abastecimentos - application/json 434
2026-05-29 11:27:20.805 +01:00 [INF] ➡️ Request: POST /api/Abastecimentos | User: Anónimo
2026-05-29 11:27:20.809 +01:00 [INF] Executing endpoint 'GestaoDeFrotas.Controllers.AbastecimentosController.Create (GestoreDeFrotas)'
2026-05-29 11:27:20.829 +01:00 [INF] Route matched with {action = "Create", controller = "Abastecimentos"}. Executing controller action with signature System.Threading.Tasks.Task`1[Microsoft.AspNetCore.Mvc.IActionResult] Create(GestaoDeFrotas.Models.Abastecimento) on controller GestaoDeFrotas.Controllers.AbastecimentosController (GestoreDeFrotas).
2026-05-29 11:27:21.065 +01:00 [INF] Executed DbCommand (68ms) [Parameters=[@__ab_VeiculoId_0='?' (DbType = Int32)], CommandType='"Text"', CommandTimeout='30']
SELECT TOP(1) [a].[Id], [a].[Combustivel], [a].[ConsumoMedio], [a].[CustoTotal], [a].[Data], [a].[FaturaPath], [a].[KmAtual], [a].[KmPorLitro], [a].[Litros], [a].[Posto], [a].[PrecoPorLitro], [a].[VeiculoId]
FROM [Abastecimentos] AS [a]
WHERE [a].[VeiculoId] = @__ab_VeiculoId_0
ORDER BY [a].[Data] DESC
2026-05-29 11:27:21.900 +01:00 [INF] Executed DbCommand (624ms) [Parameters=[@p0='?' (DbType = Int32), @p1='?' (Size = 4000), @p2='?' (Size = 4000), @p3='?' (Size = 50), @p4='?' (Size = 4000), @p5='?' (Size = 4000)], CommandType='"Text"', CommandTimeout='30']
SET IMPLICIT_TRANSACTIONS OFF;
SET NOCOUNT ON;
INSERT INTO [Veiculos] ([Ano], [Cor], [Estado], [Marca], [Matricula], [Modelo])
OUTPUT INSERTED.[Id]
VALUES (@p0, @p1, @p2, @p3, @p4, @p5);
2026-05-29 11:27:21.939 +01:00 [INF] Executed DbCommand (19ms) [Parameters=[@p6='?' (Size = 4000), @p7='?' (DbType = Double), @p8='?' (DbType = Double), @p9='?' (DbType = DateTime2), @p10='?' (Size = 4000), @p11='?' (DbType = Int32), @p12='?' (DbType = Double), @p13='?' (DbType = Double), @p14='?' (Size = 4000), @p15='?' (DbType = Double), @p16='?' (DbType = Int32)], CommandType='"Text"', CommandTimeout='30']
SET IMPLICIT_TRANSACTIONS OFF;
SET NOCOUNT ON;
INSERT INTO [Abastecimentos] ([Combustivel], [ConsumoMedio], [CustoTotal], [Data], [FaturaPath], [KmAtual], [KmPorLitro], [Litros], [Posto], [PrecoPorLitro], [VeiculoId])
OUTPUT INSERTED.[Id]
VALUES (@p6, @p7, @p8, @p9, @p10, @p11, @p12, @p13, @p14, @p15, @p16);
2026-05-29 11:27:21.966 +01:00 [INF] Executing OkObjectResult, writing value of type 'GestaoDeFrotas.Models.Abastecimento'.
2026-05-29 11:27:21.980 +01:00 [INF] Executed action GestaoDeFrotas.Controllers.AbastecimentosController.Create (GestoreDeFrotas) in 1148.0329ms
2026-05-29 11:27:21.983 +01:00 [INF] Executed endpoint 'GestaoDeFrotas.Controllers.AbastecimentosController.Create (GestoreDeFrotas)'
2026-05-29 11:27:21.986 +01:00 [INF] ⬅️ Response: 200 | Tempo: 1181ms
2026-05-29 11:27:21.991 +01:00 [INF] Request finished HTTP/2 POST https://localhost:7231/api/Abastecimentos - 200 null application/json; charset=utf-8 1192.2458ms
2026-05-29 11:27:40.557 +01:00 [INF] Request starting HTTP/2 POST https://localhost:7231/api/Abastecimentos - application/*+json 434
2026-05-29 11:27:40.563 +01:00 [INF] ➡️ Request: POST /api/Abastecimentos | User: Anónimo
2026-05-29 11:27:40.586 +01:00 [INF] Executing endpoint 'GestaoDeFrotas.Controllers.AbastecimentosController.Create (GestoreDeFrotas)'
2026-05-29 11:27:40.588 +01:00 [INF] Route matched with {action = "Create", controller = "Abastecimentos"}. Executing controller action with signature System.Threading.Tasks.Task`1[Microsoft.AspNetCore.Mvc.IActionResult] Create(GestaoDeFrotas.Models.Abastecimento) on controller GestaoDeFrotas.Controllers.AbastecimentosController (GestoreDeFrotas).
2026-05-29 11:27:40.637 +01:00 [INF] Executed DbCommand (35ms) [Parameters=[@__ab_VeiculoId_0='?' (DbType = Int32)], CommandType='"Text"', CommandTimeout='30']
SELECT TOP(1) [a].[Id], [a].[Combustivel], [a].[ConsumoMedio], [a].[CustoTotal], [a].[Data], [a].[FaturaPath], [a].[KmAtual], [a].[KmPorLitro], [a].[Litros], [a].[Posto], [a].[PrecoPorLitro], [a].[VeiculoId]
FROM [Abastecimentos] AS [a]
WHERE [a].[VeiculoId] = @__ab_VeiculoId_0
ORDER BY [a].[Data] DESC
2026-05-29 11:27:40.647 +01:00 [INF] Executed DbCommand (0ms) [Parameters=[@p0='?' (DbType = Int32), @p1='?' (Size = 4000), @p2='?' (Size = 4000), @p3='?' (Size = 50), @p4='?' (Size = 4000), @p5='?' (Size = 4000)], CommandType='"Text"', CommandTimeout='30']
SET IMPLICIT_TRANSACTIONS OFF;
SET NOCOUNT ON;
INSERT INTO [Veiculos] ([Ano], [Cor], [Estado], [Marca], [Matricula], [Modelo])
OUTPUT INSERTED.[Id]
VALUES (@p0, @p1, @p2, @p3, @p4, @p5);
2026-05-29 11:27:40.652 +01:00 [INF] Executed DbCommand (1ms) [Parameters=[@p6='?' (Size = 4000), @p7='?' (DbType = Double), @p8='?' (DbType = Double), @p9='?' (DbType = DateTime2), @p10='?' (Size = 4000), @p11='?' (DbType = Int32), @p12='?' (DbType = Double), @p13='?' (DbType = Double), @p14='?' (Size = 4000), @p15='?' (DbType = Double), @p16='?' (DbType = Int32)], CommandType='"Text"', CommandTimeout='30']
SET IMPLICIT_TRANSACTIONS OFF;
SET NOCOUNT ON;
INSERT INTO [Abastecimentos] ([Combustivel], [ConsumoMedio], [CustoTotal], [Data], [FaturaPath], [KmAtual], [KmPorLitro], [Litros], [Posto], [PrecoPorLitro], [VeiculoId])
OUTPUT INSERTED.[Id]
VALUES (@p6, @p7, @p8, @p9, @p10, @p11, @p12, @p13, @p14, @p15, @p16);
2026-05-29 11:27:40.658 +01:00 [INF] Executing OkObjectResult, writing value of type 'GestaoDeFrotas.Models.Abastecimento'.
2026-05-29 11:27:40.661 +01:00 [INF] Executed action GestaoDeFrotas.Controllers.AbastecimentosController.Create (GestoreDeFrotas) in 65.641ms
2026-05-29 11:27:40.664 +01:00 [INF] Executed endpoint 'GestaoDeFrotas.Controllers.AbastecimentosController.Create (GestoreDeFrotas)'
2026-05-29 11:27:40.668 +01:00 [INF] ⬅️ Response: 200 | Tempo: 104ms
2026-05-29 11:27:40.670 +01:00 [INF] Request finished HTTP/2 POST https://localhost:7231/api/Abastecimentos - 200 null application/json; charset=utf-8 113.1811ms
2026-05-29 11:29:25.847 +01:00 [INF] Request starting HTTP/2 POST https://localhost:7231/api/Abastecimentos - application/*+json 440
2026-05-29 11:29:25.850 +01:00 [INF] ➡️ Request: POST /api/Abastecimentos | User: Anónimo
2026-05-29 11:29:25.852 +01:00 [INF] Executing endpoint 'GestaoDeFrotas.Controllers.AbastecimentosController.Create (GestoreDeFrotas)'
2026-05-29 11:29:25.853 +01:00 [INF] Route matched with {action = "Create", controller = "Abastecimentos"}. Executing controller action with signature System.Threading.Tasks.Task`1[Microsoft.AspNetCore.Mvc.IActionResult] Create(GestaoDeFrotas.Models.Abastecimento) on controller GestaoDeFrotas.Controllers.AbastecimentosController (GestoreDeFrotas).
2026-05-29 11:29:25.862 +01:00 [INF] Executing BadRequestObjectResult, writing value of type 'Microsoft.AspNetCore.Mvc.ValidationProblemDetails'.
2026-05-29 11:29:25.893 +01:00 [INF] Executed action GestaoDeFrotas.Controllers.AbastecimentosController.Create (GestoreDeFrotas) in 35.1724ms
2026-05-29 11:29:25.923 +01:00 [INF] Executed endpoint 'GestaoDeFrotas.Controllers.AbastecimentosController.Create (GestoreDeFrotas)'
2026-05-29 11:29:25.924 +01:00 [INF] ⬅️ Response: 400 | Tempo: 74ms
2026-05-29 11:29:25.925 +01:00 [INF] Request finished HTTP/2 POST https://localhost:7231/api/Abastecimentos - 400 null application/problem+json; charset=utf-8 81.074ms
2026-05-29 11:29:53.512 +01:00 [INF] Request starting HTTP/2 POST https://localhost:7231/api/Abastecimentos - application/*+json 439
2026-05-29 11:29:53.549 +01:00 [INF] ➡️ Request: POST /api/Abastecimentos | User: Anónimo
2026-05-29 11:29:53.550 +01:00 [INF] Executing endpoint 'GestaoDeFrotas.Controllers.AbastecimentosController.Create (GestoreDeFrotas)'
2026-05-29 11:29:53.552 +01:00 [INF] Route matched with {action = "Create", controller = "Abastecimentos"}. Executing controller action with signature System.Threading.Tasks.Task`1[Microsoft.AspNetCore.Mvc.IActionResult] Create(GestaoDeFrotas.Models.Abastecimento) on controller GestaoDeFrotas.Controllers.AbastecimentosController (GestoreDeFrotas).
2026-05-29 11:29:53.565 +01:00 [INF] Executed DbCommand (5ms) [Parameters=[@__ab_VeiculoId_0='?' (DbType = Int32)], CommandType='"Text"', CommandTimeout='30']
SELECT TOP(1) [a].[Id], [a].[Combustivel], [a].[ConsumoMedio], [a].[CustoTotal], [a].[Data], [a].[FaturaPath], [a].[KmAtual], [a].[KmPorLitro], [a].[Litros], [a].[Posto], [a].[PrecoPorLitro], [a].[VeiculoId]
FROM [Abastecimentos] AS [a]
WHERE [a].[VeiculoId] = @__ab_VeiculoId_0
ORDER BY [a].[Data] DESC
2026-05-29 11:29:53.607 +01:00 [ERR] Failed executing DbCommand (32ms) [Parameters=[@p0='?' (DbType = Int32), @p1='?' (DbType = Int32), @p2='?' (Size = 4000), @p3='?' (Size = 4000), @p4='?' (Size = 50), @p5='?' (Size = 4000), @p6='?' (Size = 4000), @p7='?' (Size = 4000), @p8='?' (DbType = Double), @p9='?' (DbType = Double), @p10='?' (DbType = DateTime2), @p11='?' (Size = 4000), @p12='?' (DbType = Int32), @p13='?' (DbType = Double), @p14='?' (DbType = Double), @p15='?' (Size = 4000), @p16='?' (DbType = Double), @p17='?' (DbType = Int32)], CommandType='"Text"', CommandTimeout='30']
SET NOCOUNT ON;
INSERT INTO [Veiculos] ([Id], [Ano], [Cor], [Estado], [Marca], [Matricula], [Modelo])
VALUES (@p0, @p1, @p2, @p3, @p4, @p5, @p6);
INSERT INTO [Abastecimentos] ([Combustivel], [ConsumoMedio], [CustoTotal], [Data], [FaturaPath], [KmAtual], [KmPorLitro], [Litros], [Posto], [PrecoPorLitro], [VeiculoId])
OUTPUT INSERTED.[Id]
VALUES (@p7, @p8, @p9, @p10, @p11, @p12, @p13, @p14, @p15, @p16, @p17);
2026-05-29 11:29:53.695 +01:00 [ERR] An exception occurred in the database while saving changes for context type 'GestaoDeFrotas.Data.AppDbContext'.
Microsoft.EntityFrameworkCore.DbUpdateException: An error occurred while saving the entity changes. See the inner exception for details.
 ---> Microsoft.Data.SqlClient.SqlException (0x80131904): Cannot insert explicit value for identity column in table 'Veiculos' when IDENTITY_INSERT is set to OFF.
   at Microsoft.Data.SqlClient.SqlCommand.<>c.<ExecuteDbDataReaderAsync>b__211_0(Task`1 result)
   at System.Threading.Tasks.ContinuationResultTaskFromResultTask`2.InnerInvoke()
   at System.Threading.ExecutionContext.RunInternal(ExecutionContext executionContext, ContextCallback callback, Object state)
--- End of stack trace from previous location ---
   at System.Threading.ExecutionContext.RunInternal(ExecutionContext executionContext, ContextCallback callback, Object state)
   at System.Threading.Tasks.Task.ExecuteWithThreadLocal(Task& currentTaskSlot, Thread threadPoolThread)
--- End of stack trace from previous location ---
   at Microsoft.EntityFrameworkCore.Storage.RelationalCommand.ExecuteReaderAsync(RelationalCommandParameterObject parameterObject, CancellationToken cancellationToken)
   at Microsoft.EntityFrameworkCore.Storage.RelationalCommand.ExecuteReaderAsync(RelationalCommandParameterObject parameterObject, CancellationToken cancellationToken)
   at Microsoft.EntityFrameworkCore.Update.ReaderModificationCommandBatch.ExecuteAsync(IRelationalConnection connection, CancellationToken cancellationToken)
ClientConnectionId:88d18331-0be7-4c0d-92b3-870437e26d6e
Error Number:544,State:1,Class:16
   --- End of inner exception stack trace ---
   at Microsoft.EntityFrameworkCore.Update.ReaderModificationCommandBatch.ExecuteAsync(IRelationalConnection connection, CancellationToken cancellationToken)
   at Microsoft.EntityFrameworkCore.SqlServer.Update.Internal.SqlServerModificationCommandBatch.ExecuteAsync(IRelationalConnection connection, CancellationToken cancellationToken)
   at Microsoft.EntityFrameworkCore.Update.Internal.BatchExecutor.ExecuteAsync(IEnumerable`1 commandBatches, IRelationalConnection connection, CancellationToken cancellationToken)
   at Microsoft.EntityFrameworkCore.Update.Internal.BatchExecutor.ExecuteAsync(IEnumerable`1 commandBatches, IRelationalConnection connection, CancellationToken cancellationToken)
   at Microsoft.EntityFrameworkCore.Update.Internal.BatchExecutor.ExecuteAsync(IEnumerable`1 commandBatches, IRelationalConnection connection, CancellationToken cancellationToken)
   at Microsoft.EntityFrameworkCore.Storage.RelationalDatabase.SaveChangesAsync(IList`1 entries, CancellationToken cancellationToken)
   at Microsoft.EntityFrameworkCore.ChangeTracking.Internal.StateManager.SaveChangesAsync(IList`1 entriesToSave, CancellationToken cancellationToken)
   at Microsoft.EntityFrameworkCore.ChangeTracking.Internal.StateManager.SaveChangesAsync(StateManager stateManager, Boolean acceptAllChangesOnSuccess, CancellationToken cancellationToken)
   at Microsoft.EntityFrameworkCore.SqlServer.Storage.Internal.SqlServerExecutionStrategy.ExecuteAsync[TState,TResult](TState state, Func`4 operation, Func`4 verifySucceeded, CancellationToken cancellationToken)
   at Microsoft.EntityFrameworkCore.DbContext.SaveChangesAsync(Boolean acceptAllChangesOnSuccess, CancellationToken cancellationToken)
Microsoft.EntityFrameworkCore.DbUpdateException: An error occurred while saving the entity changes. See the inner exception for details.
 ---> Microsoft.Data.SqlClient.SqlException (0x80131904): Cannot insert explicit value for identity column in table 'Veiculos' when IDENTITY_INSERT is set to OFF.
   at Microsoft.Data.SqlClient.SqlCommand.<>c.<ExecuteDbDataReaderAsync>b__211_0(Task`1 result)
   at System.Threading.Tasks.ContinuationResultTaskFromResultTask`2.InnerInvoke()
   at System.Threading.ExecutionContext.RunInternal(ExecutionContext executionContext, ContextCallback callback, Object state)
--- End of stack trace from previous location ---
   at System.Threading.ExecutionContext.RunInternal(ExecutionContext executionContext, ContextCallback callback, Object state)
   at System.Threading.Tasks.Task.ExecuteWithThreadLocal(Task& currentTaskSlot, Thread threadPoolThread)
--- End of stack trace from previous location ---
   at Microsoft.EntityFrameworkCore.Storage.RelationalCommand.ExecuteReaderAsync(RelationalCommandParameterObject parameterObject, CancellationToken cancellationToken)
   at Microsoft.EntityFrameworkCore.Storage.RelationalCommand.ExecuteReaderAsync(RelationalCommandParameterObject parameterObject, CancellationToken cancellationToken)
   at Microsoft.EntityFrameworkCore.Update.ReaderModificationCommandBatch.ExecuteAsync(IRelationalConnection connection, CancellationToken cancellationToken)
ClientConnectionId:88d18331-0be7-4c0d-92b3-870437e26d6e
Error Number:544,State:1,Class:16
   --- End of inner exception stack trace ---
   at Microsoft.EntityFrameworkCore.Update.ReaderModificationCommandBatch.ExecuteAsync(IRelationalConnection connection, CancellationToken cancellationToken)
   at Microsoft.EntityFrameworkCore.SqlServer.Update.Internal.SqlServerModificationCommandBatch.ExecuteAsync(IRelationalConnection connection, CancellationToken cancellationToken)
   at Microsoft.EntityFrameworkCore.Update.Internal.BatchExecutor.ExecuteAsync(IEnumerable`1 commandBatches, IRelationalConnection connection, CancellationToken cancellationToken)
   at Microsoft.EntityFrameworkCore.Update.Internal.BatchExecutor.ExecuteAsync(IEnumerable`1 commandBatches, IRelationalConnection connection, CancellationToken cancellationToken)
   at Microsoft.EntityFrameworkCore.Update.Internal.BatchExecutor.ExecuteAsync(IEnumerable`1 commandBatches, IRelationalConnection connection, CancellationToken cancellationToken)
   at Microsoft.EntityFrameworkCore.Storage.RelationalDatabase.SaveChangesAsync(IList`1 entries, CancellationToken cancellationToken)
   at Microsoft.EntityFrameworkCore.ChangeTracking.Internal.StateManager.SaveChangesAsync(IList`1 entriesToSave, CancellationToken cancellationToken)
   at Microsoft.EntityFrameworkCore.ChangeTracking.Internal.StateManager.SaveChangesAsync(StateManager stateManager, Boolean acceptAllChangesOnSuccess, CancellationToken cancellationToken)
   at Microsoft.EntityFrameworkCore.SqlServer.Storage.Internal.SqlServerExecutionStrategy.ExecuteAsync[TState,TResult](TState state, Func`4 operation, Func`4 verifySucceeded, CancellationToken cancellationToken)
   at Microsoft.EntityFrameworkCore.DbContext.SaveChangesAsync(Boolean acceptAllChangesOnSuccess, CancellationToken cancellationToken)
2026-05-29 11:29:54.452 +01:00 [INF] Executing BadRequestObjectResult, writing value of type '<>f__AnonymousType0`1[[System.String, System.Private.CoreLib, Version=9.0.0.0, Culture=neutral, PublicKeyToken=7cec85d7bea7798e]]'.
2026-05-29 11:29:54.457 +01:00 [INF] Executed action GestaoDeFrotas.Controllers.AbastecimentosController.Create (GestoreDeFrotas) in 899.3245ms
2026-05-29 11:29:54.465 +01:00 [INF] Executed endpoint 'GestaoDeFrotas.Controllers.AbastecimentosController.Create (GestoreDeFrotas)'
2026-05-29 11:29:54.467 +01:00 [INF] ⬅️ Response: 400 | Tempo: 917ms
2026-05-29 11:29:54.471 +01:00 [INF] Request finished HTTP/2 POST https://localhost:7231/api/Abastecimentos - 400 null application/json; charset=utf-8 958.1356ms
2026-05-29 11:30:02.124 +01:00 [INF] Request starting HTTP/2 GET https://localhost:7231/api/Abastecimentos - null null
2026-05-29 11:30:02.127 +01:00 [INF] ➡️ Request: GET /api/Abastecimentos | User: Anónimo
2026-05-29 11:30:02.131 +01:00 [INF] Executing endpoint 'GestaoDeFrotas.Controllers.AbastecimentosController.GetAll (GestoreDeFrotas)'
2026-05-29 11:30:02.133 +01:00 [INF] Route matched with {action = "GetAll", controller = "Abastecimentos"}. Executing controller action with signature System.Threading.Tasks.Task`1[Microsoft.AspNetCore.Mvc.IActionResult] GetAll() on controller GestaoDeFrotas.Controllers.AbastecimentosController (GestoreDeFrotas).
2026-05-29 11:30:02.168 +01:00 [INF] Executed DbCommand (23ms) [Parameters=[], CommandType='"Text"', CommandTimeout='30']
SELECT [a].[Id], [a].[Combustivel], [a].[ConsumoMedio], [a].[CustoTotal], [a].[Data], [a].[FaturaPath], [a].[KmAtual], [a].[KmPorLitro], [a].[Litros], [a].[Posto], [a].[PrecoPorLitro], [a].[VeiculoId], [v].[Id], [v].[Ano], [v].[Cor], [v].[Estado], [v].[Marca], [v].[Matricula], [v].[Modelo]
FROM [Abastecimentos] AS [a]
INNER JOIN [Veiculos] AS [v] ON [a].[VeiculoId] = [v].[Id]
ORDER BY [a].[Data] DESC
2026-05-29 11:30:02.184 +01:00 [INF] Executing OkObjectResult, writing value of type 'System.Collections.Generic.List`1[[GestaoDeFrotas.Models.Abastecimento, GestoreDeFrotas, Version=1.0.0.0, Culture=neutral, PublicKeyToken=null]]'.
2026-05-29 11:30:02.190 +01:00 [INF] Executed action GestaoDeFrotas.Controllers.AbastecimentosController.GetAll (GestoreDeFrotas) in 46.3238ms
2026-05-29 11:30:02.193 +01:00 [INF] Executed endpoint 'GestaoDeFrotas.Controllers.AbastecimentosController.GetAll (GestoreDeFrotas)'
2026-05-29 11:30:02.195 +01:00 [INF] ⬅️ Response: 200 | Tempo: 68ms
2026-05-29 11:30:02.197 +01:00 [INF] Request finished HTTP/2 GET https://localhost:7231/api/Abastecimentos - 200 null application/json; charset=utf-8 73.4801ms
2026-05-29 11:30:25.842 +01:00 [INF] Request starting HTTP/2 GET https://localhost:7231/api/Abastecimentos/veiculo/0 - null null
2026-05-29 11:30:25.846 +01:00 [INF] ➡️ Request: GET /api/Abastecimentos/veiculo/0 | User: Anónimo
2026-05-29 11:30:25.848 +01:00 [INF] Executing endpoint 'GestaoDeFrotas.Controllers.AbastecimentosController.GetByVeiculo (GestoreDeFrotas)'
2026-05-29 11:30:25.860 +01:00 [INF] Route matched with {action = "GetByVeiculo", controller = "Abastecimentos"}. Executing controller action with signature System.Threading.Tasks.Task`1[Microsoft.AspNetCore.Mvc.IActionResult] GetByVeiculo(Int32) on controller GestaoDeFrotas.Controllers.AbastecimentosController (GestoreDeFrotas).
2026-05-29 11:30:25.883 +01:00 [INF] Executed DbCommand (6ms) [Parameters=[@__veiculoId_0='?' (DbType = Int32)], CommandType='"Text"', CommandTimeout='30']
SELECT [a].[Id], [a].[Combustivel], [a].[ConsumoMedio], [a].[CustoTotal], [a].[Data], [a].[FaturaPath], [a].[KmAtual], [a].[KmPorLitro], [a].[Litros], [a].[Posto], [a].[PrecoPorLitro], [a].[VeiculoId]
FROM [Abastecimentos] AS [a]
WHERE [a].[VeiculoId] = @__veiculoId_0
ORDER BY [a].[Data] DESC
2026-05-29 11:30:25.890 +01:00 [INF] Executing OkObjectResult, writing value of type 'System.Collections.Generic.List`1[[GestaoDeFrotas.Models.Abastecimento, GestoreDeFrotas, Version=1.0.0.0, Culture=neutral, PublicKeyToken=null]]'.
2026-05-29 11:30:25.892 +01:00 [INF] Executed action GestaoDeFrotas.Controllers.AbastecimentosController.GetByVeiculo (GestoreDeFrotas) in 29.9037ms
2026-05-29 11:30:25.906 +01:00 [INF] Executed endpoint 'GestaoDeFrotas.Controllers.AbastecimentosController.GetByVeiculo (GestoreDeFrotas)'
2026-05-29 11:30:25.908 +01:00 [INF] ⬅️ Response: 200 | Tempo: 62ms
2026-05-29 11:30:25.910 +01:00 [INF] Request finished HTTP/2 GET https://localhost:7231/api/Abastecimentos/veiculo/0 - 200 null application/json; charset=utf-8 68.1279ms
2026-05-29 11:30:36.853 +01:00 [INF] Request starting HTTP/2 GET https://localhost:7231/api/Dashboard - null null
2026-05-29 11:30:36.858 +01:00 [INF] ➡️ Request: GET /api/Dashboard | User: Anónimo
2026-05-29 11:30:36.861 +01:00 [INF] Executing endpoint 'GestaoDeFrotas.Controllers.DashboardController.GetEstatisticas (GestoreDeFrotas)'
2026-05-29 11:30:36.865 +01:00 [INF] Route matched with {action = "GetEstatisticas", controller = "Dashboard"}. Executing controller action with signature Microsoft.AspNetCore.Mvc.IActionResult GetEstatisticas() on controller GestaoDeFrotas.Controllers.DashboardController (GestoreDeFrotas).
2026-05-29 11:30:36.917 +01:00 [INF] Executed DbCommand (21ms) [Parameters=[], CommandType='"Text"', CommandTimeout='30']
SELECT COUNT(*)
FROM [Veiculos] AS [v]
2026-05-29 11:30:36.941 +01:00 [INF] Executed DbCommand (12ms) [Parameters=[], CommandType='"Text"', CommandTimeout='30']
SELECT COUNT(*)
FROM [Veiculos] AS [v]
WHERE [v].[Estado] = N'Disponível'
2026-05-29 11:30:36.953 +01:00 [INF] Executed DbCommand (1ms) [Parameters=[], CommandType='"Text"', CommandTimeout='30']
SELECT COUNT(*)
FROM [Veiculos] AS [v]
WHERE [v].[Estado] = N'Alugado'
2026-05-29 11:30:36.958 +01:00 [INF] Executed DbCommand (0ms) [Parameters=[], CommandType='"Text"', CommandTimeout='30']
SELECT COUNT(*)
FROM [Veiculos] AS [v]
WHERE [v].[Estado] = N'Em Manutenção'
2026-05-29 11:30:36.982 +01:00 [INF] Executed DbCommand (7ms) [Parameters=[], CommandType='"Text"', CommandTimeout='30']
SELECT COALESCE(SUM([r].[Custo]), 0.0)
FROM [RegistosManutencao] AS [r]
2026-05-29 11:30:36.995 +01:00 [INF] Executed DbCommand (4ms) [Parameters=[], CommandType='"Text"', CommandTimeout='30']
SELECT COUNT(*)
FROM [RegistosManutencao] AS [r]
2026-05-29 11:30:37.003 +01:00 [INF] Executing OkObjectResult, writing value of type '<>f__AnonymousType1`6[[System.Int32, System.Private.CoreLib, Version=9.0.0.0, Culture=neutral, PublicKeyToken=7cec85d7bea7798e],[System.Int32, System.Private.CoreLib, Version=9.0.0.0, Culture=neutral, PublicKeyToken=7cec85d7bea7798e],[System.Int32, System.Private.CoreLib, Version=9.0.0.0, Culture=neutral, PublicKeyToken=7cec85d7bea7798e],[System.Int32, System.Private.CoreLib, Version=9.0.0.0, Culture=neutral, PublicKeyToken=7cec85d7bea7798e],[System.Decimal, System.Private.CoreLib, Version=9.0.0.0, Culture=neutral, PublicKeyToken=7cec85d7bea7798e],[System.Int32, System.Private.CoreLib, Version=9.0.0.0, Culture=neutral, PublicKeyToken=7cec85d7bea7798e]]'.
2026-05-29 11:30:37.012 +01:00 [INF] Executed action GestaoDeFrotas.Controllers.DashboardController.GetEstatisticas (GestoreDeFrotas) in 138.3561ms
2026-05-29 11:30:37.015 +01:00 [INF] Executed endpoint 'GestaoDeFrotas.Controllers.DashboardController.GetEstatisticas (GestoreDeFrotas)'
2026-05-29 11:30:37.016 +01:00 [INF] ⬅️ Response: 200 | Tempo: 158ms
2026-05-29 11:30:37.024 +01:00 [INF] Request finished HTTP/2 GET https://localhost:7231/api/Dashboard - 200 null application/json; charset=utf-8 170.8075ms
2026-05-29 11:31:11.275 +01:00 [INF] Application is shutting down...
2026-05-29 11:51:26.694 +01:00 [INF] Executed DbCommand (28ms) [Parameters=[], CommandType='"Text"', CommandTimeout='30']
SELECT 1
2026-05-29 11:51:26.997 +01:00 [INF] Acquiring an exclusive lock for migration application. See https://aka.ms/efcore-docs-migrations-lock for more information if this takes too long.
2026-05-29 11:51:27.034 +01:00 [INF] Executed DbCommand (31ms) [Parameters=[], CommandType='"Text"', CommandTimeout='30']
DECLARE @result int;
EXEC @result = sp_getapplock @Resource = '__EFMigrationsLock', @LockOwner = 'Session', @LockMode = 'Exclusive';
SELECT @result
2026-05-29 11:51:27.371 +01:00 [INF] Executed DbCommand (21ms) [Parameters=[], CommandType='"Text"', CommandTimeout='30']
IF OBJECT_ID(N'[__EFMigrationsHistory]') IS NULL
BEGIN
    CREATE TABLE [__EFMigrationsHistory] (
        [MigrationId] nvarchar(150) NOT NULL,
        [ProductVersion] nvarchar(32) NOT NULL,
        CONSTRAINT [PK___EFMigrationsHistory] PRIMARY KEY ([MigrationId])
    );
END;
2026-05-29 11:51:27.403 +01:00 [INF] Executed DbCommand (1ms) [Parameters=[], CommandType='"Text"', CommandTimeout='30']
SELECT 1
2026-05-29 11:51:27.407 +01:00 [INF] Executed DbCommand (1ms) [Parameters=[], CommandType='"Text"', CommandTimeout='30']
SELECT OBJECT_ID(N'[__EFMigrationsHistory]');
2026-05-29 11:51:27.613 +01:00 [INF] Executed DbCommand (186ms) [Parameters=[], CommandType='"Text"', CommandTimeout='30']
SELECT [MigrationId], [ProductVersion]
FROM [__EFMigrationsHistory]
ORDER BY [MigrationId];
2026-05-29 11:51:27.678 +01:00 [INF] No migrations were applied. The database is already up to date.
2026-05-29 11:51:27.803 +01:00 [INF] Executed DbCommand (118ms) [Parameters=[], CommandType='"Text"', CommandTimeout='30']
DECLARE @result int;
EXEC @result = sp_releaseapplock @Resource = '__EFMigrationsLock', @LockOwner = 'Session';
SELECT @result
2026-05-29 11:51:28.713 +01:00 [INF] Executed DbCommand (6ms) [Parameters=[], CommandType='"Text"', CommandTimeout='30']
SELECT CASE
    WHEN EXISTS (
        SELECT 1
        FROM [Veiculos] AS [v]) THEN CAST(1 AS bit)
    ELSE CAST(0 AS bit)
END
2026-05-29 11:51:28.726 +01:00 [INF] Executed DbCommand (4ms) [Parameters=[], CommandType='"Text"', CommandTimeout='30']
SELECT CASE
    WHEN EXISTS (
        SELECT 1
        FROM [RegistosManutencao] AS [r]) THEN CAST(1 AS bit)
    ELSE CAST(0 AS bit)
END
2026-05-29 11:51:29.055 +01:00 [INF] User profile is available. Using 'C:\Users\harri\AppData\Local\ASP.NET\DataProtection-Keys' as key repository and Windows DPAPI to encrypt keys at rest.
2026-05-29 11:51:29.678 +01:00 [INF] Now listening on: https://localhost:7231
2026-05-29 11:51:29.679 +01:00 [INF] Now listening on: http://localhost:5256
2026-05-29 11:51:29.856 +01:00 [INF] Application started. Press Ctrl+C to shut down.
2026-05-29 11:51:29.860 +01:00 [INF] Hosting environment: Development
2026-05-29 11:51:29.862 +01:00 [INF] Content root path: C:\Users\harri\OneDrive\Escritorio\Visual Studio\GestoreDeFrotas\GestoreDeFrotas
2026-05-29 11:51:30.073 +01:00 [INF] Request starting HTTP/2 GET https://localhost:7231/swagger/index.html - null null
2026-05-29 11:51:30.391 +01:00 [INF] Request finished HTTP/2 GET https://localhost:7231/swagger/index.html - 200 null text/html;charset=utf-8 334.2123ms
2026-05-29 11:51:30.478 +01:00 [INF] Request starting HTTP/2 GET https://localhost:7231/_vs/browserLink - null null
2026-05-29 11:51:30.478 +01:00 [INF] Request starting HTTP/2 GET https://localhost:7231/swagger/index.js - null null
2026-05-29 11:51:30.478 +01:00 [INF] Request starting HTTP/2 GET https://localhost:7231/_framework/aspnetcore-browser-refresh.js - null null
2026-05-29 11:51:30.526 +01:00 [INF] Request finished HTTP/2 GET https://localhost:7231/swagger/index.js - 200 null application/javascript;charset=utf-8 48.2763ms
2026-05-29 11:51:30.549 +01:00 [INF] Request finished HTTP/2 GET https://localhost:7231/_framework/aspnetcore-browser-refresh.js - 200 14935 application/javascript; charset=utf-8 71.5655ms
2026-05-29 11:51:30.582 +01:00 [INF] Request finished HTTP/2 GET https://localhost:7231/_vs/browserLink - 200 null text/javascript; charset=UTF-8 103.7818ms
2026-05-29 11:51:32.598 +01:00 [INF] Request starting HTTP/2 GET https://localhost:7231/swagger/v1/swagger.json - null null
2026-05-29 11:51:32.652 +01:00 [INF] Request finished HTTP/2 GET https://localhost:7231/swagger/v1/swagger.json - 200 null application/json;charset=utf-8 54.4264ms
2026-05-29 11:51:40.577 +01:00 [INF] Request starting HTTP/2 GET https://localhost:7231/api/Abastecimentos - null null
2026-05-29 11:51:40.595 +01:00 [INF] ➡️ Request: GET /api/Abastecimentos | User: Anónimo
2026-05-29 11:51:40.714 +01:00 [INF] Authorization failed. These requirements were not met:
DenyAnonymousAuthorizationRequirement: Requires an authenticated user.
2026-05-29 11:51:40.724 +01:00 [INF] AuthenticationScheme: Bearer was challenged.
2026-05-29 11:51:40.725 +01:00 [INF] ⬅️ Response: 401 | Tempo: 134ms
2026-05-29 11:51:40.727 +01:00 [INF] Request finished HTTP/2 GET https://localhost:7231/api/Abastecimentos - 401 0 null 150.0313ms
2026-05-29 11:51:58.634 +01:00 [INF] Request starting HTTP/2 POST https://localhost:7231/api/auth/teste-token?cargo=Admin - null 0
2026-05-29 11:51:58.642 +01:00 [INF] ➡️ Request: POST /api/auth/teste-token | User: Anónimo
2026-05-29 11:51:58.659 +01:00 [INF] Executing endpoint 'HTTP: POST /api/auth/teste-token'
2026-05-29 11:51:58.758 +01:00 [INF] Setting HTTP status code 200.
2026-05-29 11:51:58.763 +01:00 [INF] Writing value of type '<>f__AnonymousType6`1' as Json.
2026-05-29 11:51:58.769 +01:00 [INF] Executed endpoint 'HTTP: POST /api/auth/teste-token'
2026-05-29 11:51:58.770 +01:00 [INF] ⬅️ Response: 200 | Tempo: 127ms
2026-05-29 11:51:58.775 +01:00 [INF] Request finished HTTP/2 POST https://localhost:7231/api/auth/teste-token?cargo=Admin - 200 null application/json; charset=utf-8 141.2201ms
2026-05-29 11:52:16.104 +01:00 [INF] Request starting HTTP/2 GET https://localhost:7231/api/Abastecimentos - null null
2026-05-29 11:52:16.111 +01:00 [INF] ➡️ Request: GET /api/Abastecimentos | User: Anónimo
2026-05-29 11:52:16.173 +01:00 [INF] Executing endpoint 'GestaoDeFrotas.Controllers.AbastecimentosController.GetAll (GestoreDeFrotas)'
2026-05-29 11:52:16.206 +01:00 [INF] Route matched with {action = "GetAll", controller = "Abastecimentos"}. Executing controller action with signature System.Threading.Tasks.Task`1[Microsoft.AspNetCore.Mvc.IActionResult] GetAll() on controller GestaoDeFrotas.Controllers.AbastecimentosController (GestoreDeFrotas).
2026-05-29 11:52:16.468 +01:00 [INF] Executed DbCommand (35ms) [Parameters=[], CommandType='"Text"', CommandTimeout='30']
SELECT [a].[Id], [a].[Combustivel], [a].[ConsumoMedio], [a].[CustoTotal], [a].[Data], [a].[FaturaPath], [a].[KmAtual], [a].[KmPorLitro], [a].[Litros], [a].[Posto], [a].[PrecoPorLitro], [a].[VeiculoId], [v].[Id], [v].[Ano], [v].[Cor], [v].[Estado], [v].[Marca], [v].[Matricula], [v].[Modelo]
FROM [Abastecimentos] AS [a]
INNER JOIN [Veiculos] AS [v] ON [a].[VeiculoId] = [v].[Id]
ORDER BY [a].[Data] DESC
2026-05-29 11:52:16.618 +01:00 [INF] Executing OkObjectResult, writing value of type 'System.Collections.Generic.List`1[[GestaoDeFrotas.Models.Abastecimento, GestoreDeFrotas, Version=1.0.0.0, Culture=neutral, PublicKeyToken=null]]'.
2026-05-29 11:52:16.665 +01:00 [INF] Executed action GestaoDeFrotas.Controllers.AbastecimentosController.GetAll (GestoreDeFrotas) in 451.4817ms
2026-05-29 11:52:16.669 +01:00 [INF] Executed endpoint 'GestaoDeFrotas.Controllers.AbastecimentosController.GetAll (GestoreDeFrotas)'
2026-05-29 11:52:16.674 +01:00 [INF] ⬅️ Response: 200 | Tempo: 562ms
2026-05-29 11:52:16.682 +01:00 [INF] Request finished HTTP/2 GET https://localhost:7231/api/Abastecimentos - 200 null application/json; charset=utf-8 578.0787ms
2026-05-29 11:53:36.248 +01:00 [INF] Executed DbCommand (26ms) [Parameters=[], CommandType='"Text"', CommandTimeout='30']
SELECT 1
2026-05-29 11:53:36.326 +01:00 [INF] Acquiring an exclusive lock for migration application. See https://aka.ms/efcore-docs-migrations-lock for more information if this takes too long.
2026-05-29 11:53:36.364 +01:00 [INF] Executed DbCommand (34ms) [Parameters=[], CommandType='"Text"', CommandTimeout='30']
DECLARE @result int;
EXEC @result = sp_getapplock @Resource = '__EFMigrationsLock', @LockOwner = 'Session', @LockMode = 'Exclusive';
SELECT @result
2026-05-29 11:53:36.467 +01:00 [INF] Executed DbCommand (21ms) [Parameters=[], CommandType='"Text"', CommandTimeout='30']
IF OBJECT_ID(N'[__EFMigrationsHistory]') IS NULL
BEGIN
    CREATE TABLE [__EFMigrationsHistory] (
        [MigrationId] nvarchar(150) NOT NULL,
        [ProductVersion] nvarchar(32) NOT NULL,
        CONSTRAINT [PK___EFMigrationsHistory] PRIMARY KEY ([MigrationId])
    );
END;
2026-05-29 11:53:36.482 +01:00 [INF] Executed DbCommand (1ms) [Parameters=[], CommandType='"Text"', CommandTimeout='30']
SELECT 1
2026-05-29 11:53:36.487 +01:00 [INF] Executed DbCommand (1ms) [Parameters=[], CommandType='"Text"', CommandTimeout='30']
SELECT OBJECT_ID(N'[__EFMigrationsHistory]');
2026-05-29 11:53:36.505 +01:00 [INF] Executed DbCommand (12ms) [Parameters=[], CommandType='"Text"', CommandTimeout='30']
SELECT [MigrationId], [ProductVersion]
FROM [__EFMigrationsHistory]
ORDER BY [MigrationId];
2026-05-29 11:53:36.521 +01:00 [INF] No migrations were applied. The database is already up to date.
2026-05-29 11:53:36.528 +01:00 [INF] Executed DbCommand (2ms) [Parameters=[], CommandType='"Text"', CommandTimeout='30']
DECLARE @result int;
EXEC @result = sp_releaseapplock @Resource = '__EFMigrationsLock', @LockOwner = 'Session';
SELECT @result
2026-05-29 11:53:36.821 +01:00 [INF] Executed DbCommand (23ms) [Parameters=[], CommandType='"Text"', CommandTimeout='30']
SELECT CASE
    WHEN EXISTS (
        SELECT 1
        FROM [Veiculos] AS [v]) THEN CAST(1 AS bit)
    ELSE CAST(0 AS bit)
END
2026-05-29 11:53:36.832 +01:00 [INF] Executed DbCommand (2ms) [Parameters=[], CommandType='"Text"', CommandTimeout='30']
SELECT CASE
    WHEN EXISTS (
        SELECT 1
        FROM [RegistosManutencao] AS [r]) THEN CAST(1 AS bit)
    ELSE CAST(0 AS bit)
END
2026-05-29 11:53:37.012 +01:00 [INF] User profile is available. Using 'C:\Users\harri\AppData\Local\ASP.NET\DataProtection-Keys' as key repository and Windows DPAPI to encrypt keys at rest.
2026-05-29 11:53:37.402 +01:00 [INF] Now listening on: https://localhost:7231
2026-05-29 11:53:37.405 +01:00 [INF] Now listening on: http://localhost:5256
2026-05-29 11:53:37.539 +01:00 [INF] Application started. Press Ctrl+C to shut down.
2026-05-29 11:53:37.541 +01:00 [INF] Hosting environment: Development
2026-05-29 11:53:37.542 +01:00 [INF] Content root path: C:\Users\harri\OneDrive\Escritorio\Visual Studio\GestoreDeFrotas\GestoreDeFrotas
2026-05-29 15:14:17.191 +01:00 [INF] Executed DbCommand (26ms) [Parameters=[], CommandType='"Text"', CommandTimeout='30']
SELECT 1
2026-05-29 15:14:17.270 +01:00 [INF] Acquiring an exclusive lock for migration application. See https://aka.ms/efcore-docs-migrations-lock for more information if this takes too long.
2026-05-29 15:14:17.319 +01:00 [INF] Executed DbCommand (43ms) [Parameters=[], CommandType='"Text"', CommandTimeout='30']
DECLARE @result int;
EXEC @result = sp_getapplock @Resource = '__EFMigrationsLock', @LockOwner = 'Session', @LockMode = 'Exclusive';
SELECT @result
2026-05-29 15:14:17.396 +01:00 [INF] Executed DbCommand (3ms) [Parameters=[], CommandType='"Text"', CommandTimeout='30']
IF OBJECT_ID(N'[__EFMigrationsHistory]') IS NULL
BEGIN
    CREATE TABLE [__EFMigrationsHistory] (
        [MigrationId] nvarchar(150) NOT NULL,
        [ProductVersion] nvarchar(32) NOT NULL,
        CONSTRAINT [PK___EFMigrationsHistory] PRIMARY KEY ([MigrationId])
    );
END;
2026-05-29 15:14:17.406 +01:00 [INF] Executed DbCommand (1ms) [Parameters=[], CommandType='"Text"', CommandTimeout='30']
SELECT 1
2026-05-29 15:14:17.407 +01:00 [INF] Executed DbCommand (0ms) [Parameters=[], CommandType='"Text"', CommandTimeout='30']
SELECT OBJECT_ID(N'[__EFMigrationsHistory]');
2026-05-29 15:14:17.425 +01:00 [INF] Executed DbCommand (15ms) [Parameters=[], CommandType='"Text"', CommandTimeout='30']
SELECT [MigrationId], [ProductVersion]
FROM [__EFMigrationsHistory]
ORDER BY [MigrationId];
2026-05-29 15:14:17.438 +01:00 [INF] Applying migration '20260529141401_AdicionarLogsENotificacoesBD'.
2026-05-29 15:14:17.469 +01:00 [INF] Executed DbCommand (15ms) [Parameters=[], CommandType='"Text"', CommandTimeout='30']
CREATE TABLE [LogsSistema] (
    [Id] int NOT NULL IDENTITY,
    [Utilizador] nvarchar(max) NULL,
    [MetodoHttp] nvarchar(max) NOT NULL,
    [Rota] nvarchar(max) NOT NULL,
    [Descricao] nvarchar(max) NOT NULL,
    [StatusCode] int NOT NULL,
    [Data] datetime2 NOT NULL,
    CONSTRAINT [PK_LogsSistema] PRIMARY KEY ([Id])
);
2026-05-29 15:14:17.470 +01:00 [INF] Executed DbCommand (1ms) [Parameters=[], CommandType='"Text"', CommandTimeout='30']
CREATE TABLE [Notificacoes] (
    [Id] int NOT NULL IDENTITY,
    [Titulo] nvarchar(max) NOT NULL,
    [Mensagem] nvarchar(max) NOT NULL,
    [Tipo] nvarchar(max) NOT NULL,
    [DataCriacao] datetime2 NOT NULL,
    [Lida] bit NOT NULL,
    CONSTRAINT [PK_Notificacoes] PRIMARY KEY ([Id])
);
2026-05-29 15:14:17.474 +01:00 [INF] Executed DbCommand (3ms) [Parameters=[], CommandType='"Text"', CommandTimeout='30']
INSERT INTO [__EFMigrationsHistory] ([MigrationId], [ProductVersion])
VALUES (N'20260529141401_AdicionarLogsENotificacoesBD', N'9.0.16');
2026-05-29 15:14:17.486 +01:00 [INF] Executed DbCommand (7ms) [Parameters=[], CommandType='"Text"', CommandTimeout='30']
DECLARE @result int;
EXEC @result = sp_releaseapplock @Resource = '__EFMigrationsLock', @LockOwner = 'Session';
SELECT @result
2026-05-29 15:14:44.208 +01:00 [INF] Executed DbCommand (34ms) [Parameters=[], CommandType='"Text"', CommandTimeout='30']
SELECT 1
2026-05-29 15:14:44.368 +01:00 [INF] Acquiring an exclusive lock for migration application. See https://aka.ms/efcore-docs-migrations-lock for more information if this takes too long.
2026-05-29 15:14:44.504 +01:00 [INF] Executed DbCommand (126ms) [Parameters=[], CommandType='"Text"', CommandTimeout='30']
DECLARE @result int;
EXEC @result = sp_getapplock @Resource = '__EFMigrationsLock', @LockOwner = 'Session', @LockMode = 'Exclusive';
SELECT @result
2026-05-29 15:14:44.620 +01:00 [INF] Executed DbCommand (12ms) [Parameters=[], CommandType='"Text"', CommandTimeout='30']
IF OBJECT_ID(N'[__EFMigrationsHistory]') IS NULL
BEGIN
    CREATE TABLE [__EFMigrationsHistory] (
        [MigrationId] nvarchar(150) NOT NULL,
        [ProductVersion] nvarchar(32) NOT NULL,
        CONSTRAINT [PK___EFMigrationsHistory] PRIMARY KEY ([MigrationId])
    );
END;
2026-05-29 15:14:44.638 +01:00 [INF] Executed DbCommand (1ms) [Parameters=[], CommandType='"Text"', CommandTimeout='30']
SELECT 1
2026-05-29 15:14:44.644 +01:00 [INF] Executed DbCommand (1ms) [Parameters=[], CommandType='"Text"', CommandTimeout='30']
SELECT OBJECT_ID(N'[__EFMigrationsHistory]');
2026-05-29 15:14:44.666 +01:00 [INF] Executed DbCommand (17ms) [Parameters=[], CommandType='"Text"', CommandTimeout='30']
SELECT [MigrationId], [ProductVersion]
FROM [__EFMigrationsHistory]
ORDER BY [MigrationId];
2026-05-29 15:14:44.690 +01:00 [INF] No migrations were applied. The database is already up to date.
2026-05-29 15:14:44.706 +01:00 [INF] Executed DbCommand (7ms) [Parameters=[], CommandType='"Text"', CommandTimeout='30']
DECLARE @result int;
EXEC @result = sp_releaseapplock @Resource = '__EFMigrationsLock', @LockOwner = 'Session';
SELECT @result
2026-05-29 15:14:45.207 +01:00 [INF] Executed DbCommand (46ms) [Parameters=[], CommandType='"Text"', CommandTimeout='30']
SELECT CASE
    WHEN EXISTS (
        SELECT 1
        FROM [Veiculos] AS [v]) THEN CAST(1 AS bit)
    ELSE CAST(0 AS bit)
END
2026-05-29 15:14:45.224 +01:00 [INF] Executed DbCommand (4ms) [Parameters=[], CommandType='"Text"', CommandTimeout='30']
SELECT CASE
    WHEN EXISTS (
        SELECT 1
        FROM [RegistosManutencao] AS [r]) THEN CAST(1 AS bit)
    ELSE CAST(0 AS bit)
END
2026-05-29 15:14:45.633 +01:00 [INF] User profile is available. Using 'C:\Users\harri\AppData\Local\ASP.NET\DataProtection-Keys' as key repository and Windows DPAPI to encrypt keys at rest.
2026-05-29 15:14:46.461 +01:00 [INF] Now listening on: https://localhost:7231
2026-05-29 15:14:46.463 +01:00 [INF] Now listening on: http://localhost:5256
2026-05-29 15:14:46.718 +01:00 [INF] Application started. Press Ctrl+C to shut down.
2026-05-29 15:14:46.720 +01:00 [INF] Hosting environment: Development
2026-05-29 15:14:46.722 +01:00 [INF] Content root path: C:\Users\harri\OneDrive\Escritorio\Visual Studio\GestoreDeFrotas\GestoreDeFrotas
2026-05-29 15:14:57.355 +01:00 [INF] Request starting HTTP/2 GET https://localhost:7231/swagger/index.html - null null
2026-05-29 15:14:57.861 +01:00 [INF] Request finished HTTP/2 GET https://localhost:7231/swagger/index.html - 200 null text/html;charset=utf-8 528.1052ms
2026-05-29 15:14:58.121 +01:00 [INF] Request starting HTTP/2 GET https://localhost:7231/swagger/swagger-ui.css - null null
2026-05-29 15:14:58.122 +01:00 [INF] Request starting HTTP/2 GET https://localhost:7231/swagger/index.css - null null
2026-05-29 15:14:58.123 +01:00 [INF] Request starting HTTP/2 GET https://localhost:7231/swagger/swagger-ui-standalone-preset.js - null null
2026-05-29 15:14:58.121 +01:00 [INF] Request starting HTTP/2 GET https://localhost:7231/swagger/swagger-ui-bundle.js - null null
2026-05-29 15:14:58.157 +01:00 [INF] Request starting HTTP/2 GET https://localhost:7231/swagger/index.js - null null
2026-05-29 15:14:58.196 +01:00 [INF] Sending file. Request path: '/index.css'. Physical path: 'N/A'
2026-05-29 15:14:58.201 +01:00 [INF] Request finished HTTP/2 GET https://localhost:7231/swagger/index.js - 200 null application/javascript;charset=utf-8 44.8498ms
2026-05-29 15:14:58.203 +01:00 [INF] Request finished HTTP/2 GET https://localhost:7231/swagger/index.css - 200 202 text/css 81.0658ms
2026-05-29 15:14:58.209 +01:00 [INF] Request starting HTTP/2 GET https://localhost:7231/_vs/browserLink - null null
2026-05-29 15:14:58.209 +01:00 [INF] Request starting HTTP/2 GET https://localhost:7231/_framework/aspnetcore-browser-refresh.js - null null
2026-05-29 15:14:58.249 +01:00 [INF] Sending file. Request path: '/swagger-ui.css'. Physical path: 'N/A'
2026-05-29 15:14:58.250 +01:00 [INF] Sending file. Request path: '/swagger-ui-standalone-preset.js'. Physical path: 'N/A'
2026-05-29 15:14:58.260 +01:00 [INF] Request finished HTTP/2 GET https://localhost:7231/_framework/aspnetcore-browser-refresh.js - 200 14935 application/javascript; charset=utf-8 53.8695ms
2026-05-29 15:14:58.266 +01:00 [INF] Request finished HTTP/2 GET https://localhost:7231/swagger/swagger-ui.css - 200 152035 text/css 144.8587ms
2026-05-29 15:14:58.266 +01:00 [INF] Request finished HTTP/2 GET https://localhost:7231/swagger/swagger-ui-standalone-preset.js - 200 230007 text/javascript 143.7137ms
2026-05-29 15:14:58.359 +01:00 [INF] Sending file. Request path: '/swagger-ui-bundle.js'. Physical path: 'N/A'
2026-05-29 15:14:58.363 +01:00 [INF] Request finished HTTP/2 GET https://localhost:7231/swagger/swagger-ui-bundle.js - 200 1426050 text/javascript 241.8975ms
2026-05-29 15:14:58.456 +01:00 [INF] Request finished HTTP/2 GET https://localhost:7231/_vs/browserLink - 200 null text/javascript; charset=UTF-8 247.2529ms
2026-05-29 15:15:01.291 +01:00 [INF] Request starting HTTP/2 GET https://localhost:7231/swagger/v1/swagger.json - null null
2026-05-29 15:15:01.323 +01:00 [INF] Request finished HTTP/2 GET https://localhost:7231/swagger/v1/swagger.json - 200 null application/json;charset=utf-8 31.707ms
2026-05-29 15:15:01.361 +01:00 [INF] Request starting HTTP/2 GET https://localhost:7231/swagger/favicon-32x32.png - null null
2026-05-29 15:15:01.449 +01:00 [INF] Sending file. Request path: '/favicon-32x32.png'. Physical path: 'N/A'
2026-05-29 15:15:01.462 +01:00 [INF] Request finished HTTP/2 GET https://localhost:7231/swagger/favicon-32x32.png - 200 628 image/png 100.9186ms
2026-05-29 15:16:11.832 +01:00 [INF] Request starting HTTP/2 GET https://localhost:7231/_framework/aspnetcore-browser-refresh.js - null null
2026-05-29 15:16:11.901 +01:00 [INF] Request finished HTTP/2 GET https://localhost:7231/_framework/aspnetcore-browser-refresh.js - 200 14935 application/javascript; charset=utf-8 68.9275ms
2026-05-29 15:16:14.701 +01:00 [INF] Request starting HTTP/2 GET https://localhost:7231/swagger/v1/swagger.json - null null
2026-05-29 15:16:14.732 +01:00 [INF] Request finished HTTP/2 GET https://localhost:7231/swagger/v1/swagger.json - 200 null application/json;charset=utf-8 31.121ms
2026-05-29 15:17:30.330 +01:00 [INF] Request starting HTTP/2 POST https://localhost:7231/api/auth/teste-token?cargo=Admin - null 0
2026-05-29 15:17:30.529 +01:00 [INF] Executing endpoint 'HTTP: POST /api/auth/teste-token'
2026-05-29 15:17:30.615 +01:00 [INF] Setting HTTP status code 200.
2026-05-29 15:17:30.623 +01:00 [INF] Writing value of type '<>f__AnonymousType7`1' as Json.
2026-05-29 15:17:30.629 +01:00 [INF] Executed endpoint 'HTTP: POST /api/auth/teste-token'
2026-05-29 15:17:30.966 +01:00 [INF] Executed DbCommand (151ms) [Parameters=[@p0='?' (DbType = DateTime2), @p1='?' (Size = 4000), @p2='?' (Size = 4000), @p3='?' (Size = 4000), @p4='?' (DbType = Int32), @p5='?' (Size = 4000)], CommandType='"Text"', CommandTimeout='30']
SET IMPLICIT_TRANSACTIONS OFF;
SET NOCOUNT ON;
INSERT INTO [LogsSistema] ([Data], [Descricao], [MetodoHttp], [Rota], [StatusCode], [Utilizador])
OUTPUT INSERTED.[Id]
VALUES (@p0, @p1, @p2, @p3, @p4, @p5);
2026-05-29 15:17:31.011 +01:00 [INF] Request finished HTTP/2 POST https://localhost:7231/api/auth/teste-token?cargo=Admin - 200 null application/json; charset=utf-8 686.5284ms
2026-05-29 15:19:17.601 +01:00 [INF] Request starting HTTP/2 POST https://localhost:7231/api/vehicles - application/json 149
2026-05-29 15:19:17.696 +01:00 [INF] Executing endpoint 'GestaoDeFrotas.Controllers.VeiculosController.Create (GestoreDeFrotas)'
2026-05-29 15:19:17.739 +01:00 [INF] Route matched with {action = "Create", controller = "Veiculos"}. Executing controller action with signature System.Threading.Tasks.Task`1[Microsoft.AspNetCore.Mvc.IActionResult] Create(GestaoDeFrotas.Models.Veiculo) on controller GestaoDeFrotas.Controllers.VeiculosController (GestoreDeFrotas).
2026-05-29 15:19:17.942 +01:00 [ERR] Failed executing DbCommand (59ms) [Parameters=[@p0='?' (DbType = Int32), @p1='?' (DbType = Int32), @p2='?' (Size = 4000), @p3='?' (Size = 4000), @p4='?' (Size = 50), @p5='?' (Size = 4000), @p6='?' (Size = 4000)], CommandType='"Text"', CommandTimeout='30']
SET IMPLICIT_TRANSACTIONS OFF;
SET NOCOUNT ON;
INSERT INTO [Veiculos] ([Id], [Ano], [Cor], [Estado], [Marca], [Matricula], [Modelo])
VALUES (@p0, @p1, @p2, @p3, @p4, @p5, @p6);
2026-05-29 15:19:18.033 +01:00 [ERR] An exception occurred in the database while saving changes for context type 'GestaoDeFrotas.Data.AppDbContext'.
Microsoft.EntityFrameworkCore.DbUpdateException: An error occurred while saving the entity changes. See the inner exception for details.
 ---> Microsoft.Data.SqlClient.SqlException (0x80131904): Cannot insert explicit value for identity column in table 'Veiculos' when IDENTITY_INSERT is set to OFF.
   at Microsoft.Data.SqlClient.SqlCommand.<>c.<ExecuteDbDataReaderAsync>b__211_0(Task`1 result)
   at System.Threading.Tasks.ContinuationResultTaskFromResultTask`2.InnerInvoke()
   at System.Threading.ExecutionContext.RunInternal(ExecutionContext executionContext, ContextCallback callback, Object state)
--- End of stack trace from previous location ---
   at System.Threading.ExecutionContext.RunInternal(ExecutionContext executionContext, ContextCallback callback, Object state)
   at System.Threading.Tasks.Task.ExecuteWithThreadLocal(Task& currentTaskSlot, Thread threadPoolThread)
--- End of stack trace from previous location ---
   at Microsoft.EntityFrameworkCore.Storage.RelationalCommand.ExecuteReaderAsync(RelationalCommandParameterObject parameterObject, CancellationToken cancellationToken)
   at Microsoft.EntityFrameworkCore.Storage.RelationalCommand.ExecuteReaderAsync(RelationalCommandParameterObject parameterObject, CancellationToken cancellationToken)
   at Microsoft.EntityFrameworkCore.Update.ReaderModificationCommandBatch.ExecuteAsync(IRelationalConnection connection, CancellationToken cancellationToken)
ClientConnectionId:16b7589f-32a6-4446-a239-99ac693a7196
Error Number:544,State:1,Class:16
   --- End of inner exception stack trace ---
   at Microsoft.EntityFrameworkCore.Update.ReaderModificationCommandBatch.ExecuteAsync(IRelationalConnection connection, CancellationToken cancellationToken)
   at Microsoft.EntityFrameworkCore.SqlServer.Update.Internal.SqlServerModificationCommandBatch.ExecuteAsync(IRelationalConnection connection, CancellationToken cancellationToken)
   at Microsoft.EntityFrameworkCore.Update.Internal.BatchExecutor.ExecuteAsync(IEnumerable`1 commandBatches, IRelationalConnection connection, CancellationToken cancellationToken)
   at Microsoft.EntityFrameworkCore.Update.Internal.BatchExecutor.ExecuteAsync(IEnumerable`1 commandBatches, IRelationalConnection connection, CancellationToken cancellationToken)
   at Microsoft.EntityFrameworkCore.Update.Internal.BatchExecutor.ExecuteAsync(IEnumerable`1 commandBatches, IRelationalConnection connection, CancellationToken cancellationToken)
   at Microsoft.EntityFrameworkCore.Storage.RelationalDatabase.SaveChangesAsync(IList`1 entries, CancellationToken cancellationToken)
   at Microsoft.EntityFrameworkCore.ChangeTracking.Internal.StateManager.SaveChangesAsync(IList`1 entriesToSave, CancellationToken cancellationToken)
   at Microsoft.EntityFrameworkCore.ChangeTracking.Internal.StateManager.SaveChangesAsync(StateManager stateManager, Boolean acceptAllChangesOnSuccess, CancellationToken cancellationToken)
   at Microsoft.EntityFrameworkCore.SqlServer.Storage.Internal.SqlServerExecutionStrategy.ExecuteAsync[TState,TResult](TState state, Func`4 operation, Func`4 verifySucceeded, CancellationToken cancellationToken)
   at Microsoft.EntityFrameworkCore.DbContext.SaveChangesAsync(Boolean acceptAllChangesOnSuccess, CancellationToken cancellationToken)
Microsoft.EntityFrameworkCore.DbUpdateException: An error occurred while saving the entity changes. See the inner exception for details.
 ---> Microsoft.Data.SqlClient.SqlException (0x80131904): Cannot insert explicit value for identity column in table 'Veiculos' when IDENTITY_INSERT is set to OFF.
   at Microsoft.Data.SqlClient.SqlCommand.<>c.<ExecuteDbDataReaderAsync>b__211_0(Task`1 result)
   at System.Threading.Tasks.ContinuationResultTaskFromResultTask`2.InnerInvoke()
   at System.Threading.ExecutionContext.RunInternal(ExecutionContext executionContext, ContextCallback callback, Object state)
--- End of stack trace from previous location ---
   at System.Threading.ExecutionContext.RunInternal(ExecutionContext executionContext, ContextCallback callback, Object state)
   at System.Threading.Tasks.Task.ExecuteWithThreadLocal(Task& currentTaskSlot, Thread threadPoolThread)
--- End of stack trace from previous location ---
   at Microsoft.EntityFrameworkCore.Storage.RelationalCommand.ExecuteReaderAsync(RelationalCommandParameterObject parameterObject, CancellationToken cancellationToken)
   at Microsoft.EntityFrameworkCore.Storage.RelationalCommand.ExecuteReaderAsync(RelationalCommandParameterObject parameterObject, CancellationToken cancellationToken)
   at Microsoft.EntityFrameworkCore.Update.ReaderModificationCommandBatch.ExecuteAsync(IRelationalConnection connection, CancellationToken cancellationToken)
ClientConnectionId:16b7589f-32a6-4446-a239-99ac693a7196
Error Number:544,State:1,Class:16
   --- End of inner exception stack trace ---
   at Microsoft.EntityFrameworkCore.Update.ReaderModificationCommandBatch.ExecuteAsync(IRelationalConnection connection, CancellationToken cancellationToken)
   at Microsoft.EntityFrameworkCore.SqlServer.Update.Internal.SqlServerModificationCommandBatch.ExecuteAsync(IRelationalConnection connection, CancellationToken cancellationToken)
   at Microsoft.EntityFrameworkCore.Update.Internal.BatchExecutor.ExecuteAsync(IEnumerable`1 commandBatches, IRelationalConnection connection, CancellationToken cancellationToken)
   at Microsoft.EntityFrameworkCore.Update.Internal.BatchExecutor.ExecuteAsync(IEnumerable`1 commandBatches, IRelationalConnection connection, CancellationToken cancellationToken)
   at Microsoft.EntityFrameworkCore.Update.Internal.BatchExecutor.ExecuteAsync(IEnumerable`1 commandBatches, IRelationalConnection connection, CancellationToken cancellationToken)
   at Microsoft.EntityFrameworkCore.Storage.RelationalDatabase.SaveChangesAsync(IList`1 entries, CancellationToken cancellationToken)
   at Microsoft.EntityFrameworkCore.ChangeTracking.Internal.StateManager.SaveChangesAsync(IList`1 entriesToSave, CancellationToken cancellationToken)
   at Microsoft.EntityFrameworkCore.ChangeTracking.Internal.StateManager.SaveChangesAsync(StateManager stateManager, Boolean acceptAllChangesOnSuccess, CancellationToken cancellationToken)
   at Microsoft.EntityFrameworkCore.SqlServer.Storage.Internal.SqlServerExecutionStrategy.ExecuteAsync[TState,TResult](TState state, Func`4 operation, Func`4 verifySucceeded, CancellationToken cancellationToken)
   at Microsoft.EntityFrameworkCore.DbContext.SaveChangesAsync(Boolean acceptAllChangesOnSuccess, CancellationToken cancellationToken)
2026-05-29 15:19:40.863 +01:00 [INF] Executed action GestaoDeFrotas.Controllers.VeiculosController.Create (GestoreDeFrotas) in 23113.9609ms
2026-05-29 15:19:40.868 +01:00 [INF] Executed endpoint 'GestaoDeFrotas.Controllers.VeiculosController.Create (GestoreDeFrotas)'
2026-05-29 15:21:10.541 +01:00 [INF] Application is shutting down...
2026-05-29 15:21:10.545 +01:00 [ERR] An unhandled exception has occurred while executing the request.
Microsoft.EntityFrameworkCore.DbUpdateException: An error occurred while saving the entity changes. See the inner exception for details.
 ---> Microsoft.Data.SqlClient.SqlException (0x80131904): Cannot insert explicit value for identity column in table 'Veiculos' when IDENTITY_INSERT is set to OFF.
   at Microsoft.Data.SqlClient.SqlCommand.<>c.<ExecuteDbDataReaderAsync>b__211_0(Task`1 result)
   at System.Threading.Tasks.ContinuationResultTaskFromResultTask`2.InnerInvoke()
   at System.Threading.ExecutionContext.RunInternal(ExecutionContext executionContext, ContextCallback callback, Object state)
--- End of stack trace from previous location ---
   at System.Threading.ExecutionContext.RunInternal(ExecutionContext executionContext, ContextCallback callback, Object state)
   at System.Threading.Tasks.Task.ExecuteWithThreadLocal(Task& currentTaskSlot, Thread threadPoolThread)
--- End of stack trace from previous location ---
   at Microsoft.EntityFrameworkCore.Storage.RelationalCommand.ExecuteReaderAsync(RelationalCommandParameterObject parameterObject, CancellationToken cancellationToken)
   at Microsoft.EntityFrameworkCore.Storage.RelationalCommand.ExecuteReaderAsync(RelationalCommandParameterObject parameterObject, CancellationToken cancellationToken)
   at Microsoft.EntityFrameworkCore.Update.ReaderModificationCommandBatch.ExecuteAsync(IRelationalConnection connection, CancellationToken cancellationToken)
ClientConnectionId:16b7589f-32a6-4446-a239-99ac693a7196
Error Number:544,State:1,Class:16
   --- End of inner exception stack trace ---
   at Microsoft.EntityFrameworkCore.Update.ReaderModificationCommandBatch.ExecuteAsync(IRelationalConnection connection, CancellationToken cancellationToken)
   at Microsoft.EntityFrameworkCore.SqlServer.Update.Internal.SqlServerModificationCommandBatch.ExecuteAsync(IRelationalConnection connection, CancellationToken cancellationToken)
   at Microsoft.EntityFrameworkCore.Update.Internal.BatchExecutor.ExecuteAsync(IEnumerable`1 commandBatches, IRelationalConnection connection, CancellationToken cancellationToken)
   at Microsoft.EntityFrameworkCore.Update.Internal.BatchExecutor.ExecuteAsync(IEnumerable`1 commandBatches, IRelationalConnection connection, CancellationToken cancellationToken)
   at Microsoft.EntityFrameworkCore.Update.Internal.BatchExecutor.ExecuteAsync(IEnumerable`1 commandBatches, IRelationalConnection connection, CancellationToken cancellationToken)
   at Microsoft.EntityFrameworkCore.Storage.RelationalDatabase.SaveChangesAsync(IList`1 entries, CancellationToken cancellationToken)
   at Microsoft.EntityFrameworkCore.ChangeTracking.Internal.StateManager.SaveChangesAsync(IList`1 entriesToSave, CancellationToken cancellationToken)
   at Microsoft.EntityFrameworkCore.ChangeTracking.Internal.StateManager.SaveChangesAsync(StateManager stateManager, Boolean acceptAllChangesOnSuccess, CancellationToken cancellationToken)
   at Microsoft.EntityFrameworkCore.SqlServer.Storage.Internal.SqlServerExecutionStrategy.ExecuteAsync[TState,TResult](TState state, Func`4 operation, Func`4 verifySucceeded, CancellationToken cancellationToken)
   at Microsoft.EntityFrameworkCore.DbContext.SaveChangesAsync(Boolean acceptAllChangesOnSuccess, CancellationToken cancellationToken)
   at Microsoft.EntityFrameworkCore.DbContext.SaveChangesAsync(Boolean acceptAllChangesOnSuccess, CancellationToken cancellationToken)
   at GestaoDeFrotas.Services.VeiculosService.AdicionarAsync(Veiculo veiculo) in C:\Users\harri\OneDrive\Escritorio\Visual Studio\GestoreDeFrotas\GestoreDeFrotas\Services\veiculoservices.cs:line 66
   at GestaoDeFrotas.Controllers.VeiculosController.Create(Veiculo veiculo) in C:\Users\harri\OneDrive\Escritorio\Visual Studio\GestoreDeFrotas\GestoreDeFrotas\Controllers\VeiculosController.cs:line 43
   at Microsoft.AspNetCore.Mvc.Infrastructure.ActionMethodExecutor.TaskOfIActionResultExecutor.Execute(ActionContext actionContext, IActionResultTypeMapper mapper, ObjectMethodExecutor executor, Object controller, Object[] arguments)
   at Microsoft.AspNetCore.Mvc.Infrastructure.ControllerActionInvoker.<InvokeActionMethodAsync>g__Awaited|12_0(ControllerActionInvoker invoker, ValueTask`1 actionResultValueTask)
   at Microsoft.AspNetCore.Mvc.Infrastructure.ControllerActionInvoker.<InvokeNextActionFilterAsync>g__Awaited|10_0(ControllerActionInvoker invoker, Task lastTask, State next, Scope scope, Object state, Boolean isCompleted)
   at Microsoft.AspNetCore.Mvc.Infrastructure.ControllerActionInvoker.Rethrow(ActionExecutedContextSealed context)
   at Microsoft.AspNetCore.Mvc.Infrastructure.ControllerActionInvoker.Next(State& next, Scope& scope, Object& state, Boolean& isCompleted)
   at Microsoft.AspNetCore.Mvc.Infrastructure.ControllerActionInvoker.<InvokeInnerFilterAsync>g__Awaited|13_0(ControllerActionInvoker invoker, Task lastTask, State next, Scope scope, Object state, Boolean isCompleted)
   at Microsoft.AspNetCore.Mvc.Infrastructure.ResourceInvoker.<InvokeFilterPipelineAsync>g__Awaited|20_0(ResourceInvoker invoker, Task lastTask, State next, Scope scope, Object state, Boolean isCompleted)
   at Microsoft.AspNetCore.Mvc.Infrastructure.ResourceInvoker.<InvokeAsync>g__Logged|17_1(ResourceInvoker invoker)
   at Microsoft.AspNetCore.Mvc.Infrastructure.ResourceInvoker.<InvokeAsync>g__Logged|17_1(ResourceInvoker invoker)
   at Microsoft.AspNetCore.Routing.EndpointMiddleware.<Invoke>g__AwaitRequestTask|7_0(Endpoint endpoint, Task requestTask, ILogger logger)
   at Microsoft.AspNetCore.Authorization.AuthorizationMiddleware.Invoke(HttpContext context)
   at Microsoft.AspNetCore.Authentication.AuthenticationMiddleware.Invoke(HttpContext context)
   at GestaoDeFrotas.Middleware.LoggingMiddleware.InvokeAsync(HttpContext context, AuditoriaService auditoriaService) in C:\Users\harri\OneDrive\Escritorio\Visual Studio\GestoreDeFrotas\GestoreDeFrotas\Middleware\LoggingMiddleware.cs:line 20
   at Swashbuckle.AspNetCore.SwaggerUI.SwaggerUIMiddleware.Invoke(HttpContext httpContext)
   at Swashbuckle.AspNetCore.Swagger.SwaggerMiddleware.Invoke(HttpContext httpContext, ISwaggerProvider swaggerProvider)
   at Microsoft.AspNetCore.Diagnostics.DeveloperExceptionPageMiddlewareImpl.Invoke(HttpContext context)
2026-05-29 15:21:10.675 +01:00 [INF] Request starting HTTP/2 GET https://localhost:7231/swagger/index.html - null null
2026-05-29 15:21:10.727 +01:00 [INF] Request finished HTTP/2 POST https://localhost:7231/api/vehicles - 500 null text/plain; charset=utf-8 113125.6294ms
2026-05-29 15:21:10.728 +01:00 [INF] Request finished HTTP/2 GET https://localhost:7231/swagger/index.html - 200 null text/html;charset=utf-8 52.8503ms
2026-05-29 15:21:19.640 +01:00 [INF] Executed DbCommand (16ms) [Parameters=[], CommandType='"Text"', CommandTimeout='30']
SELECT 1
2026-05-29 15:21:19.718 +01:00 [INF] Acquiring an exclusive lock for migration application. See https://aka.ms/efcore-docs-migrations-lock for more information if this takes too long.
2026-05-29 15:21:19.755 +01:00 [INF] Executed DbCommand (33ms) [Parameters=[], CommandType='"Text"', CommandTimeout='30']
DECLARE @result int;
EXEC @result = sp_getapplock @Resource = '__EFMigrationsLock', @LockOwner = 'Session', @LockMode = 'Exclusive';
SELECT @result
2026-05-29 15:21:19.841 +01:00 [INF] Executed DbCommand (20ms) [Parameters=[], CommandType='"Text"', CommandTimeout='30']
IF OBJECT_ID(N'[__EFMigrationsHistory]') IS NULL
BEGIN
    CREATE TABLE [__EFMigrationsHistory] (
        [MigrationId] nvarchar(150) NOT NULL,
        [ProductVersion] nvarchar(32) NOT NULL,
        CONSTRAINT [PK___EFMigrationsHistory] PRIMARY KEY ([MigrationId])
    );
END;
2026-05-29 15:21:19.861 +01:00 [INF] Executed DbCommand (7ms) [Parameters=[], CommandType='"Text"', CommandTimeout='30']
SELECT 1
2026-05-29 15:21:19.864 +01:00 [INF] Executed DbCommand (0ms) [Parameters=[], CommandType='"Text"', CommandTimeout='30']
SELECT OBJECT_ID(N'[__EFMigrationsHistory]');
2026-05-29 15:21:19.888 +01:00 [INF] Executed DbCommand (20ms) [Parameters=[], CommandType='"Text"', CommandTimeout='30']
SELECT [MigrationId], [ProductVersion]
FROM [__EFMigrationsHistory]
ORDER BY [MigrationId];
2026-05-29 15:21:19.903 +01:00 [INF] No migrations were applied. The database is already up to date.
2026-05-29 15:21:19.910 +01:00 [INF] Executed DbCommand (1ms) [Parameters=[], CommandType='"Text"', CommandTimeout='30']
DECLARE @result int;
EXEC @result = sp_releaseapplock @Resource = '__EFMigrationsLock', @LockOwner = 'Session';
SELECT @result
2026-05-29 15:21:20.171 +01:00 [INF] Executed DbCommand (23ms) [Parameters=[], CommandType='"Text"', CommandTimeout='30']
SELECT CASE
    WHEN EXISTS (
        SELECT 1
        FROM [Veiculos] AS [v]) THEN CAST(1 AS bit)
    ELSE CAST(0 AS bit)
END
2026-05-29 15:21:20.183 +01:00 [INF] Executed DbCommand (3ms) [Parameters=[], CommandType='"Text"', CommandTimeout='30']
SELECT CASE
    WHEN EXISTS (
        SELECT 1
        FROM [RegistosManutencao] AS [r]) THEN CAST(1 AS bit)
    ELSE CAST(0 AS bit)
END
2026-05-29 15:21:20.338 +01:00 [INF] User profile is available. Using 'C:\Users\harri\AppData\Local\ASP.NET\DataProtection-Keys' as key repository and Windows DPAPI to encrypt keys at rest.
2026-05-29 15:21:20.713 +01:00 [INF] Now listening on: https://localhost:7231
2026-05-29 15:21:20.715 +01:00 [INF] Now listening on: http://localhost:5256
2026-05-29 15:21:21.126 +01:00 [INF] Application started. Press Ctrl+C to shut down.
2026-05-29 15:21:21.128 +01:00 [INF] Hosting environment: Development
2026-05-29 15:21:21.130 +01:00 [INF] Content root path: C:\Users\harri\OneDrive\Escritorio\Visual Studio\GestoreDeFrotas\GestoreDeFrotas
2026-05-29 15:21:21.649 +01:00 [INF] Request starting HTTP/2 GET https://localhost:7231/swagger/index.html - null null
2026-05-29 15:21:22.006 +01:00 [INF] Request finished HTTP/2 GET https://localhost:7231/swagger/index.html - 200 null text/html;charset=utf-8 356.6421ms
2026-05-29 15:21:22.027 +01:00 [INF] Request starting HTTP/2 GET https://localhost:7231/swagger/index.js - null null
2026-05-29 15:21:22.028 +01:00 [INF] Request starting HTTP/2 GET https://localhost:7231/_framework/aspnetcore-browser-refresh.js - null null
2026-05-29 15:21:22.067 +01:00 [INF] Request starting HTTP/2 GET https://localhost:7231/_vs/browserLink - null null
2026-05-29 15:21:22.080 +01:00 [INF] Request finished HTTP/2 GET https://localhost:7231/swagger/index.js - 200 null application/javascript;charset=utf-8 52.8736ms
2026-05-29 15:21:22.110 +01:00 [INF] Request finished HTTP/2 GET https://localhost:7231/_framework/aspnetcore-browser-refresh.js - 200 14935 application/javascript; charset=utf-8 82.5454ms
2026-05-29 15:21:22.164 +01:00 [INF] Request finished HTTP/2 GET https://localhost:7231/_vs/browserLink - 200 null text/javascript; charset=UTF-8 97.5106ms
2026-05-29 15:21:23.902 +01:00 [INF] Request starting HTTP/2 GET https://localhost:7231/swagger/v1/swagger.json - null null
2026-05-29 15:21:23.930 +01:00 [INF] Request finished HTTP/2 GET https://localhost:7231/swagger/v1/swagger.json - 200 null application/json;charset=utf-8 27.3208ms
2026-05-29 15:22:56.365 +01:00 [INF] Request starting HTTP/2 POST https://localhost:7231/api/vehicles - application/json 138
2026-05-29 15:22:56.509 +01:00 [INF] Failed to validate the token.
Microsoft.IdentityModel.Tokens.SecurityTokenSignatureKeyNotFoundException: IDX10517: Signature validation failed. The token's kid is missing. Keys tried: 'Microsoft.IdentityModel.Tokens.SymmetricSecurityKey, KeyId: '', InternalId: 'L3qk0OMY2vP_RasEAVN-t32OcV5qXk41gN9tdOPjdag'. , KeyId: 
'. Number of keys in TokenValidationParameters: '1'. 
Number of keys in Configuration: '0'. 
Exceptions caught:
 '[PII of type 'System.String' is hidden. For more details, see https://aka.ms/IdentityModel/PII.]'.
token: '[PII of type 'Microsoft.IdentityModel.JsonWebTokens.JsonWebToken' is hidden. For more details, see https://aka.ms/IdentityModel/PII.]'. See https://aka.ms/IDX10503 for details.
   at Microsoft.IdentityModel.JsonWebTokens.JsonWebTokenHandler.ValidateSignature(JsonWebToken jwtToken, TokenValidationParameters validationParameters, BaseConfiguration configuration)
   at Microsoft.IdentityModel.JsonWebTokens.JsonWebTokenHandler.ValidateSignatureAndIssuerSecurityKey(JsonWebToken jsonWebToken, TokenValidationParameters validationParameters, BaseConfiguration configuration)
   at Microsoft.IdentityModel.JsonWebTokens.JsonWebTokenHandler.ValidateJWSAsync(JsonWebToken jsonWebToken, TokenValidationParameters validationParameters, BaseConfiguration configuration)
2026-05-29 15:22:56.531 +01:00 [INF] Bearer was not authenticated. Failure message: IDX10517: Signature validation failed. The token's kid is missing. Keys tried: 'Microsoft.IdentityModel.Tokens.SymmetricSecurityKey, KeyId: '', InternalId: 'L3qk0OMY2vP_RasEAVN-t32OcV5qXk41gN9tdOPjdag'. , KeyId: 
'. Number of keys in TokenValidationParameters: '1'. 
Number of keys in Configuration: '0'. 
Exceptions caught:
 '[PII of type 'System.String' is hidden. For more details, see https://aka.ms/IdentityModel/PII.]'.
token: '[PII of type 'Microsoft.IdentityModel.JsonWebTokens.JsonWebToken' is hidden. For more details, see https://aka.ms/IdentityModel/PII.]'. See https://aka.ms/IDX10503 for details.
2026-05-29 15:22:56.542 +01:00 [INF] Authorization failed. These requirements were not met:
DenyAnonymousAuthorizationRequirement: Requires an authenticated user.
RolesAuthorizationRequirement:User.IsInRole must be true for one of the following roles: (Admin|Gerente)
2026-05-29 15:22:56.549 +01:00 [INF] AuthenticationScheme: Bearer was challenged.
2026-05-29 15:22:56.798 +01:00 [INF] Executed DbCommand (57ms) [Parameters=[@p0='?' (DbType = DateTime2), @p1='?' (DbType = Boolean), @p2='?' (Size = 4000), @p3='?' (Size = 4000), @p4='?' (Size = 4000)], CommandType='"Text"', CommandTimeout='30']
SET IMPLICIT_TRANSACTIONS OFF;
SET NOCOUNT ON;
INSERT INTO [Notificacoes] ([DataCriacao], [Lida], [Mensagem], [Tipo], [Titulo])
OUTPUT INSERTED.[Id]
VALUES (@p0, @p1, @p2, @p3, @p4);
2026-05-29 15:22:56.894 +01:00 [INF] Executed DbCommand (32ms) [Parameters=[@p0='?' (DbType = DateTime2), @p1='?' (Size = 4000), @p2='?' (Size = 4000), @p3='?' (Size = 4000), @p4='?' (DbType = Int32), @p5='?' (Size = 4000)], CommandType='"Text"', CommandTimeout='30']
SET IMPLICIT_TRANSACTIONS OFF;
SET NOCOUNT ON;
INSERT INTO [LogsSistema] ([Data], [Descricao], [MetodoHttp], [Rota], [StatusCode], [Utilizador])
OUTPUT INSERTED.[Id]
VALUES (@p0, @p1, @p2, @p3, @p4, @p5);
2026-05-29 15:22:56.905 +01:00 [INF] Request finished HTTP/2 POST https://localhost:7231/api/vehicles - 401 0 null 540.4133ms
2026-05-29 15:23:12.209 +01:00 [INF] Request starting HTTP/2 POST https://localhost:7231/api/auth/teste-token?cargo=Admin - null 0
2026-05-29 15:23:12.241 +01:00 [INF] Failed to validate the token.
Microsoft.IdentityModel.Tokens.SecurityTokenSignatureKeyNotFoundException: IDX10517: Signature validation failed. The token's kid is missing. Keys tried: 'Microsoft.IdentityModel.Tokens.SymmetricSecurityKey, KeyId: '', InternalId: 'L3qk0OMY2vP_RasEAVN-t32OcV5qXk41gN9tdOPjdag'. , KeyId: 
'. Number of keys in TokenValidationParameters: '1'. 
Number of keys in Configuration: '0'. 
Exceptions caught:
 '[PII of type 'System.String' is hidden. For more details, see https://aka.ms/IdentityModel/PII.]'.
token: '[PII of type 'Microsoft.IdentityModel.JsonWebTokens.JsonWebToken' is hidden. For more details, see https://aka.ms/IdentityModel/PII.]'. See https://aka.ms/IDX10503 for details.
   at Microsoft.IdentityModel.JsonWebTokens.JsonWebTokenHandler.ValidateSignature(JsonWebToken jwtToken, TokenValidationParameters validationParameters, BaseConfiguration configuration)
   at Microsoft.IdentityModel.JsonWebTokens.JsonWebTokenHandler.ValidateSignatureAndIssuerSecurityKey(JsonWebToken jsonWebToken, TokenValidationParameters validationParameters, BaseConfiguration configuration)
   at Microsoft.IdentityModel.JsonWebTokens.JsonWebTokenHandler.ValidateJWSAsync(JsonWebToken jsonWebToken, TokenValidationParameters validationParameters, BaseConfiguration configuration)
2026-05-29 15:23:12.246 +01:00 [INF] Bearer was not authenticated. Failure message: IDX10517: Signature validation failed. The token's kid is missing. Keys tried: 'Microsoft.IdentityModel.Tokens.SymmetricSecurityKey, KeyId: '', InternalId: 'L3qk0OMY2vP_RasEAVN-t32OcV5qXk41gN9tdOPjdag'. , KeyId: 
'. Number of keys in TokenValidationParameters: '1'. 
Number of keys in Configuration: '0'. 
Exceptions caught:
 '[PII of type 'System.String' is hidden. For more details, see https://aka.ms/IdentityModel/PII.]'.
token: '[PII of type 'Microsoft.IdentityModel.JsonWebTokens.JsonWebToken' is hidden. For more details, see https://aka.ms/IdentityModel/PII.]'. See https://aka.ms/IDX10503 for details.
2026-05-29 15:23:12.253 +01:00 [INF] Executing endpoint 'HTTP: POST /api/auth/teste-token'
2026-05-29 15:23:12.309 +01:00 [INF] Setting HTTP status code 200.
2026-05-29 15:23:12.315 +01:00 [INF] Writing value of type '<>f__AnonymousType7`1' as Json.
2026-05-29 15:23:12.321 +01:00 [INF] Executed endpoint 'HTTP: POST /api/auth/teste-token'
2026-05-29 15:23:12.394 +01:00 [INF] Executed DbCommand (19ms) [Parameters=[@p0='?' (DbType = DateTime2), @p1='?' (Size = 4000), @p2='?' (Size = 4000), @p3='?' (Size = 4000), @p4='?' (DbType = Int32), @p5='?' (Size = 4000)], CommandType='"Text"', CommandTimeout='30']
SET IMPLICIT_TRANSACTIONS OFF;
SET NOCOUNT ON;
INSERT INTO [LogsSistema] ([Data], [Descricao], [MetodoHttp], [Rota], [StatusCode], [Utilizador])
OUTPUT INSERTED.[Id]
VALUES (@p0, @p1, @p2, @p3, @p4, @p5);
2026-05-29 15:23:12.398 +01:00 [INF] Request finished HTTP/2 POST https://localhost:7231/api/auth/teste-token?cargo=Admin - 200 null application/json; charset=utf-8 188.6315ms
2026-05-29 15:23:33.561 +01:00 [INF] Request starting HTTP/2 POST https://localhost:7231/api/vehicles - application/json 138
2026-05-29 15:23:33.581 +01:00 [INF] Executing endpoint 'GestaoDeFrotas.Controllers.VeiculosController.Create (GestoreDeFrotas)'
2026-05-29 15:23:33.616 +01:00 [INF] Route matched with {action = "Create", controller = "Veiculos"}. Executing controller action with signature System.Threading.Tasks.Task`1[Microsoft.AspNetCore.Mvc.IActionResult] Create(GestaoDeFrotas.Models.Veiculo) on controller GestaoDeFrotas.Controllers.VeiculosController (GestoreDeFrotas).
2026-05-29 15:23:33.711 +01:00 [INF] Executed DbCommand (23ms) [Parameters=[@p0='?' (DbType = Int32), @p1='?' (Size = 4000), @p2='?' (Size = 4000), @p3='?' (Size = 50), @p4='?' (Size = 4000), @p5='?' (Size = 4000)], CommandType='"Text"', CommandTimeout='30']
SET IMPLICIT_TRANSACTIONS OFF;
SET NOCOUNT ON;
INSERT INTO [Veiculos] ([Ano], [Cor], [Estado], [Marca], [Matricula], [Modelo])
OUTPUT INSERTED.[Id]
VALUES (@p0, @p1, @p2, @p3, @p4, @p5);
2026-05-29 15:23:33.725 +01:00 [INF] Executing OkObjectResult, writing value of type 'GestaoDeFrotas.Models.Veiculo'.
2026-05-29 15:23:33.778 +01:00 [INF] Executed action GestaoDeFrotas.Controllers.VeiculosController.Create (GestoreDeFrotas) in 109.5411ms
2026-05-29 15:23:33.781 +01:00 [INF] Executed endpoint 'GestaoDeFrotas.Controllers.VeiculosController.Create (GestoreDeFrotas)'
2026-05-29 15:23:33.789 +01:00 [INF] Executed DbCommand (3ms) [Parameters=[@p0='?' (DbType = DateTime2), @p1='?' (Size = 4000), @p2='?' (Size = 4000), @p3='?' (Size = 4000), @p4='?' (DbType = Int32), @p5='?' (Size = 4000)], CommandType='"Text"', CommandTimeout='30']
SET IMPLICIT_TRANSACTIONS OFF;
SET NOCOUNT ON;
INSERT INTO [LogsSistema] ([Data], [Descricao], [MetodoHttp], [Rota], [StatusCode], [Utilizador])
OUTPUT INSERTED.[Id]
VALUES (@p0, @p1, @p2, @p3, @p4, @p5);
2026-05-29 15:23:33.794 +01:00 [INF] Request finished HTTP/2 POST https://localhost:7231/api/vehicles - 200 null application/json; charset=utf-8 233.7071ms
2026-05-29 15:24:09.966 +01:00 [INF] Request starting HTTP/2 GET https://localhost:7231/api/Abastecimentos - null null
2026-05-29 15:24:09.993 +01:00 [INF] Executing endpoint 'GestaoDeFrotas.Controllers.AbastecimentosController.GetAll (GestoreDeFrotas)'
2026-05-29 15:24:09.999 +01:00 [INF] Route matched with {action = "GetAll", controller = "Abastecimentos"}. Executing controller action with signature System.Threading.Tasks.Task`1[Microsoft.AspNetCore.Mvc.IActionResult] GetAll() on controller GestaoDeFrotas.Controllers.AbastecimentosController (GestoreDeFrotas).
2026-05-29 15:24:10.259 +01:00 [INF] Executed DbCommand (101ms) [Parameters=[], CommandType='"Text"', CommandTimeout='30']
SELECT [a].[Id], [a].[Combustivel], [a].[ConsumoMedio], [a].[CustoTotal], [a].[Data], [a].[FaturaPath], [a].[KmAtual], [a].[KmPorLitro], [a].[Litros], [a].[Posto], [a].[PrecoPorLitro], [a].[VeiculoId], [v].[Id], [v].[Ano], [v].[Cor], [v].[Estado], [v].[Marca], [v].[Matricula], [v].[Modelo]
FROM [Abastecimentos] AS [a]
INNER JOIN [Veiculos] AS [v] ON [a].[VeiculoId] = [v].[Id]
ORDER BY [a].[Data] DESC
2026-05-29 15:24:10.305 +01:00 [INF] Executing OkObjectResult, writing value of type 'System.Collections.Generic.List`1[[GestaoDeFrotas.Models.Abastecimento, GestoreDeFrotas, Version=1.0.0.0, Culture=neutral, PublicKeyToken=null]]'.
2026-05-29 15:24:10.345 +01:00 [INF] Executed action GestaoDeFrotas.Controllers.AbastecimentosController.GetAll (GestoreDeFrotas) in 342.9568ms
2026-05-29 15:24:10.350 +01:00 [INF] Executed endpoint 'GestaoDeFrotas.Controllers.AbastecimentosController.GetAll (GestoreDeFrotas)'
2026-05-29 15:24:10.353 +01:00 [INF] Request finished HTTP/2 GET https://localhost:7231/api/Abastecimentos - 200 null application/json; charset=utf-8 386.5755ms
2026-05-29 15:24:50.192 +01:00 [INF] Request starting HTTP/2 GET https://localhost:7231/api/Abastecimentos - null null
2026-05-29 15:24:50.291 +01:00 [INF] Executing endpoint 'GestaoDeFrotas.Controllers.AbastecimentosController.GetAll (GestoreDeFrotas)'
2026-05-29 15:24:50.292 +01:00 [INF] Route matched with {action = "GetAll", controller = "Abastecimentos"}. Executing controller action with signature System.Threading.Tasks.Task`1[Microsoft.AspNetCore.Mvc.IActionResult] GetAll() on controller GestaoDeFrotas.Controllers.AbastecimentosController (GestoreDeFrotas).
2026-05-29 15:24:50.306 +01:00 [INF] Executed DbCommand (4ms) [Parameters=[], CommandType='"Text"', CommandTimeout='30']
SELECT [a].[Id], [a].[Combustivel], [a].[ConsumoMedio], [a].[CustoTotal], [a].[Data], [a].[FaturaPath], [a].[KmAtual], [a].[KmPorLitro], [a].[Litros], [a].[Posto], [a].[PrecoPorLitro], [a].[VeiculoId], [v].[Id], [v].[Ano], [v].[Cor], [v].[Estado], [v].[Marca], [v].[Matricula], [v].[Modelo]
FROM [Abastecimentos] AS [a]
INNER JOIN [Veiculos] AS [v] ON [a].[VeiculoId] = [v].[Id]
ORDER BY [a].[Data] DESC
2026-05-29 15:24:50.313 +01:00 [INF] Executing OkObjectResult, writing value of type 'System.Collections.Generic.List`1[[GestaoDeFrotas.Models.Abastecimento, GestoreDeFrotas, Version=1.0.0.0, Culture=neutral, PublicKeyToken=null]]'.
2026-05-29 15:24:50.316 +01:00 [INF] Executed action GestaoDeFrotas.Controllers.AbastecimentosController.GetAll (GestoreDeFrotas) in 20.1148ms
2026-05-29 15:24:50.326 +01:00 [INF] Executed endpoint 'GestaoDeFrotas.Controllers.AbastecimentosController.GetAll (GestoreDeFrotas)'
2026-05-29 15:24:50.327 +01:00 [INF] Request finished HTTP/2 GET https://localhost:7231/api/Abastecimentos - 200 null application/json; charset=utf-8 135.0287ms
2026-05-29 15:24:59.445 +01:00 [INF] Request starting HTTP/2 POST https://localhost:7231/api/vehicles - application/json 138
2026-05-29 15:24:59.517 +01:00 [INF] Executing endpoint 'GestaoDeFrotas.Controllers.VeiculosController.Create (GestoreDeFrotas)'
2026-05-29 15:24:59.520 +01:00 [INF] Route matched with {action = "Create", controller = "Veiculos"}. Executing controller action with signature System.Threading.Tasks.Task`1[Microsoft.AspNetCore.Mvc.IActionResult] Create(GestaoDeFrotas.Models.Veiculo) on controller GestaoDeFrotas.Controllers.VeiculosController (GestoreDeFrotas).
2026-05-29 15:24:59.567 +01:00 [INF] Executed DbCommand (20ms) [Parameters=[@p0='?' (DbType = Int32), @p1='?' (Size = 4000), @p2='?' (Size = 4000), @p3='?' (Size = 50), @p4='?' (Size = 4000), @p5='?' (Size = 4000)], CommandType='"Text"', CommandTimeout='30']
SET IMPLICIT_TRANSACTIONS OFF;
SET NOCOUNT ON;
INSERT INTO [Veiculos] ([Ano], [Cor], [Estado], [Marca], [Matricula], [Modelo])
OUTPUT INSERTED.[Id]
VALUES (@p0, @p1, @p2, @p3, @p4, @p5);
2026-05-29 15:24:59.573 +01:00 [INF] Executing OkObjectResult, writing value of type 'GestaoDeFrotas.Models.Veiculo'.
2026-05-29 15:24:59.578 +01:00 [INF] Executed action GestaoDeFrotas.Controllers.VeiculosController.Create (GestoreDeFrotas) in 36.3409ms
2026-05-29 15:24:59.580 +01:00 [INF] Executed endpoint 'GestaoDeFrotas.Controllers.VeiculosController.Create (GestoreDeFrotas)'
2026-05-29 15:24:59.585 +01:00 [INF] Executed DbCommand (3ms) [Parameters=[@p0='?' (DbType = DateTime2), @p1='?' (Size = 4000), @p2='?' (Size = 4000), @p3='?' (Size = 4000), @p4='?' (DbType = Int32), @p5='?' (Size = 4000)], CommandType='"Text"', CommandTimeout='30']
SET IMPLICIT_TRANSACTIONS OFF;
SET NOCOUNT ON;
INSERT INTO [LogsSistema] ([Data], [Descricao], [MetodoHttp], [Rota], [StatusCode], [Utilizador])
OUTPUT INSERTED.[Id]
VALUES (@p0, @p1, @p2, @p3, @p4, @p5);
2026-05-29 15:24:59.591 +01:00 [INF] Request finished HTTP/2 POST https://localhost:7231/api/vehicles - 200 null application/json; charset=utf-8 145.8861ms
2026-05-29 15:25:09.871 +01:00 [INF] Request starting HTTP/2 POST https://localhost:7231/api/vehicles - application/*+json 138
2026-05-29 15:25:09.874 +01:00 [INF] Executing endpoint 'GestaoDeFrotas.Controllers.VeiculosController.Create (GestoreDeFrotas)'
2026-05-29 15:25:09.875 +01:00 [INF] Route matched with {action = "Create", controller = "Veiculos"}. Executing controller action with signature System.Threading.Tasks.Task`1[Microsoft.AspNetCore.Mvc.IActionResult] Create(GestaoDeFrotas.Models.Veiculo) on controller GestaoDeFrotas.Controllers.VeiculosController (GestoreDeFrotas).
2026-05-29 15:25:09.886 +01:00 [INF] Executed DbCommand (5ms) [Parameters=[@p0='?' (DbType = Int32), @p1='?' (Size = 4000), @p2='?' (Size = 4000), @p3='?' (Size = 50), @p4='?' (Size = 4000), @p5='?' (Size = 4000)], CommandType='"Text"', CommandTimeout='30']
SET IMPLICIT_TRANSACTIONS OFF;
SET NOCOUNT ON;
INSERT INTO [Veiculos] ([Ano], [Cor], [Estado], [Marca], [Matricula], [Modelo])
OUTPUT INSERTED.[Id]
VALUES (@p0, @p1, @p2, @p3, @p4, @p5);
2026-05-29 15:25:09.983 +01:00 [INF] Executing OkObjectResult, writing value of type 'GestaoDeFrotas.Models.Veiculo'.
2026-05-29 15:25:10.009 +01:00 [INF] Executed action GestaoDeFrotas.Controllers.VeiculosController.Create (GestoreDeFrotas) in 131.0745ms
2026-05-29 15:25:10.018 +01:00 [INF] Executed endpoint 'GestaoDeFrotas.Controllers.VeiculosController.Create (GestoreDeFrotas)'
2026-05-29 15:25:10.022 +01:00 [INF] Executed DbCommand (1ms) [Parameters=[@p0='?' (DbType = DateTime2), @p1='?' (Size = 4000), @p2='?' (Size = 4000), @p3='?' (Size = 4000), @p4='?' (DbType = Int32), @p5='?' (Size = 4000)], CommandType='"Text"', CommandTimeout='30']
SET IMPLICIT_TRANSACTIONS OFF;
SET NOCOUNT ON;
INSERT INTO [LogsSistema] ([Data], [Descricao], [MetodoHttp], [Rota], [StatusCode], [Utilizador])
OUTPUT INSERTED.[Id]
VALUES (@p0, @p1, @p2, @p3, @p4, @p5);
2026-05-29 15:25:10.030 +01:00 [INF] Request finished HTTP/2 POST https://localhost:7231/api/vehicles - 200 null application/json; charset=utf-8 159.1279ms
2026-05-29 15:25:24.619 +01:00 [INF] Request starting HTTP/2 GET https://localhost:7231/api/Abastecimentos - null null
2026-05-29 15:25:24.624 +01:00 [INF] Executing endpoint 'GestaoDeFrotas.Controllers.AbastecimentosController.GetAll (GestoreDeFrotas)'
2026-05-29 15:25:24.629 +01:00 [INF] Route matched with {action = "GetAll", controller = "Abastecimentos"}. Executing controller action with signature System.Threading.Tasks.Task`1[Microsoft.AspNetCore.Mvc.IActionResult] GetAll() on controller GestaoDeFrotas.Controllers.AbastecimentosController (GestoreDeFrotas).
2026-05-29 15:25:24.653 +01:00 [INF] Executed DbCommand (19ms) [Parameters=[], CommandType='"Text"', CommandTimeout='30']
SELECT [a].[Id], [a].[Combustivel], [a].[ConsumoMedio], [a].[CustoTotal], [a].[Data], [a].[FaturaPath], [a].[KmAtual], [a].[KmPorLitro], [a].[Litros], [a].[Posto], [a].[PrecoPorLitro], [a].[VeiculoId], [v].[Id], [v].[Ano], [v].[Cor], [v].[Estado], [v].[Marca], [v].[Matricula], [v].[Modelo]
FROM [Abastecimentos] AS [a]
INNER JOIN [Veiculos] AS [v] ON [a].[VeiculoId] = [v].[Id]
ORDER BY [a].[Data] DESC
2026-05-29 15:25:24.656 +01:00 [INF] Executing OkObjectResult, writing value of type 'System.Collections.Generic.List`1[[GestaoDeFrotas.Models.Abastecimento, GestoreDeFrotas, Version=1.0.0.0, Culture=neutral, PublicKeyToken=null]]'.
2026-05-29 15:25:24.658 +01:00 [INF] Executed action GestaoDeFrotas.Controllers.AbastecimentosController.GetAll (GestoreDeFrotas) in 26.5239ms
2026-05-29 15:25:24.661 +01:00 [INF] Executed endpoint 'GestaoDeFrotas.Controllers.AbastecimentosController.GetAll (GestoreDeFrotas)'
2026-05-29 15:25:24.663 +01:00 [INF] Request finished HTTP/2 GET https://localhost:7231/api/Abastecimentos - 200 null application/json; charset=utf-8 43.3438ms
2026-05-29 15:25:41.990 +01:00 [INF] Request starting HTTP/2 GET https://localhost:7231/api/Abastecimentos/veiculo/35 - null null
2026-05-29 15:25:41.995 +01:00 [INF] Executing endpoint 'GestaoDeFrotas.Controllers.AbastecimentosController.GetByVeiculo (GestoreDeFrotas)'
2026-05-29 15:25:42.019 +01:00 [INF] Route matched with {action = "GetByVeiculo", controller = "Abastecimentos"}. Executing controller action with signature System.Threading.Tasks.Task`1[Microsoft.AspNetCore.Mvc.IActionResult] GetByVeiculo(Int32) on controller GestaoDeFrotas.Controllers.AbastecimentosController (GestoreDeFrotas).
2026-05-29 15:25:42.071 +01:00 [INF] Executed DbCommand (21ms) [Parameters=[@__veiculoId_0='?' (DbType = Int32)], CommandType='"Text"', CommandTimeout='30']
SELECT [a].[Id], [a].[Combustivel], [a].[ConsumoMedio], [a].[CustoTotal], [a].[Data], [a].[FaturaPath], [a].[KmAtual], [a].[KmPorLitro], [a].[Litros], [a].[Posto], [a].[PrecoPorLitro], [a].[VeiculoId]
FROM [Abastecimentos] AS [a]
WHERE [a].[VeiculoId] = @__veiculoId_0
ORDER BY [a].[Data] DESC
2026-05-29 15:25:42.074 +01:00 [INF] Executing OkObjectResult, writing value of type 'System.Collections.Generic.List`1[[GestaoDeFrotas.Models.Abastecimento, GestoreDeFrotas, Version=1.0.0.0, Culture=neutral, PublicKeyToken=null]]'.
2026-05-29 15:25:42.077 +01:00 [INF] Executed action GestaoDeFrotas.Controllers.AbastecimentosController.GetByVeiculo (GestoreDeFrotas) in 56.8189ms
2026-05-29 15:25:42.079 +01:00 [INF] Executed endpoint 'GestaoDeFrotas.Controllers.AbastecimentosController.GetByVeiculo (GestoreDeFrotas)'
2026-05-29 15:25:42.081 +01:00 [INF] Request finished HTTP/2 GET https://localhost:7231/api/Abastecimentos/veiculo/35 - 200 null application/json; charset=utf-8 90.9705ms
2026-05-29 15:25:51.629 +01:00 [INF] Request starting HTTP/2 GET https://localhost:7231/api/Abastecimentos/veiculo/37 - null null
2026-05-29 15:25:51.744 +01:00 [INF] Executing endpoint 'GestaoDeFrotas.Controllers.AbastecimentosController.GetByVeiculo (GestoreDeFrotas)'
2026-05-29 15:25:51.767 +01:00 [INF] Route matched with {action = "GetByVeiculo", controller = "Abastecimentos"}. Executing controller action with signature System.Threading.Tasks.Task`1[Microsoft.AspNetCore.Mvc.IActionResult] GetByVeiculo(Int32) on controller GestaoDeFrotas.Controllers.AbastecimentosController (GestoreDeFrotas).
2026-05-29 15:25:51.831 +01:00 [INF] Executed DbCommand (1ms) [Parameters=[@__veiculoId_0='?' (DbType = Int32)], CommandType='"Text"', CommandTimeout='30']
SELECT [a].[Id], [a].[Combustivel], [a].[ConsumoMedio], [a].[CustoTotal], [a].[Data], [a].[FaturaPath], [a].[KmAtual], [a].[KmPorLitro], [a].[Litros], [a].[Posto], [a].[PrecoPorLitro], [a].[VeiculoId]
FROM [Abastecimentos] AS [a]
WHERE [a].[VeiculoId] = @__veiculoId_0
ORDER BY [a].[Data] DESC
2026-05-29 15:25:51.839 +01:00 [INF] Executing OkObjectResult, writing value of type 'System.Collections.Generic.List`1[[GestaoDeFrotas.Models.Abastecimento, GestoreDeFrotas, Version=1.0.0.0, Culture=neutral, PublicKeyToken=null]]'.
2026-05-29 15:25:51.846 +01:00 [INF] Executed action GestaoDeFrotas.Controllers.AbastecimentosController.GetByVeiculo (GestoreDeFrotas) in 19.0526ms
2026-05-29 15:25:51.849 +01:00 [INF] Executed endpoint 'GestaoDeFrotas.Controllers.AbastecimentosController.GetByVeiculo (GestoreDeFrotas)'
2026-05-29 15:25:51.851 +01:00 [INF] Request finished HTTP/2 GET https://localhost:7231/api/Abastecimentos/veiculo/37 - 200 null application/json; charset=utf-8 222.2063ms
2026-05-29 15:26:05.328 +01:00 [INF] Request starting HTTP/2 GET https://localhost:7231/api/Abastecimentos/veiculo/37 - null null
2026-05-29 15:26:05.395 +01:00 [INF] Executing endpoint 'GestaoDeFrotas.Controllers.AbastecimentosController.GetByVeiculo (GestoreDeFrotas)'
2026-05-29 15:26:05.406 +01:00 [INF] Route matched with {action = "GetByVeiculo", controller = "Abastecimentos"}. Executing controller action with signature System.Threading.Tasks.Task`1[Microsoft.AspNetCore.Mvc.IActionResult] GetByVeiculo(Int32) on controller GestaoDeFrotas.Controllers.AbastecimentosController (GestoreDeFrotas).
2026-05-29 15:26:05.416 +01:00 [INF] Executed DbCommand (4ms) [Parameters=[@__veiculoId_0='?' (DbType = Int32)], CommandType='"Text"', CommandTimeout='30']
SELECT [a].[Id], [a].[Combustivel], [a].[ConsumoMedio], [a].[CustoTotal], [a].[Data], [a].[FaturaPath], [a].[KmAtual], [a].[KmPorLitro], [a].[Litros], [a].[Posto], [a].[PrecoPorLitro], [a].[VeiculoId]
FROM [Abastecimentos] AS [a]
WHERE [a].[VeiculoId] = @__veiculoId_0
ORDER BY [a].[Data] DESC
2026-05-29 15:26:05.422 +01:00 [INF] Executing OkObjectResult, writing value of type 'System.Collections.Generic.List`1[[GestaoDeFrotas.Models.Abastecimento, GestoreDeFrotas, Version=1.0.0.0, Culture=neutral, PublicKeyToken=null]]'.
2026-05-29 15:26:05.424 +01:00 [INF] Executed action GestaoDeFrotas.Controllers.AbastecimentosController.GetByVeiculo (GestoreDeFrotas) in 13.4667ms
2026-05-29 15:26:05.426 +01:00 [INF] Executed endpoint 'GestaoDeFrotas.Controllers.AbastecimentosController.GetByVeiculo (GestoreDeFrotas)'
2026-05-29 15:26:05.428 +01:00 [INF] Request finished HTTP/2 GET https://localhost:7231/api/Abastecimentos/veiculo/37 - 200 null application/json; charset=utf-8 101.115ms
2026-05-29 15:26:18.653 +01:00 [INF] Request starting HTTP/2 GET https://localhost:7231/api/Abastecimentos/veiculo/37 - null null
2026-05-29 15:26:18.658 +01:00 [INF] Executing endpoint 'GestaoDeFrotas.Controllers.AbastecimentosController.GetByVeiculo (GestoreDeFrotas)'
2026-05-29 15:26:18.661 +01:00 [INF] Route matched with {action = "GetByVeiculo", controller = "Abastecimentos"}. Executing controller action with signature System.Threading.Tasks.Task`1[Microsoft.AspNetCore.Mvc.IActionResult] GetByVeiculo(Int32) on controller GestaoDeFrotas.Controllers.AbastecimentosController (GestoreDeFrotas).
2026-05-29 15:26:18.666 +01:00 [INF] Executed DbCommand (1ms) [Parameters=[@__veiculoId_0='?' (DbType = Int32)], CommandType='"Text"', CommandTimeout='30']
SELECT [a].[Id], [a].[Combustivel], [a].[ConsumoMedio], [a].[CustoTotal], [a].[Data], [a].[FaturaPath], [a].[KmAtual], [a].[KmPorLitro], [a].[Litros], [a].[Posto], [a].[PrecoPorLitro], [a].[VeiculoId]
FROM [Abastecimentos] AS [a]
WHERE [a].[VeiculoId] = @__veiculoId_0
ORDER BY [a].[Data] DESC
2026-05-29 15:26:18.669 +01:00 [INF] Executing OkObjectResult, writing value of type 'System.Collections.Generic.List`1[[GestaoDeFrotas.Models.Abastecimento, GestoreDeFrotas, Version=1.0.0.0, Culture=neutral, PublicKeyToken=null]]'.
2026-05-29 15:26:18.671 +01:00 [INF] Executed action GestaoDeFrotas.Controllers.AbastecimentosController.GetByVeiculo (GestoreDeFrotas) in 7.2764ms
2026-05-29 15:26:18.678 +01:00 [INF] Executed endpoint 'GestaoDeFrotas.Controllers.AbastecimentosController.GetByVeiculo (GestoreDeFrotas)'
2026-05-29 15:26:18.680 +01:00 [INF] Request finished HTTP/2 GET https://localhost:7231/api/Abastecimentos/veiculo/37 - 200 null application/json; charset=utf-8 26.7568ms
2026-05-29 15:26:41.720 +01:00 [INF] Request starting HTTP/2 GET https://localhost:7231/api/vehicles?marca=Bmw - null null
2026-05-29 15:26:41.726 +01:00 [INF] Executing endpoint 'GestaoDeFrotas.Controllers.VeiculosController.GetAll (GestoreDeFrotas)'
2026-05-29 15:26:41.732 +01:00 [INF] Route matched with {action = "GetAll", controller = "Veiculos"}. Executing controller action with signature System.Threading.Tasks.Task`1[Microsoft.AspNetCore.Mvc.IActionResult] GetAll(System.String, System.String, System.String, System.String, System.String, System.Nullable`1[System.Int32], System.Nullable`1[System.Int32]) on controller GestaoDeFrotas.Controllers.VeiculosController (GestoreDeFrotas).
2026-05-29 15:26:41.800 +01:00 [INF] Executed DbCommand (31ms) [Parameters=[@__marca_0_contains='?' (Size = 50)], CommandType='"Text"', CommandTimeout='30']
SELECT [v].[Id], [v].[Ano], [v].[Cor], [v].[Estado], [v].[Marca], [v].[Matricula], [v].[Modelo]
FROM [Veiculos] AS [v]
WHERE [v].[Marca] LIKE @__marca_0_contains ESCAPE N'\'
2026-05-29 15:26:41.803 +01:00 [INF] Executing OkObjectResult, writing value of type 'System.Collections.Generic.List`1[[GestaoDeFrotas.Models.Veiculo, GestoreDeFrotas, Version=1.0.0.0, Culture=neutral, PublicKeyToken=null]]'.
2026-05-29 15:26:41.806 +01:00 [INF] Executed action GestaoDeFrotas.Controllers.VeiculosController.GetAll (GestoreDeFrotas) in 70.6441ms
2026-05-29 15:26:41.812 +01:00 [INF] Executed endpoint 'GestaoDeFrotas.Controllers.VeiculosController.GetAll (GestoreDeFrotas)'
2026-05-29 15:26:41.813 +01:00 [INF] Request finished HTTP/2 GET https://localhost:7231/api/vehicles?marca=Bmw - 200 null application/json; charset=utf-8 93.6733ms
2026-05-29 15:26:59.529 +01:00 [INF] Request starting HTTP/2 GET https://localhost:7231/api/Abastecimentos/veiculo/5 - null null
2026-05-29 15:26:59.534 +01:00 [INF] Executing endpoint 'GestaoDeFrotas.Controllers.AbastecimentosController.GetByVeiculo (GestoreDeFrotas)'
2026-05-29 15:26:59.537 +01:00 [INF] Route matched with {action = "GetByVeiculo", controller = "Abastecimentos"}. Executing controller action with signature System.Threading.Tasks.Task`1[Microsoft.AspNetCore.Mvc.IActionResult] GetByVeiculo(Int32) on controller GestaoDeFrotas.Controllers.AbastecimentosController (GestoreDeFrotas).
2026-05-29 15:26:59.547 +01:00 [INF] Executed DbCommand (1ms) [Parameters=[@__veiculoId_0='?' (DbType = Int32)], CommandType='"Text"', CommandTimeout='30']
SELECT [a].[Id], [a].[Combustivel], [a].[ConsumoMedio], [a].[CustoTotal], [a].[Data], [a].[FaturaPath], [a].[KmAtual], [a].[KmPorLitro], [a].[Litros], [a].[Posto], [a].[PrecoPorLitro], [a].[VeiculoId]
FROM [Abastecimentos] AS [a]
WHERE [a].[VeiculoId] = @__veiculoId_0
ORDER BY [a].[Data] DESC
2026-05-29 15:26:59.549 +01:00 [INF] Executing OkObjectResult, writing value of type 'System.Collections.Generic.List`1[[GestaoDeFrotas.Models.Abastecimento, GestoreDeFrotas, Version=1.0.0.0, Culture=neutral, PublicKeyToken=null]]'.
2026-05-29 15:26:59.551 +01:00 [INF] Executed action GestaoDeFrotas.Controllers.AbastecimentosController.GetByVeiculo (GestoreDeFrotas) in 7.5431ms
2026-05-29 15:26:59.553 +01:00 [INF] Executed endpoint 'GestaoDeFrotas.Controllers.AbastecimentosController.GetByVeiculo (GestoreDeFrotas)'
2026-05-29 15:26:59.556 +01:00 [INF] Request finished HTTP/2 GET https://localhost:7231/api/Abastecimentos/veiculo/5 - 200 null application/json; charset=utf-8 26.6602ms
2026-05-29 15:27:42.626 +01:00 [INF] Request starting HTTP/2 GET https://localhost:7231/api/auditoria/logs - null null
2026-05-29 15:27:42.634 +01:00 [INF] Executing endpoint 'GestaoDeFrotas.Controllers.AuditoriaController.GetLogs (GestoreDeFrotas)'
2026-05-29 15:27:42.640 +01:00 [INF] Route matched with {action = "GetLogs", controller = "Auditoria"}. Executing controller action with signature System.Threading.Tasks.Task`1[Microsoft.AspNetCore.Mvc.IActionResult] GetLogs() on controller GestaoDeFrotas.Controllers.AuditoriaController (GestoreDeFrotas).
2026-05-29 15:27:42.675 +01:00 [INF] Executed DbCommand (25ms) [Parameters=[@__p_0='?' (DbType = Int32)], CommandType='"Text"', CommandTimeout='30']
SELECT TOP(@__p_0) [l].[Id], [l].[Data], [l].[Descricao], [l].[MetodoHttp], [l].[Rota], [l].[StatusCode], [l].[Utilizador]
FROM [LogsSistema] AS [l]
ORDER BY [l].[Data] DESC
2026-05-29 15:27:42.678 +01:00 [INF] Executing OkObjectResult, writing value of type 'System.Collections.Generic.List`1[[GestaoDeFrotas.Models.LogSistema, GestoreDeFrotas, Version=1.0.0.0, Culture=neutral, PublicKeyToken=null]]'.
2026-05-29 15:27:42.682 +01:00 [INF] Executed action GestaoDeFrotas.Controllers.AuditoriaController.GetLogs (GestoreDeFrotas) in 40.0486ms
2026-05-29 15:27:42.684 +01:00 [INF] Executed endpoint 'GestaoDeFrotas.Controllers.AuditoriaController.GetLogs (GestoreDeFrotas)'
2026-05-29 15:27:42.685 +01:00 [INF] Request finished HTTP/2 GET https://localhost:7231/api/auditoria/logs - 200 null application/json; charset=utf-8 58.5415ms
2026-05-29 15:29:45.759 +01:00 [INF] Request starting HTTP/2 POST https://localhost:7231/api/Abastecimentos - application/json 430
2026-05-29 15:29:45.764 +01:00 [INF] Executing endpoint 'GestaoDeFrotas.Controllers.AbastecimentosController.Create (GestoreDeFrotas)'
2026-05-29 15:29:45.769 +01:00 [INF] Route matched with {action = "Create", controller = "Abastecimentos"}. Executing controller action with signature System.Threading.Tasks.Task`1[Microsoft.AspNetCore.Mvc.IActionResult] Create(GestaoDeFrotas.Models.Abastecimento) on controller GestaoDeFrotas.Controllers.AbastecimentosController (GestoreDeFrotas).
2026-05-29 15:29:45.804 +01:00 [INF] Executing BadRequestObjectResult, writing value of type 'Microsoft.AspNetCore.Mvc.ValidationProblemDetails'.
2026-05-29 15:29:45.829 +01:00 [INF] Executed action GestaoDeFrotas.Controllers.AbastecimentosController.Create (GestoreDeFrotas) in 57.7248ms
2026-05-29 15:29:45.833 +01:00 [INF] Executed endpoint 'GestaoDeFrotas.Controllers.AbastecimentosController.Create (GestoreDeFrotas)'
2026-05-29 15:29:45.841 +01:00 [INF] Executed DbCommand (3ms) [Parameters=[@p0='?' (DbType = DateTime2), @p1='?' (DbType = Boolean), @p2='?' (Size = 4000), @p3='?' (Size = 4000), @p4='?' (Size = 4000)], CommandType='"Text"', CommandTimeout='30']
SET IMPLICIT_TRANSACTIONS OFF;
SET NOCOUNT ON;
INSERT INTO [Notificacoes] ([DataCriacao], [Lida], [Mensagem], [Tipo], [Titulo])
OUTPUT INSERTED.[Id]
VALUES (@p0, @p1, @p2, @p3, @p4);
2026-05-29 15:29:45.849 +01:00 [INF] Executed DbCommand (4ms) [Parameters=[@p0='?' (DbType = DateTime2), @p1='?' (Size = 4000), @p2='?' (Size = 4000), @p3='?' (Size = 4000), @p4='?' (DbType = Int32), @p5='?' (Size = 4000)], CommandType='"Text"', CommandTimeout='30']
SET IMPLICIT_TRANSACTIONS OFF;
SET NOCOUNT ON;
INSERT INTO [LogsSistema] ([Data], [Descricao], [MetodoHttp], [Rota], [StatusCode], [Utilizador])
OUTPUT INSERTED.[Id]
VALUES (@p0, @p1, @p2, @p3, @p4, @p5);
2026-05-29 15:29:45.852 +01:00 [INF] Request finished HTTP/2 POST https://localhost:7231/api/Abastecimentos - 400 null application/problem+json; charset=utf-8 93.26ms
2026-05-29 15:30:17.319 +01:00 [INF] Request starting HTTP/2 GET https://localhost:7231/api/auditoria/notificacoes - null null
2026-05-29 15:30:17.333 +01:00 [INF] Executing endpoint 'GestaoDeFrotas.Controllers.AuditoriaController.GetNotificacoes (GestoreDeFrotas)'
2026-05-29 15:30:17.353 +01:00 [INF] Route matched with {action = "GetNotificacoes", controller = "Auditoria"}. Executing controller action with signature System.Threading.Tasks.Task`1[Microsoft.AspNetCore.Mvc.IActionResult] GetNotificacoes() on controller GestaoDeFrotas.Controllers.AuditoriaController (GestoreDeFrotas).
2026-05-29 15:30:17.411 +01:00 [INF] Executed DbCommand (36ms) [Parameters=[], CommandType='"Text"', CommandTimeout='30']
SELECT [n].[Id], [n].[DataCriacao], [n].[Lida], [n].[Mensagem], [n].[Tipo], [n].[Titulo]
FROM [Notificacoes] AS [n]
WHERE [n].[Lida] = CAST(0 AS bit)
ORDER BY [n].[DataCriacao] DESC
2026-05-29 15:30:17.415 +01:00 [INF] Executing OkObjectResult, writing value of type 'System.Collections.Generic.List`1[[GestaoDeFrotas.Models.Notificacao, GestoreDeFrotas, Version=1.0.0.0, Culture=neutral, PublicKeyToken=null]]'.
2026-05-29 15:30:17.418 +01:00 [INF] Executed action GestaoDeFrotas.Controllers.AuditoriaController.GetNotificacoes (GestoreDeFrotas) in 62.8046ms
2026-05-29 15:30:17.427 +01:00 [INF] Executed endpoint 'GestaoDeFrotas.Controllers.AuditoriaController.GetNotificacoes (GestoreDeFrotas)'
2026-05-29 15:30:17.429 +01:00 [INF] Request finished HTTP/2 GET https://localhost:7231/api/auditoria/notificacoes - 200 null application/json; charset=utf-8 110.547ms
2026-05-29 15:42:50.727 +01:00 [INF] Request starting HTTP/2 GET https://localhost:7231/api/vehicles?marca=Bmw - null null
2026-05-29 15:42:50.732 +01:00 [INF] Executing endpoint 'GestaoDeFrotas.Controllers.VeiculosController.GetAll (GestoreDeFrotas)'
2026-05-29 15:42:50.736 +01:00 [INF] Route matched with {action = "GetAll", controller = "Veiculos"}. Executing controller action with signature System.Threading.Tasks.Task`1[Microsoft.AspNetCore.Mvc.IActionResult] GetAll(System.String, System.String, System.String, System.String, System.String, System.Nullable`1[System.Int32], System.Nullable`1[System.Int32]) on controller GestaoDeFrotas.Controllers.VeiculosController (GestoreDeFrotas).
2026-05-29 15:42:50.795 +01:00 [INF] Executed DbCommand (9ms) [Parameters=[@__marca_0_contains='?' (Size = 50)], CommandType='"Text"', CommandTimeout='30']
SELECT [v].[Id], [v].[Ano], [v].[Cor], [v].[Estado], [v].[Marca], [v].[Matricula], [v].[Modelo]
FROM [Veiculos] AS [v]
WHERE [v].[Marca] LIKE @__marca_0_contains ESCAPE N'\'
2026-05-29 15:42:50.800 +01:00 [INF] Executing OkObjectResult, writing value of type 'System.Collections.Generic.List`1[[GestaoDeFrotas.Models.Veiculo, GestoreDeFrotas, Version=1.0.0.0, Culture=neutral, PublicKeyToken=null]]'.
2026-05-29 15:42:50.803 +01:00 [INF] Executed action GestaoDeFrotas.Controllers.VeiculosController.GetAll (GestoreDeFrotas) in 61.862ms
2026-05-29 15:42:50.805 +01:00 [INF] Executed endpoint 'GestaoDeFrotas.Controllers.VeiculosController.GetAll (GestoreDeFrotas)'
2026-05-29 15:42:50.811 +01:00 [INF] Request finished HTTP/2 GET https://localhost:7231/api/vehicles?marca=Bmw - 200 null application/json; charset=utf-8 84.7785ms
2026-05-29 15:43:13.677 +01:00 [INF] Request starting HTTP/2 GET https://localhost:7231/api/vehicles?marca=Mercedes&anoMin=2022&anoMax=2022 - null null
2026-05-29 15:43:13.687 +01:00 [INF] Executing endpoint 'GestaoDeFrotas.Controllers.VeiculosController.GetAll (GestoreDeFrotas)'
2026-05-29 15:43:13.688 +01:00 [INF] Route matched with {action = "GetAll", controller = "Veiculos"}. Executing controller action with signature System.Threading.Tasks.Task`1[Microsoft.AspNetCore.Mvc.IActionResult] GetAll(System.String, System.String, System.String, System.String, System.String, System.Nullable`1[System.Int32], System.Nullable`1[System.Int32]) on controller GestaoDeFrotas.Controllers.VeiculosController (GestoreDeFrotas).
2026-05-29 15:43:13.742 +01:00 [INF] Executed DbCommand (9ms) [Parameters=[@__marca_0_contains='?' (Size = 50), @__anoMin_Value_1='?' (DbType = Int32), @__anoMax_Value_2='?' (DbType = Int32)], CommandType='"Text"', CommandTimeout='30']
SELECT [v].[Id], [v].[Ano], [v].[Cor], [v].[Estado], [v].[Marca], [v].[Matricula], [v].[Modelo]
FROM [Veiculos] AS [v]
WHERE [v].[Marca] LIKE @__marca_0_contains ESCAPE N'\' AND [v].[Ano] >= @__anoMin_Value_1 AND [v].[Ano] <= @__anoMax_Value_2
2026-05-29 15:43:13.747 +01:00 [INF] Executing OkObjectResult, writing value of type 'System.Collections.Generic.List`1[[GestaoDeFrotas.Models.Veiculo, GestoreDeFrotas, Version=1.0.0.0, Culture=neutral, PublicKeyToken=null]]'.
2026-05-29 15:43:13.752 +01:00 [INF] Executed action GestaoDeFrotas.Controllers.VeiculosController.GetAll (GestoreDeFrotas) in 57.1026ms
2026-05-29 15:43:13.800 +01:00 [INF] Executed endpoint 'GestaoDeFrotas.Controllers.VeiculosController.GetAll (GestoreDeFrotas)'
2026-05-29 15:43:13.803 +01:00 [INF] Request finished HTTP/2 GET https://localhost:7231/api/vehicles?marca=Mercedes&anoMin=2022&anoMax=2022 - 200 null application/json; charset=utf-8 126.4186ms
